,West onshore wind,Houston solar,South solar,North onshore wind
0,0.27361939304952415,0.0,0.0,0.35879036571291456
1,0.3652258347530381,0.0,0.0,0.5703951896476889
2,0.6103041166223832,0.0,0.0,0.48023018462817924
3,0.4316917338908654,0.3402741599031822,0.3599987557798283,0.28698473799687474
4,0.5334012566093932,0.4192694048415721,0.42128792480048777,0.28762605056941054
5,0.4445956388178586,0.3667063501325745,0.35601461530937334,0.40907991350942025
6,0.48407104059767003,5.582219848452254e-17,5.734618924103228e-17,0.23515273259354588
7,0.08390157397568576,0.0,0.0,0.1637254561116157
8,0.34264452552628755,0.0,0.0,0.42632752877078284
9,0.5250170733917783,0.0,0.0,0.4263971065087937
10,0.35834315223736996,0.0,0.0,0.46057656764021654
11,0.6005508475636682,0.33416561049827886,0.34551697514079754,0.4506070492584973
12,0.5639057498890795,0.4930735609266873,0.46191516103077135,0.4089856633450638
13,0.34739045946396063,0.33280067122815843,0.34926527978183824,0.3280846763090408
14,0.3227739757364748,5.4529525911829376e-17,5.439530239217947e-17,0.4247038242499048
15,0.26294294684126,0.0,0.0,0.5172918799172219
16,0.31052330320398663,0.0,0.0,0.323359825646021
17,0.2714370234090713,0.0,0.0,0.29262190880513295
18,0.4587902513048598,0.0,0.0,0.3023971913204353
19,0.2790912804913195,0.3425215696450029,0.32578219576081197,0.33802290649259104
20,0.4762824348805814,0.5129478647410399,0.4910410019124038,0.4361689857091666
21,0.4575037995159877,0.3694113060959463,0.3211966319078692,0.18073317347060677
22,0.20736228587197414,5.705038822891301e-17,6.259478261967846e-17,0.41739976883359897
23,0.5196777904587967,0.0,0.0,0.42908723085557837
24,0.42522281021252,0.0,0.0,0.1940540447767098
25,0.4700448863510811,0.0,0.0,0.2971570405788343
26,0.34042176748791336,0.0,0.0,0.424256385626732
27,0.4873129960539061,0.35144504439793,0.3348961174992885,0.41072811117615443
28,0.5289276326143972,0.4528948546756341,0.5166455374676093,0.46825203446904967
29,0.3852142443061265,0.358150154911192,0.3153022863030567,0.3809614020549576
30,0.5740541266958339,5.55820968722212e-17,5.771202671973674e-17,0.5003388334484944
31,0.36948154769788794,0.0,0.0,0.332958144302226
32,0.4883062584766262,0.0,0.0,0.2759243797594033
33,0.42474176259284063,0.0,0.0,0.2890966952407995
34,0.4752062385882583,0.0,0.0,0.49020093623074046
35,0.25830765510349796,0.3319846508722321,0.34260952415978235,0.4284029960626668
36,0.45375945912410787,0.48547998188011426,0.47995400097259416,0.480025675375091
37,0.32194337174124854,0.32799678631290163,0.3324377043256949,0.4567531317898936
38,0.2895878478536099,5.572795243693358e-17,5.914210180075649e-17,0.17224269315499463
39,0.5398512003135729,0.0,0.0,0.25143262176463077
40,0.35320298617153306,0.0,0.0,0.27251750692738586
41,0.2954630313158147,0.0,0.0,0.3141867955641881
42,0.3810932550380733,0.0,0.0,0.37497088519130817
43,0.295748191521173,0.32446077402642287,0.37348544325965327,0.525708173875083
44,0.5603948646685878,0.4733923576699647,0.46171131185888525,0.5368546530873507
45,0.3262251399967128,0.36386300522374765,0.3397952246906367,0.36650413139306465
46,0.4275100043721349,6.0661920499148e-17,6.182501200375541e-17,0.34945192484529347
47,0.5014038858343969,0.0,0.0,0.29524984200763565
48,0.324903505884955,0.0,0.0,0.38383754373028234
49,0.44933422066930295,0.0,0.0,0.416384065715418
50,0.31433657538717774,0.0,0.0,0.49799273637784724
51,0.6707089343533927,0.3141720167126914,0.32460803137151345,0.5059758500402797
52,0.510983194339283,0.41499660542161754,0.4671587418181957,0.1871333757707156
53,0.3768713335659437,0.3099471056655689,0.31487628948113644,0.3808774826783125
54,0.29763540091753155,4.8361923789667227e-17,6.04849049565978e-17,0.5133287770954383
55,0.35473232215806166,0.0,0.0,0.32232048471153263
56,0.34124549489941036,0.0,0.0,0.4891680489708911
57,0.5917515259701094,0.0,0.0,0.3658118905690398
58,0.29511680178426486,0.0,0.0,0.43516262074995143
59,0.43993721289917903,0.33690560123932894,0.33076606915007867,0.3127680013302438
60,0.41583646734238405,0.48664196286677797,0.5050796239193195,0.3077454182491036
61,0.3847160405356717,0.3539299471641313,0.34089253849244544,0.4690062277964601
62,0.36438220164072804,5.696399622814743e-17,5.817917544213397e-17,0.4634256951546287
63,0.3548499895581103,0.0,0.0,0.36909996119020794
64,0.462861800663271,0.0,0.0,0.25280276976622185
65,0.45766684211490094,0.0,0.0,0.4011488531263789
66,0.45987276203853245,0.0,0.0,0.5437050969686816
67,0.12336946125113052,0.37045496941035594,0.33760431693169884,0.6010550444708335
68,0.4479610883175702,0.4621191621607973,0.4751791349584207,0.3863108076686624
69,0.23120446144864915,0.31904972345700355,0.35093141496647595,0.23078161243987838
70,0.44018721034364355,5.906942856949479e-17,6.10513685861882e-17,0.45959155398553886
71,0.5142181342227088,0.0,0.0,0.3391720878201573
72,0.28322875118119084,0.0,0.0,0.47015672659614993
73,0.3708877936413717,0.0,0.0,0.4251730883774043
74,0.3583434988059391,0.0,0.0,0.3299346587350538
75,0.5506090434513224,0.36604999986372766,0.30786165465510446,0.4328903019415804
76,0.4277818578384461,0.4633671306762899,0.4586499300031009,0.5491129060166715
77,0.5698988039322757,0.32107403164210313,0.3250412805234182,0.38215046697891797
78,0.41722808273478473,6.131102947071143e-17,5.4447538550931236e-17,0.2723721460955082
79,0.3913108839392243,0.0,0.0,0.2082014490159767
80,0.382956862478491,0.0,0.0,0.2989197155317421
81,0.4791485975795374,0.0,0.0,0.35633576147670554
82,0.2447939712648658,0.0,0.0,0.5005625046811261
83,0.4358837832058547,0.35523010737460614,0.3340536913470453,0.31526446087264154
84,0.4115579467166037,0.4557881632282458,0.4112939636680989,0.5739377796623637
85,0.46989127036958034,0.3447765374140336,0.33207148745581017,0.2636341665696846
86,0.3573660236308036,5.66329604998812e-17,5.816749165114847e-17,0.609284793473891
87,0.26347594423753673,0.0,0.0,0.5399012433292509
88,0.37714074284289334,0.0,0.0,0.3905223002897227
89,0.2893348258996855,0.0,0.0,0.23284952530956063
90,0.22630586096336772,0.0,0.0,0.41328967602387406
91,0.5003311269350691,0.3377900406648052,0.32156637349482026,0.38893478298786927
92,0.47673823949158334,0.44864192631588823,0.4910355558278162,0.2914033599170239
93,0.4443279731858773,0.3513735424478584,0.36893746375118147,0.4267198415112641
94,0.5066985175455045,5.967692616698427e-17,5.819976207448919e-17,0.29404136236535905
95,0.30111568975612735,0.0,0.0,0.2961282940815617
96,0.23354964170503004,0.0,0.0,0.35629319252492
97,0.3908712817369475,0.0,0.0,0.3403833765471816
98,0.3843374328827573,0.0,0.0,0.6269031245643513
99,0.3436446877407451,0.3113293769858345,0.38160882471283397,0.37430279611779693
100,0.41110254750456876,0.46612551983083944,0.45761003695786,0.4631755639927959
101,0.3367137447972935,0.3416563203660883,0.3398140921255098,0.41242650863878816
102,0.1930605276464724,5.827774409386594e-17,6.262097419159985e-17,0.41193607850804276
103,0.32375659033837595,0.0,0.0,0.4107830997788452
104,0.26326473376672527,0.0,0.0,0.46503839909772327
105,0.4212802610337997,0.0,0.0,0.4247600614345716
106,0.3537251814842383,0.0,0.0,0.4418182367969358
107,0.5392786012868126,0.35883994581894163,0.3845592441119353,0.4339631607195214
108,0.5797152640350904,0.4959420549722407,0.49189254282161315,0.4054868720743064
109,0.46605359117389805,0.33580184307727,0.3298168450420893,0.30693566570663966
110,0.221799632238779,5.445522416017667e-17,5.5255345775103174e-17,0.3708154126950909
111,0.5186350537606114,0.0,0.0,0.39224219139926075
112,0.5347012322820439,0.0,0.0,0.4173456429019469
113,0.4002214418110579,0.0,0.0,0.41637086797928746
114,0.5518482101494134,0.0,0.0,0.3962600927710069
115,0.373174876875596,0.28901981963248463,0.3416453498872053,0.422634400360674
116,0.23293100063090127,0.4707207723441852,0.48871708206715303,0.36419094566078103
117,0.32231394681810444,0.33158802546128663,0.3212947582394107,0.4296647897809202
118,0.5500592738491431,5.753863460869733e-17,5.647697073124663e-17,0.35501636445325524
119,0.2192343983191165,0.0,0.0,0.38639848450001085
120,0.37729392735170053,0.0,0.0,0.47742210349680636
121,0.4019693919281687,0.0,0.0,0.32761911162990554
122,0.3684707816329627,0.0,0.0,0.4794377441207923
123,0.38420284261043597,0.3065422036560342,0.3608299133415479,0.43187602058268476
124,0.42699311945336416,0.4682839644305617,0.4816489725616018,0.6218875659878194
125,0.3423387684006748,0.3756832072835914,0.3349709899594052,0.37692496974779655
126,0.23513594944175797,5.943524394526952e-17,5.890929034538169e-17,0.4468582574736577
127,0.39005819688849314,0.0,0.0,0.37009034776974525
128,0.48487668142176055,0.0,0.0,0.23870957234591395
129,0.4857104784782018,0.0,0.0,0.34668431706094527
130,0.33899288330947497,0.0,0.0,0.5080135405912956
131,0.30363043507509213,0.3332954911333681,0.35500932777244093,0.3854837805520324
132,0.3915476418329783,0.4761605643187975,0.5064154463606085,0.19794079856449473
133,0.5555323775924261,0.3589501879864619,0.31476217267509266,0.39561292492040934
134,0.4420998310732179,5.856280374117518e-17,6.290107601381893e-17,0.2683063933821623
135,0.43914969429228307,0.0,0.0,0.3819349998725316
136,0.46670949574129883,0.0,0.0,0.5328385087025512
137,0.4410136602502044,0.0,0.0,0.4758827350786361
138,0.43221106219530003,0.0,0.0,0.5738157903079399
139,0.49516769366314256,0.32372297494838953,0.35392887223817665,0.37278580185389665
140,0.36553359701214017,0.49069770395295287,0.46873891875597046,0.40583357407038895
141,0.25749070286171366,0.3590737003937024,0.3128996056915744,0.2944933843175678
142,0.45002349402518166,5.991886416116015e-17,5.558740196431299e-17,0.30931945605873984
143,0.49271081457326826,0.0,0.0,0.2762485207697277
144,0.26606988292220046,0.0,0.0,0.24722077993660788
145,0.48129842853499005,0.0,0.0,0.5356919428265341
146,0.5883960550678154,0.0,0.0,0.21112345422635417
147,0.4288816601176879,0.297390392757692,0.36085995264866483,0.5661201707738557
148,0.3385192652548218,0.48109227767355345,0.48141977179195156,0.5449253762210196
149,0.4114081476460756,0.32062938381491424,0.34266631493808203,0.44908554784129984
150,0.32283968003773345,6.199817365011785e-17,5.5094310157973217e-17,0.26644235004839667
151,0.3074332692977598,0.0,0.0,0.21088876914907925
152,0.42136620862936086,0.0,0.0,0.32320743377585015
153,0.23888805783481346,0.0,0.0,0.46177305097179544
154,0.27608131652417667,0.0,0.0,0.4207805725174668
155,0.43119009337519726,0.3494389121500469,0.3285462449412554,0.32491105582832724
156,0.4182433548821563,0.49249510728864293,0.47612992481440725,0.5352946872390484
157,0.4336164630417966,0.3250385305790607,0.34434560467744196,0.5676993381559567
158,0.5655703407505455,5.640936496718959e-17,5.593466332060292e-17,0.35538788550074685
159,0.37971240894538516,0.0,0.0,0.3801946956975376
160,0.4380051448810679,0.0,0.0,0.2273030614846388
161,0.30184783972172163,0.0,0.0,0.3579624616722813
162,0.4974081030704349,0.0,0.0,0.4716583345188806
163,0.37676204677211705,0.3310615258928318,0.313698168055127,0.4648867873089626
164,0.42775641997689057,0.523002299055962,0.5068304295223642,0.36984755179781054
165,0.38851627077626866,0.3467901508471058,0.35055165711054787,0.3719767824355401
166,0.4814853533389915,5.925970599261784e-17,5.709809522268132e-17,0.3334668561931332
167,0.23840347784568486,0.0,0.0,0.3415546619113463
168,0.14998955570951072,0.0,0.0,0.42063689942282734
169,0.3781833528978186,0.0,0.0,0.20277291406969883
170,0.4675929517327199,0.0,0.0,0.4133048745614153
171,0.4447535601873611,0.3544565525104785,0.3389170609919395,0.46452417616918
172,0.5439602497835987,0.501693148493177,0.5085982603204153,0.3636913574780998
173,0.44326389002457794,0.32515366252730565,0.32933637039562064,0.35159331821012296
174,0.3219285859850287,6.179962917073289e-17,6.094362632954855e-17,0.3332739750894697
175,0.13698460719264302,0.0,0.0,0.32162162525289506
176,0.35469300926776876,0.0,0.0,0.3790126104723279
177,0.5024333363486668,0.0,0.0,0.41253771192426536
178,0.3816458612917719,0.0,0.0,0.21079920793510343
179,0.43246946249066337,0.3320781329846767,0.31416082649158555,0.49492547327011577
180,0.46298666498915425,0.5068485751631212,0.47703984937906496,0.3918507511237875
181,0.2981081986979054,0.3315230096480769,0.34223294694514983,0.5929337536697403
182,0.4407478223511723,5.883284379284971e-17,6.269697070501896e-17,0.2592593787974197
183,0.5333496151230576,0.0,0.0,0.28290598524745386
184,0.361239002370639,0.0,0.0,0.3582294397016535
185,0.2868270988123458,0.0,0.0,0.44105608596417956
186,0.41428664172897506,0.0,0.0,0.22587001169402224
187,0.20729513013468914,0.33385595087147807,0.32003411850132213,0.34682353578396535
188,0.45463707082883403,0.47379645480031507,0.4858418142473135,0.48007876048855674
189,0.4449609787604339,0.3414245152902174,0.35116175982852804,0.30492114635232176
190,0.5460839669445359,5.979291591060921e-17,6.335943720742701e-17,0.5155229751976024
191,0.35033406173891346,0.0,0.0,0.32434518111066873
192,0.419450239125781,0.0,0.0,0.2886643851769443
193,0.3136860985081402,0.0,0.0,0.4608393345256823
194,0.3853854001298189,0.0,0.0,0.5817898508647714
195,0.27729636508051053,0.3446596308342423,0.3488991277765312,0.47145453462111997
196,0.4015491500540032,0.5072456039920813,0.5110878230037494,0.5470710521046527
197,0.3692839933948739,0.34156927717525004,0.3390862737031045,0.5674784428104267
198,0.4085216819200235,5.401446173383582e-17,5.891246210167244e-17,0.2864158373183761
199,0.3074552207134665,0.0,0.0,0.46365404215268907
200,0.3870028469272421,0.0,0.0,0.22632126089937812
201,0.36654350970456273,0.0,0.0,0.44237176844396775
202,0.38794477987097425,0.0,0.0,0.41396292964944376
203,0.4379177478616323,0.34286478098836026,0.3093370263965266,0.5541765355695355
204,0.4251470129326267,0.4963157664240822,0.48413127531072986,0.5383198699994098
205,0.47599891917049314,0.3308435371903265,0.3712175365967476,0.4568598503187695
206,0.3666040084167494,5.948027318208485e-17,6.099678935239213e-17,0.4085111017780147
207,0.334892980353029,0.0,0.0,0.4207183829375244
208,0.36063939287010477,0.0,0.0,0.38489722451648195
209,0.3284669291303245,0.0,0.0,0.3938137667036334
210,0.385155434893353,0.0,0.0,0.5654043614752644
211,0.6330492121217469,0.35448399900714495,0.30404562728321305,0.5862223227822414
212,0.3298786681804335,0.4669336980585893,0.48950410451596055,0.4069806244797995
213,0.37206770742649287,0.3272934516585184,0.36526286423910315,0.42369698111549825
214,0.3399712710518583,6.461198397816536e-17,6.038584842426592e-17,0.3868856598561048
215,0.3452161795899838,0.0,0.0,0.20876349662070426
216,0.3456332357135493,0.0,0.0,0.34511360884018816
217,0.4278943801590852,0.0,0.0,0.5599407901417955
218,0.2501660633334022,0.0,0.0,0.34620598596940055
219,0.5336875172901857,0.34894784828154224,0.32933552258391563,0.6414247162671154
220,0.48444185343680135,0.449434518250535,0.5347275009678034,0.5383962044315198
221,0.27568321143067176,0.363281090380223,0.35242968912435585,0.4401201850916061
222,0.15184943930614866,6.19258693375831e-17,5.666608947070815e-17,0.43484149519903087
223,0.27226315542284507,0.0,0.0,0.2782497004034826
224,0.35451274238214714,0.0,0.0,0.35225651330238916
225,0.6580217818295333,0.0,0.0,0.5441325029926317
226,0.47553149189347954,0.0,0.0,0.35975286147869884
227,0.24923362704231003,0.37081785375980475,0.2966094530021123,0.5361057676553358
228,0.3522402449059578,0.5133117247256865,0.5211295606402364,0.2835017764523463
229,0.3946713483331575,0.32954897397725025,0.352399081009048,0.2801767507129547
230,0.40414774395466907,6.146826650267323e-17,5.993522151789457e-17,0.568917855083491
231,0.23851770592941346,0.0,0.0,0.3688088773364233
232,0.3652877737666974,0.0,0.0,0.3249368078649695
233,0.3282360862389459,0.0,0.0,0.5362740826998962
234,0.3108373471753647,0.0,0.0,0.5457953589319468
235,0.45595956466989535,0.34257212902486767,0.3150489635407011,0.5220754565257237
236,0.4986009207798786,0.49390461193938157,0.4917608564475234,0.36422341149438575
237,0.4841041276961619,0.3371531174297232,0.3446535078678813,0.3713082424062324
238,0.43622543167779115,6.06334727208594e-17,5.5157793560000246e-17,0.40994967893687656
239,0.3202630466859737,0.0,0.0,0.4394399342147237
240,0.45023436467121,0.0,0.0,0.32793103112300565
241,0.4308980357708846,0.0,0.0,0.41706630302252545
242,0.4345999836912535,0.0,0.0,0.4479449254757928
243,0.36882327979027596,0.3535036577687898,0.3711055184050557,0.5586695675979811
244,0.37151818266189934,0.49327867890804417,0.5105687279586419,0.4966523782895641
245,0.4073812855729112,0.32879030701806017,0.33287626501038364,0.2493124274769267
246,0.6227668352234095,6.181532235817542e-17,6.091187994641277e-17,0.3574163576763208
247,0.4001168399695948,0.0,0.0,0.2771142549621141
248,0.3176383163763602,0.0,0.0,0.4355659086625562
249,0.3167314255400409,0.0,0.0,0.49228570508748964
250,0.37200691220696136,0.0,0.0,0.43133917203360606
251,0.6476997147918918,0.316594510310041,0.34656820657745696,0.40315766697420025
252,0.3812579088779854,0.5073275589606777,0.4503241768696084,0.4281005527761799
253,0.4906574234980137,0.3361426597008229,0.3465308735567668,0.42086229738476066
254,0.34116434205425317,6.12340828990762e-17,5.628879862919944e-17,0.31474720142969814
255,0.39608882416494806,0.0,0.0,0.24809925996004864
256,0.4578946647796996,0.0,0.0,0.17370623312329203
257,0.34274305583343134,0.0,0.0,0.5266515539883122
258,0.35703537883474323,0.0,0.0,0.47078316861351677
259,0.5958203102599569,0.3464205055950762,0.3430149890808445,0.46618444194884107
260,0.5196058337395999,0.47597052883950847,0.4905022158074355,0.5476664330453151
261,0.4790005726834966,0.340241051872793,0.3333075444056855,0.2743865398451821
262,0.45744776669111875,5.907269011536895e-17,5.587801808856692e-17,0.2051570497933255
263,0.4158908896455303,0.0,0.0,0.40835653246633274
264,0.5804458931472394,0.0,0.0,0.4079954493740759
265,0.40427234545304497,0.0,0.0,0.22675083429805393
266,0.47882095542101766,0.0,0.0,0.4570468249149729
267,0.284790222405928,0.37410533470774776,0.3529866967095944,0.38985922002537243
268,0.33859865004180156,0.5122895450975378,0.4624541745643751,0.3403859127271675
269,0.27979961528182523,0.3566768483545942,0.31828452573251276,0.366539144437088
270,0.5060746701813478,6.114866855607706e-17,5.839451985508715e-17,0.13451545473788584
271,0.11462750006325434,0.0,0.0,0.3107440929261355
272,0.3383707030358617,0.0,0.0,0.3081722483627135
273,0.10044424848066807,0.0,0.0,0.4555251534403444
274,0.33789932263413774,0.0,0.0,0.40520509853123815
275,0.3807200137735437,0.3418418006387982,0.31598485626655587,0.4937017961146185
276,0.5595152215617312,0.514345819494793,0.473709726745243,0.16607417770865868
277,0.4394777026688761,0.3496971442124387,0.38111577188204276,0.31590508648962556
278,0.29528755297823733,5.996878329305917e-17,6.015427156865909e-17,0.43420141046827837
279,0.476411280719913,0.0,0.0,0.3389284456894149
280,0.38030356301295537,0.0,0.0,0.4630663908574163
281,0.40349022686630126,0.0,0.0,0.21927325005665366
282,0.30067959365397323,0.0,0.0,0.49405782840011986
283,0.3307321696052621,0.3549923001180776,0.35218379605747907,0.365819619217072
284,0.33843701443662,0.5081089011803147,0.4770852957953319,0.347327035992905
285,0.404379668310995,0.3710088178208233,0.33108210732102183,0.4988382456883212
286,0.3863089102580471,5.996104538959247e-17,6.007090641500773e-17,0.4947104505556302
287,0.5241428073479805,0.0,0.0,0.47320351060430416
288,0.41692974948107403,0.0,0.0,0.5822884251921172
289,0.12888086675567617,0.0,0.0,0.5263177969672204
290,0.44711483834565247,0.0,0.0,0.3413069811852535
291,0.2846358005061337,0.3181698584058303,0.3692782865195554,0.443801248936452
292,0.32425354709732973,0.5084793302930646,0.48432943902851566,0.3848308487099899
293,0.318420488950254,0.3212240903058948,0.35829305084445845,0.6025464221177936
294,0.3120904003360604,5.82703558393577e-17,6.203234741327129e-17,0.48891122815716154
295,0.2321224969188567,0.0,0.0,0.35074942245154145
296,0.39866161951624346,0.0,0.0,0.4661043989463149
297,0.25844639409751513,0.0,0.0,0.2763067759753006
298,0.4564065867671922,0.0,0.0,0.4457659998067548
299,0.6532237303127741,0.33502741697125427,0.3204147364654099,0.3357343733463027
300,0.2878039201488011,0.4818309403150181,0.48878055844234347,0.2518806059794668
301,0.3710755921726889,0.35497431994976797,0.3055831040139725,0.47798024635959446
302,0.12596768291976768,5.914909033771307e-17,5.661682301587117e-17,0.46917252868976983
303,0.33943309330959776,0.0,0.0,0.41524788622780967
304,0.4424596451107368,0.0,0.0,0.3598912257909383
305,0.47146505641891157,0.0,0.0,0.2727652677985439
306,0.4283507097471909,0.0,0.0,0.3044796496470565
307,0.5183274757590824,0.36498834227552396,0.3638730702919665,0.3324731353093051
308,0.6752197903130603,0.5285220995926774,0.5185227714235292,0.39724700754628883
309,0.5706316020269447,0.33658469756322745,0.348249843845677,0.5070190066436764
310,0.32593583690662475,5.971269192350453e-17,5.659358609348511e-17,0.4842283509554537
311,0.22429073463651095,0.0,0.0,0.2045443733218971
312,0.33743266024482627,0.0,0.0,0.30872446823051186
313,0.30456272877606816,0.0,0.0,0.3272449033806191
314,0.4656089635598627,0.0,0.0,0.16731589592327484
315,0.31114165139485317,0.33005822629182646,0.35676240381640933,0.48587310003279377
316,0.4131919655143652,0.5223658251484606,0.5086489820831495,0.39585822634154727
317,0.4830624107914341,0.38451868877347684,0.35674676880292217,0.38794675167470544
318,0.3679782146204889,6.075192570897289e-17,6.315925857213774e-17,0.5126349077397705
319,0.2746296230630234,0.0,0.0,0.37809190666623876
320,0.4953744826163728,0.0,0.0,0.33482003036120184
321,0.21120818581801726,0.0,0.0,0.45631404239389434
322,0.3875399781412501,0.0,0.0,0.5262066683865526
323,0.42494027795526657,0.367095323257111,0.37621555202185447,0.4587530368983226
324,0.4219103495689595,0.4977895601048164,0.4477216976224676,0.4892384435988113
325,0.4171558859012081,0.3476111419338397,0.36807900927471404,0.3845495153191116
326,0.4389370588387529,6.268177763469352e-17,5.917597937831233e-17,0.36970730222183734
327,0.3655655363888649,0.0,0.0,0.3804083513232828
328,0.3409179723483813,0.0,0.0,0.30241170551948315
329,0.3581780695323762,0.0,0.0,0.34213084256138565
330,0.35899862723010667,0.0,0.0,0.5579381716157895
331,0.5076913364310323,0.3298218675810462,0.33840760917341584,0.6297326135845779
332,0.3554973594862907,0.4976660387718039,0.49426790845706836,0.5793699988377602
333,0.48361411489917017,0.3877242958905285,0.33920282175671645,0.26661126832149096
334,0.37962370878873647,6.458714128313832e-17,6.610798546138078e-17,0.23573804710425209
335,0.31681152331273277,0.0,0.0,0.24986606080382961
336,0.4393807447516768,0.0,0.0,0.3909787673652114
337,0.3260078341405479,0.0,0.0,0.11788076737709335
338,0.48378483412127743,0.0,0.0,0.36108627338650606
339,0.4500258387320382,0.35289951069024267,0.3638312330934858,0.5694631555289711
340,0.3603339611392641,0.4939228059123867,0.4844514426024517,0.5182103131213469
341,0.45161670814631566,0.3562114354338542,0.34989145938051397,0.347843761555509
342,0.4321989957461272,5.905130280172033e-17,5.905163568786857e-17,0.33420447906019957
343,0.4845051871938555,0.0,0.0,0.4254773972935501
344,0.4739565003994807,0.0,0.0,0.470868674682971
345,0.4476824046667758,0.0,0.0,0.3452412758201715
346,0.30700911090886757,0.0,0.0,0.39633160385780014
347,0.6734137014115532,0.34914074819117186,0.3514743268021533,0.37195402974214514
348,0.2794065849225629,0.5210146974563025,0.47073933440895954,0.2866332618922225
349,0.49348132002237843,0.35221659843530645,0.3586982546435433,0.3765806277919661
350,0.42047018084718096,6.723059231634754e-17,5.939876125442025e-17,0.34774904513767474
351,0.2511407653460361,0.0,0.0,0.24249059099528195
352,0.3646990933568175,0.0,0.0,0.4417372810084404
353,0.39046710205579976,0.0,0.0,0.44667445854285276
354,0.5501138656969126,0.0,0.0,0.4891275642003679
355,0.3570113006522426,0.3607440336275499,0.3410070655487253,0.351535355133827
356,0.39336109347342485,0.5018252779232076,0.4956207455607553,0.2211980263043955
357,0.16473543017813752,0.34692192970066565,0.36403981046688133,0.44507550364482873
358,0.5506054665570251,5.966390582830033e-17,5.65444285996486e-17,0.31071791578169605
359,0.26129556637825674,0.0,0.0,0.27927557735569375
360,0.4095933368610285,0.0,0.0,0.25119694297276673
361,0.387974670900521,0.0,0.0,0.370583201063992
362,0.40952856062996984,0.0,0.0,0.5770613870133512
363,0.509101652359795,0.35600551869579233,0.36459424272807395,0.377570501737156
364,0.5864549033386672,0.5069090316699466,0.512963846047365,0.31034835289161045
365,0.4232648208669066,0.3531069394922584,0.3601353575764089,0.46330879397571023
366,0.4424100522001636,6.182964634114308e-17,6.194629812675551e-17,0.3941834784142394
367,0.40100460754541145,0.0,0.0,0.1561853171038866
368,0.4784141983752182,0.0,0.0,0.44289568795748424
369,0.3515826214691192,0.0,0.0,0.610721036267912
370,0.5266265182949897,0.0,0.0,0.159033870110446
371,0.5389242459824903,0.3528253340406382,0.33823220834061823,0.3043036570155395
372,0.5273411637216393,0.5383275635478653,0.4998818951755735,0.13423475398818774
373,0.3318594726841043,0.35231859906227886,0.3695472390103235,0.39034381734366846
374,0.3598272925584365,6.518637191182561e-17,5.2646591541285835e-17,0.47569967964329085
375,0.3918209582957955,0.0,0.0,0.3784243343973799
376,0.23932147086802288,0.0,0.0,0.5156052451621904
377,0.5571108995951213,0.0,0.0,0.4806739078195333
378,0.4176044288718987,0.0,0.0,0.589046814572334
379,0.45601166754699196,0.3679725872417216,0.352984008608094,0.5436399555972293
380,0.361131638249396,0.47655714462269,0.49120445772962973,0.37853777536116584
381,0.26493112284981757,0.35265837612835343,0.3513383638189619,0.4042915244100038
382,0.31600268680344634,5.762414816719859e-17,5.886519419621844e-17,0.28953798380282614
383,0.3895392975498787,0.0,0.0,0.344553261899715
384,0.4434790654935767,0.0,0.0,0.3823193514200193
385,0.41352854171407577,0.0,0.0,0.38885865530026836
386,0.4532349927135952,0.0,0.0,0.5527879437197611
387,0.39364675018566603,0.3778500353960806,0.36307881429041367,0.3943325814031206
388,0.46818744771394294,0.5296602118635518,0.5259260677669817,0.32535394973366444
389,0.5456326742923945,0.35353677112225146,0.3750089931079653,0.310388284163485
390,0.44661512846210605,6.641928823741246e-17,5.679814222091572e-17,0.4416462113804604
391,0.4483035764790978,0.0,0.0,0.2270355468449038
392,0.40525430237070903,0.0,0.0,0.35573404542495424
393,0.24675035891568214,0.0,0.0,0.5298158904211845
394,0.3138124162481144,0.0,0.0,0.4475389138853218
395,0.47255344594202664,0.34372523397027027,0.3765248406592203,0.4196053269637669
396,0.41718516411523016,0.5407653099603313,0.5596792905985741,0.41468802894739576
397,0.4410501545229252,0.38373023314905885,0.36345556668392126,0.29410940665292507
398,0.5434950042244533,5.960984099874632e-17,6.262979760276972e-17,0.29013919139659183
399,0.43966946579857574,0.0,0.0,0.34754769858418466
400,0.5014438146043432,0.0,0.0,0.4026824970409903
401,0.4062365364127304,0.0,0.0,0.4915833986458685
402,0.33726003315280983,0.0,0.0,0.4272376626183973
403,0.42098178154422333,0.37807112185107583,0.34937284027855303,0.5620458150410822
404,0.33750641952934,0.49143156982947006,0.47919622597641687,0.5785014024222064
405,0.5525978931429022,0.3457053980962334,0.3576275479398789,0.47629511871387775
406,0.4545943016836079,6.6384362024172e-17,6.23290661502705e-17,0.49805333483564945
407,0.41881964712848535,0.0,0.0,0.2676970453268479
408,0.4988381873573726,0.0,0.0,0.260323973665756
409,0.1944514291178361,0.0,0.0,0.4482544081991752
410,0.47648406914002106,0.0,0.0,0.28354929281905034
411,0.2953924921397214,0.39000139606816403,0.3601729946968513,0.3974198861685654
412,0.41694470415918894,0.5354214217955732,0.5349873091286197,0.494789464538729
413,0.3652863113234372,0.38262940502597875,0.3621819996349286,0.5377943630386793
414,0.44141752834425707,6.524164613619949e-17,6.419383100000607e-17,0.3498223021057557
415,0.3892757994662542,0.0,0.0,0.3014626410393896
416,0.5094304913676068,0.0,0.0,0.40696493615758617
417,0.335942261348763,0.0,0.0,0.2887776330896354
418,0.48825661984094915,0.0,0.0,0.400017316048278
419,0.44235429913190755,0.3589428449719087,0.36938398011080026,0.4253319726143962
420,0.25381615387046547,0.5305690933468286,0.5341802242733289,0.41454678161054126
421,0.30427033158972105,0.3652017602923471,0.34692522688036426,0.4049823248238125
422,0.3599309706542111,6.694678006309302e-17,6.12832710814296e-17,0.29146728844921377
423,0.47736122243119705,0.0,0.0,0.2934326781801826
424,0.4209523167334794,0.0,0.0,0.2998683848745059
425,0.2790431320252929,0.0,0.0,0.23378378049385862
426,0.40297479504424477,0.0,0.0,0.45118945003357136
427,0.6275738592926674,0.37712376277735665,0.3558263002626747,0.5152589595825648
428,0.42812875133304656,0.5087801228631997,0.496371988311676,0.49663742613431433
429,0.36306065690612477,0.3736833943960675,0.3688414702594979,0.3695435283672889
430,0.42375397505338996,5.996075096673065e-17,6.657616562310672e-17,0.29347948703137916
431,0.4421325223715613,0.0,0.0,0.44022467864963327
432,0.3286108436833728,0.0,0.0,0.4381199806688339
433,0.44569835930411883,0.0,0.0,0.4171829461106047
434,0.3837651356354906,0.0,0.0,0.5910852105448988
435,0.49737364204991896,0.38685003416166536,0.37208344469637283,0.4227983297302689
436,0.4336234010996999,0.5167009431574427,0.5515811237514638,0.39096508691008264
437,0.44363766457226433,0.34022346187016933,0.32670756563771375,0.3554591487595151
438,0.29830932381462827,5.956833473155153e-17,6.565747327500066e-17,0.21813990778329798
439,0.2833122434596892,0.0,0.0,0.43157487828120433
440,0.4684116112369373,0.0,0.0,0.36331334405522014
441,0.38713544606804484,0.0,0.0,0.44606820834227373
442,0.44479176185212677,0.0,0.0,0.6004760878513147
443,0.3944355414979423,0.35001413970215683,0.3781930092522269,0.38599990721613253
444,0.506160965043555,0.5218860141648028,0.5262888017631059,0.18248741596303547
445,0.33429408620362844,0.36537043235265815,0.3472278908071457,0.4431821211576714
446,0.36030175678090953,6.171280762801361e-17,5.933351138223656e-17,0.39054781976026537
447,0.44367436547690736,0.0,0.0,0.2918296966094622
448,0.49077949630679296,0.0,0.0,0.4132093599525162
449,0.34232000072329444,0.0,0.0,0.4733055618364003
450,0.6118775314571475,0.0,0.0,0.32124814224040443
451,0.45602009919532444,0.38341331855598004,0.3487152720139764,0.3945627436856246
452,0.31161630708068544,0.4933138746142307,0.5292340345042429,0.563584506246452
453,0.4316011346849596,0.3622899052352984,0.39371076655889964,0.3225337107030263
454,0.33518280494202063,6.282104410166413e-17,6.298772739158019e-17,0.3801497019317449
455,0.40810277854428045,0.0,0.0,0.10225481322157431
456,0.3688047028750767,0.0,0.0,0.224905777532981
457,0.4017309000957214,0.0,0.0,0.4100552808099869
458,0.3243573968536887,0.0,0.0,0.5383155154708634
459,0.523309654148343,0.3501228681804718,0.38700882531501185,0.2881005628766068
460,0.2999039977972001,0.5606968593714803,0.5416885209269964,0.42297314071835296
461,0.2834270415362074,0.36803986311832565,0.39106592061216444,0.35673174017133524
462,0.40982636255585914,6.541695890244041e-17,6.451263332158422e-17,0.46839913314035986
463,0.5245879557945039,0.0,0.0,0.24252320054444837
464,0.3374254910930073,0.0,0.0,0.4156925656361965
465,0.46399523650544094,0.0,0.0,0.3285289355354187
466,0.5224452253569953,0.0,0.0,0.4374150101532883
467,0.5053664479644513,0.3825431142740524,0.3690960236565874,0.43079110946589166
468,0.3839903787532727,0.5112299361431711,0.5021712370015652,0.389933300256379
469,0.28479333251563693,0.35943130931873984,0.3718002816730489,0.4416791888619829
470,0.1519300442323125,5.869825636320141e-17,6.678714346676481e-17,0.3770500742297441
471,0.33761395428880503,0.0,0.0,0.35061737402737486
472,0.4900750028879516,0.0,0.0,0.3366246126294598
473,0.28106287099113714,0.0,0.0,0.40123930844186423
474,0.48471365765480345,0.0,0.0,0.43689702771753414
475,0.3284642164621433,0.35506894881353424,0.3874019984902961,0.3245652614592684
476,0.42529993054161075,0.4778470531891145,0.5017039566252917,0.3797455491111893
477,0.4642586308828323,0.3884490410485013,0.38371544492144233,0.28796087500421325
478,0.3063167223478913,5.820227949383314e-17,6.027082578268101e-17,0.36828172375365553
479,0.38052793753702197,0.0,0.0,0.30424624898192776
480,0.3303257136863204,0.0,0.0,0.4489131621569789
481,0.4635629166882674,0.0,0.0,0.4603207485701187
482,0.43779297107850984,0.0,0.0,0.32198639787360916
483,0.4286988182373765,0.37272392687554945,0.3592404211566581,0.4228173162546023
484,0.5700962502442439,0.46027369282276803,0.5431146781052594,0.4781129121548825
485,0.4592786650312799,0.370438299993036,0.36509369153374166,0.37551721877804684
486,0.3027996607462244,5.696280991273896e-17,5.859288968190378e-17,0.2990130948782988
487,0.3544616607146735,0.0,0.0,0.2538076979899701
488,0.36380079411150296,0.0,0.0,0.45681742877730525
489,0.4006358333175866,0.0,0.0,0.4828751908835624
490,0.6662680071514113,0.0,0.0,0.39302231960325695
491,0.4596890653261651,0.3605424113411699,0.4012531840552561,0.49921763450773315
492,0.2102268224801842,0.5560905764080905,0.5682390249464502,0.11729602650212773
493,0.3383239788833689,0.37476956805087003,0.36119789473105746,0.525359341125989
494,0.17815346386988815,6.538180973536748e-17,6.366910408458572e-17,0.35569619209175113
495,0.3296240503504814,0.0,0.0,0.3767815321350143
496,0.17220285045949987,0.0,0.0,0.3388821010655458
497,0.30498802976089634,0.0,0.0,0.5317178250544897
498,0.26128812733992357,0.0,0.0,0.3072871179077822
499,0.46056309466448686,0.34814626813965743,0.3481630842803815,0.5695931095284227
500,0.4134142165662234,0.5649544118921404,0.5253011367436805,0.45298737239784664
501,0.42244330761761223,0.3456564540938254,0.41144150066902213,0.4544134984595549
502,0.3604787345752901,6.739673739071269e-17,6.279980516325638e-17,0.33801341709925115
503,0.22271730184729738,0.0,0.0,0.2313251570781021
504,0.4218167220818056,0.0,0.0,0.46351566170994224
505,0.5839002446188738,0.0,0.0,0.42281862371086154
506,0.4538122498881796,0.0,0.0,0.5490533378584066
507,0.3790853286601719,0.368262101613074,0.36628409728136313,0.40230015657035867
508,0.27008427441698035,0.5436657436674649,0.5214469347550929,0.3709678541376334
509,0.30087109151593194,0.36689973087479344,0.35513740082396744,0.5304866122559587
510,0.415768550813538,7.048164674328576e-17,6.734094839750732e-17,0.5616540016060765
511,0.46898959127186596,0.0,0.0,0.36261250622850144
512,0.3960695643244789,0.0,0.0,0.2947071971665707
513,0.471184879258476,0.0,0.0,0.4722492265668326
514,0.48317717812619837,0.0,0.0,0.3870072971064067
515,0.4718495894264695,0.36227295457978875,0.36739575439643335,0.4811224328279575
516,0.3465619941973485,0.519659210454447,0.4963545313599991,0.3864817562855988
517,0.40858850148539294,0.36489320875504067,0.38484560350318314,0.547597552109059
518,0.28514516646406746,6.264396710556392e-17,6.778373000527698e-17,0.3000339963472113
519,0.36293904558368784,0.0,0.0,0.4092491165400737
520,0.40257545434650566,0.0,0.0,0.3206189042166021
521,0.5585806854140964,0.0,0.0,0.362551648533334
522,0.2809423106742441,0.0,0.0,0.3707099426349496
523,0.46885306777454144,0.38679950755819537,0.3992171679758572,0.49456311128475244
524,0.5600391672733668,0.5287555023611398,0.5243787997919828,0.5037518196043944
525,0.46658708125929055,0.37047244331156604,0.3400702970157513,0.446476187568648
526,0.45278364552231865,6.64104519221971e-17,6.267481813377261e-17,0.35869075456528743
527,0.4194717948621921,0.0,0.0,0.37472030777557014
528,0.4988166436335863,0.0,0.0,0.4587553515019871
529,0.28144858128040423,0.0,0.0,0.48312755681240155
530,0.27281693493021275,0.0,0.0,0.1423820383918839
531,0.4195629840451154,0.3544096458393435,0.374656815562728,0.3929741809143714
532,0.19529339117006644,0.5139553229094918,0.5678395636955025,0.3889837223832889
533,0.5132609785094422,0.3765871824325751,0.3839433683760532,0.45712165450425724
534,0.49105471420558877,6.628135329500341e-17,6.660345465769642e-17,0.36230611288497006
535,0.31686134258318843,0.0,0.0,0.4321147361865698
536,0.33138831734595997,0.0,0.0,0.2605992999089557
537,0.3824438329325402,0.0,0.0,0.41568403199368537
538,0.4160938489271657,0.0,0.0,0.5009123492282532
539,0.43239597236703586,0.4013695972943553,0.3795039245690441,0.2722402935157925
540,0.46671499457103405,0.5484376467484304,0.5367931380438754,0.6622561307040941
541,0.3724159451467595,0.35793665455023305,0.3650072041961546,0.5087671737342593
542,0.4627847073597903,5.965902476325269e-17,6.326981561179909e-17,0.36860070725857513
543,0.4042733581601377,0.0,0.0,0.27683776972373053
544,0.3072394571609931,0.0,0.0,0.3504272867208861
545,0.5226602719642628,0.0,0.0,0.39752924114498717
546,0.2745365100072008,0.0,0.0,0.45442846430065426
547,0.4099324241017055,0.38097013769148236,0.3886808957199439,0.5692150901298563
548,0.5070539487269963,0.5747626208730057,0.5379860526407287,0.3627523616751649
549,0.3168416946926386,0.37020583626563924,0.3746142309557135,0.44541998894110924
550,0.3988913664249718,6.738562964613384e-17,6.941487440589496e-17,0.23869288548824538
551,0.41348296488375785,0.0,0.0,0.31778893375132633
552,0.2813422389912379,0.0,0.0,0.4050663105762976
553,0.38136005726555466,0.0,0.0,0.4577340783258387
554,0.39417064963963355,0.0,0.0,0.3344977849940926
555,0.3634340440417289,0.3793258537347578,0.3744419811612027,0.3745286596237668
556,0.639988517865632,0.526717817128347,0.5143280604156768,0.5558766962189091
557,0.3122971938804106,0.3958361915960911,0.39403206568110216,0.5047986911877627
558,0.4678876551961501,6.215288688499623e-17,6.120170828548675e-17,0.3882403474945984
559,0.31932772753684396,0.0,0.0,0.1349433139028866
560,0.2581783906089141,0.0,0.0,0.6179552642664432
561,0.39833663724854557,0.0,0.0,0.3860620567673142
562,0.47417775480738517,0.0,0.0,0.3780117105665024
563,0.5101061704396066,0.4196470590394532,0.3847640237695264,0.3658192203476272
564,0.5654949274341421,0.5520593953099898,0.548786646502781,0.446905120088546
565,0.6825798419265487,0.36533089144472003,0.3760260363961915,0.42671347185013164
566,0.391893429873002,6.209661742237878e-17,6.802338516947244e-17,0.46190479681009355
567,0.29174599555049985,0.0,0.0,0.26544899649813736
568,0.41156554930412115,0.0,0.0,0.3350286288105059
569,0.36087002501957927,0.0,0.0,0.5905458923826487
570,0.5013011364810478,0.0,0.0,0.431163586820824
571,0.2877748904236562,0.41462230195152566,0.3680313300975061,0.40023888272755376
572,0.6455379777358685,0.5081331024491975,0.5255625748306034,0.31454274693745465
573,0.4730961295377797,0.3824313273636778,0.36816124590247495,0.43808475064230357
574,0.19787771484501554,7.32360636158196e-17,6.487286946084844e-17,0.4693799383288764
575,0.28658842982873123,0.0,0.0,0.44495008464120916
576,0.4473112186759528,0.0,0.0,0.33982302790366725
577,0.5045507233173008,0.0,0.0,0.42304154603650895
578,0.2809057584125554,0.0,0.0,0.5752954648006129
579,0.48821890274345026,0.4067124507460587,0.38901415593900934,0.5240045469173022
580,0.2133955338695594,0.5292992717265027,0.5156033716232842,0.3297132469164198
581,0.37798273115305075,0.3444860318515616,0.36804600437877855,0.13231581123800834
582,0.4769077984748796,6.484701134220076e-17,7.058892535838858e-17,0.3953803649729824
583,0.30176474468985726,0.0,0.0,0.4367731303749986
584,0.21442494288903047,0.0,0.0,0.2561947236155056
585,0.4009518558761842,0.0,0.0,0.38545142402615046
586,0.34707169301047686,0.0,0.0,0.3811736730867168
587,0.4792862128450118,0.3962053332522945,0.3658560839773856,0.42675900846164816
588,0.3190109364522186,0.5486219455044856,0.5340179150405527,0.3530739509620534
589,0.3090666872731182,0.38283776808622577,0.36205269744915464,0.5153814760012276
590,0.16301694071520748,6.280305249536219e-17,6.671521429507955e-17,0.3799140608661081
591,0.3733248473435765,0.0,0.0,0.2684286876219532
592,0.34842997203889176,0.0,0.0,0.4562666812259237
593,0.26689520222814095,0.0,0.0,0.25931490970297755
594,0.42632674411445365,0.0,0.0,0.5353963104912577
595,0.518440699366562,0.3736274960114569,0.39328466785775584,0.5148396117244044
596,0.38539007839584943,0.5555169989525753,0.4895387429415745,0.5459244022698231
597,0.4125503642843454,0.38229432454152995,0.3924043264240899,0.3699090320579864
598,0.39185159082506804,7.209105000288902e-17,7.221366364090845e-17,0.31490906788821393
599,0.23530068658425196,0.0,0.0,0.3641358453954573
600,0.569571752343621,0.0,0.0,0.3554694916373083
601,0.3380413906962294,0.0,0.0,0.3198527451521066
602,0.4719511973300813,0.0,0.0,0.35097724573149
603,0.4920479014313628,0.3976541996966876,0.40031257130963155,0.37848908898181144
604,0.392380064432479,0.554565958550076,0.5908554804058052,0.28933920850006795
605,0.4458058762144213,0.3965655437994172,0.39981417349845827,0.45292270266839124
606,0.3884950924545003,6.830231816587613e-17,6.542324897298112e-17,0.3586834565157608
607,0.21336239798571718,0.0,0.0,0.3242885267850931
608,0.33006819585154334,0.0,0.0,0.25226004988238443
609,0.32325357917674236,0.0,0.0,0.2684713716454021
610,0.35954736871313225,0.0,0.0,0.5993132779199862
611,0.2841083516284848,0.3768097409339369,0.38029452628001204,0.35178292312599163
612,0.518365244522348,0.5673156688072484,0.6227454926302101,0.4667747122686776
613,0.5447079348734899,0.4040214852936173,0.4067098793961499,0.40077211640216626
614,0.46109576357639304,6.805184651355414e-17,7.067743058960931e-17,0.08577661986574192
615,0.48156159182686287,0.0,0.0,0.5337537517260078
616,0.3282040523159224,0.0,0.0,0.4310759338943496
617,0.32025505595373077,0.0,0.0,0.30711372402185355
618,0.32723523820675965,0.0,0.0,0.40225729244497127
619,0.47828723174805665,0.4039399392682406,0.41786044161542024,0.29896240271196783
620,0.4278002482023458,0.5520690518318895,0.5857435564296187,0.5877159907340442
621,0.37615856829249184,0.411773753419484,0.37657924664309417,0.293114968628188
622,0.4921823904362723,6.47908816873737e-17,7.298462397751456e-17,0.3103591363472721
623,0.39437487483386874,0.0,0.0,0.2809246316375753
624,0.2781638027105594,0.0,0.0,0.3700675064835349
625,0.31515188698464486,0.0,0.0,0.5202744199121457
626,0.4726553032592253,0.0,0.0,0.5833934182433265
627,0.517416055163674,0.3873730922939844,0.4150560128193849,0.3733431554759846
628,0.45962399655940767,0.5392534970122422,0.5836240967605753,0.44228187156560295
629,0.5729316446854225,0.38645113466949865,0.39781033100361546,0.3914333111586216
630,0.5255302830357598,6.727856746499471e-17,6.670755957140878e-17,0.2638686400182121
631,0.3973463533832906,0.0,0.0,0.5954983273578087
632,0.27752368041018893,0.0,0.0,0.49765770258796477
633,0.2515961986207588,0.0,0.0,0.40150653476503906
634,0.3650699787280605,0.0,0.0,0.5619957625794307
635,0.48791629443555135,0.3926815527720147,0.35427870883733764,0.533805621065716
636,0.5864728611607258,0.6120606929846412,0.5513867360138348,0.4119942873377076
637,0.4243396532350156,0.39203369979695607,0.4134542741990855,0.4151913103267349
638,0.47825402578146287,6.550040789908733e-17,7.047347910326196e-17,0.5125943605960046
639,0.32806420117515533,0.0,0.0,0.2579795916809675
640,0.423001180189735,0.0,0.0,0.5280933373991139
641,0.4642731540502936,0.0,0.0,0.35942621503406474
642,0.20519124695291993,0.0,0.0,0.5556183488229295
643,0.3705935908649254,0.40205889497425534,0.3473714218665536,0.4114148113562944
644,0.4981207129659597,0.5661886224613937,0.5188534804425365,0.43691129678546997
645,0.4093843046662329,0.3684270442569699,0.4058335191442097,0.3785066354453305
646,0.24107276285188667,6.877043866429452e-17,6.538609132058741e-17,0.3075399053858572
647,0.10892523352984071,0.0,0.0,0.32493198128814516
648,0.3234792506834653,0.0,0.0,0.4979684655305226
649,0.3741119593598744,0.0,0.0,0.14985413038201545
650,0.31409143710202414,0.0,0.0,0.278587137604375
651,0.42557902235206174,0.39744753693258494,0.40145124433093854,0.3387233577134521
652,0.4531224068081482,0.5661396124499856,0.5290472728222799,0.2946492528412566
653,0.4483392457218856,0.3965322117007842,0.41738594676466806,0.5322684896908112
654,0.12446543272043367,6.564914172807502e-17,6.672941053245643e-17,0.48582502299898633
655,0.2198420188684503,0.0,0.0,0.41047370958872387
656,0.32891885179236624,0.0,0.0,0.29560070988008624
657,0.4378116331671825,0.0,0.0,0.5140995067428499
658,0.45073092485403615,0.0,0.0,0.24299453089947817
659,0.4577813148511038,0.36191997030939993,0.41847051448790584,0.6247925840782298
660,0.3634657293021394,0.5341143871320038,0.5362320813988085,0.33334454378127754
661,0.3478309763324401,0.4124019199065216,0.4164115266592582,0.3543907978792924
662,0.2865481897856657,7.200024533190115e-17,6.61737488279563e-17,0.31644673157836833
663,0.42741373287402096,0.0,0.0,0.24328357865356848
664,0.2666469635107416,0.0,0.0,0.5512071546783913
665,0.46491268523925283,0.0,0.0,0.4587985087987445
666,0.42190757296965686,0.0,0.0,0.522669303363871
667,0.4054045978747805,0.4208494340973355,0.3981720620339962,0.28754211851421874
668,0.33545120917824556,0.5834246294868781,0.5420281144029212,0.4192160318562922
669,0.24435485960388317,0.37504053588306085,0.40617381644936434,0.4320119146534362
670,0.2939305666468949,6.740428947635528e-17,6.711439001050204e-17,0.38577149463968374
671,0.31690835885780716,0.0,0.0,0.2338717006134958
672,0.12109927408769683,0.0,0.0,0.4655517073588857
673,0.35947939314795196,0.0,0.0,0.39136991695993384
674,0.4928638489196153,0.0,0.0,0.3049317085527145
675,0.4659366992248057,0.336091656631568,0.3867689774975117,0.22368985472615205
676,0.350807524542864,0.5205234489301548,0.580688043796303,0.4610947634660028
677,0.38390853852294116,0.3508405506597839,0.3895432835366245,0.6242604820945685
678,0.302385248303622,6.882231203831827e-17,6.598981867392615e-17,0.2564762779111938
679,0.36409098201498796,0.0,0.0,0.3662596137227149
680,0.5113096935733961,0.0,0.0,0.4683486391081506
681,0.4753619948970769,0.0,0.0,0.25154688802445924
682,0.451804748639461,0.0,0.0,0.35172964116168326
683,0.35922362339621755,0.4090667396961315,0.41557389922434745,0.3224962367084492
684,0.47471915736466963,0.5234554826938357,0.5451741804249683,0.49819298755264035
685,0.20982441949728403,0.3659746697976235,0.36778418769347637,0.5110643715699953
686,0.33206356299990386,6.839679470541442e-17,6.863588544364445e-17,0.37320253767216643
687,0.4068832566169843,0.0,0.0,0.2643387077351792
688,0.4306297898020309,0.0,0.0,0.31230857460447103
689,0.44478932085442635,0.0,0.0,0.3147510204081769
690,0.4284971441894181,0.0,0.0,0.30128718910614793
691,0.3882283739244639,0.41347721489151373,0.41809393307335085,0.39759705175100574
692,0.45281167225109753,0.5472511581470549,0.5820661891025046,0.45649672371463484
693,0.28251476777422213,0.3807276071131882,0.4049634856130427,0.4268266162757042
694,0.27211994206793083,6.121947777766226e-17,5.713292505435697e-17,0.3557644319403047
695,0.3539743394788819,0.0,0.0,0.3535062555153886
696,0.37318795186807735,0.0,0.0,0.34771310808822475
697,0.19451987317633437,0.0,0.0,0.2473602371161717
698,0.4438092325633473,0.0,0.0,0.4143080841666827
699,0.4843542288247384,0.4002874218187023,0.4050026251425852,0.34871883248733404
700,0.3905660707217659,0.4930929837110992,0.5792718619326485,0.2635602725524516
701,0.6145280193611983,0.41850816928048534,0.4146362492705749,0.4141519477443574
702,0.287574676965684,7.053635417449617e-17,7.154673996074365e-17,0.2946951839553481
703,0.31097267469411205,0.0,0.0,0.3698567831586826
704,0.3156339913838012,0.0,0.0,0.4399044635034649
705,0.3687351243030168,0.0,0.0,0.2813300133175954
706,0.36469460757108585,0.0,0.0,0.40677921707501213
707,0.2656728309716314,0.41372298497796,0.41572618967813807,0.22531159725908245
708,0.34291225924406743,0.47566793433990157,0.5862866424250945,0.5508203979286426
709,0.36659181585471096,0.38901277251471916,0.4123109074808063,0.24044723574324037
710,0.4779978902027219,6.883658226298442e-17,6.714206636083803e-17,0.30365871575678466
711,0.5665782127694099,0.0,0.0,0.4801918758085143
712,0.48795275695589024,0.0,0.0,0.33095307456272616
713,0.2980806676391605,0.0,0.0,0.2558788019763911
714,0.327250812979401,0.0,0.0,0.4681390972706711
715,0.38968571285548603,0.36068920347111166,0.43249223107115586,0.47467181682153964
716,0.5752876629273762,0.6067317120200699,0.5212169998896562,0.33351314010549427
717,0.35907616538823184,0.393989066128039,0.4340725513192808,0.32312591852838124
718,0.2216546181170817,6.757180581814445e-17,6.78375962010017e-17,0.31086447010901613
719,0.2955008569111177,0.0,0.0,0.32491617453781807
720,0.42936806119170434,0.0,0.0,0.16436535331758195
721,0.44386969213496774,0.0,0.0,0.35673327833354906
722,0.3760672012317898,0.0,0.0,0.5744802876992703
723,0.4732171318013621,0.40896538378193603,0.38514074308019947,0.3152786677216886
724,0.16877164762627223,0.5523732213422592,0.5457051260726024,0.33773950853397905
725,0.3852585879486288,0.38866515693665166,0.40962420244562914,0.25651389812571945
726,0.4397310031466256,6.78972205982586e-17,6.613529244118755e-17,0.414878653649298
727,0.2615893369299055,0.0,0.0,0.46519540025959666
728,0.26927833000283574,0.0,0.0,0.47094396757022705
729,0.18748057181171338,0.0,0.0,0.2493243281986949
730,0.5543281500047268,0.0,0.0,0.44531776357335334
731,0.3321099893859042,0.38469089490806235,0.3839181388849304,0.5475003905094845
732,0.4194429183098685,0.6098921873428707,0.5461822036873701,0.44630490129466965
733,0.43451709123639837,0.37228178523947875,0.4047606803071774,0.4219663554224386
734,0.5041189785666098,6.224960820430731e-17,6.814063436407089e-17,0.30574792578894866
735,0.32873560968949744,0.0,0.0,0.36613636946742734
736,0.2982117780444618,0.0,0.0,0.4757865753929442
737,0.39067472571495543,0.0,0.0,0.4061888577007765
738,0.5229891919477252,0.0,0.0,0.26975368869052385
739,0.38635070771782165,0.39744069690271505,0.4204321149181575,0.3577637934293029
740,0.29909425613508883,0.6010696408895623,0.5749374908895618,0.5155091181823959
741,0.21929218002636383,0.38796399968535666,0.39861731891719393,0.4058422928930096
742,0.23002501896178112,7.229494443936218e-17,7.664111031302069e-17,0.3640609652466113
743,0.4298071105985666,0.0,0.0,0.2879664075332301
744,0.3193279591303376,0.0,0.0,0.4702503248144623
745,0.3118515192045441,0.0,0.0,0.5388448699788408
746,0.32222009131381735,0.0,0.0,0.5201357259340149
747,0.41110819621663336,0.4214448336900604,0.41938067456129274,0.5468627723411524
748,0.36987130425565323,0.5249273798936608,0.5028068898614009,0.35794618955559493
749,0.34529039582468996,0.3696887670707911,0.40271675080959074,0.32258670045922483
750,0.4863227995420927,6.840208707328934e-17,6.905233988797261e-17,0.3357558894111002
751,0.4964052383827786,0.0,0.0,0.3464609343942406
752,0.18961719087130713,0.0,0.0,0.49372133617473235
753,0.404591834712099,0.0,0.0,0.4884212355446449
754,0.31535955517126035,0.0,0.0,0.44689270375884904
755,0.37700745021169385,0.39557432749101934,0.39981693081641756,0.25871388501311454
756,0.42397360354606906,0.5475426610408569,0.5553753175087431,0.22424358057371208
757,0.3505605699047113,0.39670795380881496,0.402169931958385,0.39587883607797353
758,0.3736653462249701,6.724596635659206e-17,6.553108702542248e-17,0.43864567872227844
759,0.40912958220099493,0.0,0.0,0.3338758566991894
760,0.37929952015824003,0.0,0.0,0.5413322906020486
761,0.3063714131230421,0.0,0.0,0.2628109391617609
762,0.3293482862783685,0.0,0.0,0.27143305202584095
763,0.2570845138780009,0.4243299790479217,0.425342099727352,0.33462694609237237
764,0.30687621722332903,0.531009426870467,0.6226767584932379,0.3220385256562773
765,0.5672618797296572,0.39380270481437535,0.398073703251428,0.4236836304080024
766,0.2706414826946836,7.645779380926229e-17,7.497797959603407e-17,0.3076706549198578
767,0.22171716229542243,0.0,0.0,0.18627099741193825
768,0.38105086916688075,0.0,0.0,0.4382159286519151
769,0.35923481048881384,0.0,0.0,0.19427609381078687
770,0.3719251661686737,0.0,0.0,0.2843626675525253
771,0.5411758830592088,0.4371278524313645,0.4058277739318459,0.2380006293436129
772,0.44639715740943275,0.5787069220521098,0.5935149156259417,0.4121966175606836
773,0.3172719932476523,0.4084496575470348,0.41130069942343067,0.38887605763312105
774,0.3066104912232254,6.431018411681498e-17,7.002700581651261e-17,0.5407035150840387
775,0.29001263502743135,0.0,0.0,0.43165395203255486
776,0.4357422811989687,0.0,0.0,0.492432937375163
777,0.3386667595312256,0.0,0.0,0.3983424876063887
778,0.21137937566672071,0.0,0.0,0.2930015438030794
779,0.3946495546031049,0.38372880523203534,0.4250453544269247,0.41229228267588897
780,0.23699212579934287,0.5841607416572873,0.5861890754993379,0.44993682665086643
781,0.5879045826520295,0.4202719388772597,0.38883995105926383,0.43986226070169687
782,0.2517015276562199,6.411659763074265e-17,6.579041627136231e-17,0.30102710463010873
783,0.32329504594076636,0.0,0.0,0.38836016985477934
784,0.3732930557740407,0.0,0.0,0.25416998521980055
785,0.33982016967160045,0.0,0.0,0.26435822632845174
786,0.3608961490285006,0.0,0.0,0.2783207180365713
787,0.44086871435561115,0.4238549574854252,0.39510716917180655,0.4011485845952031
788,0.5425207850547478,0.579251890190912,0.6068597316501099,0.27211555366748946
789,0.4454368939212532,0.4235693473176541,0.4106711661443809,0.32621154675242264
790,0.4953241701612813,6.83615624341379e-17,6.812079115409267e-17,0.43776443744532284
791,0.23402407493017327,0.0,0.0,0.23577301793169297
792,0.37840797183159597,0.0,0.0,0.29624050515562816
793,0.38340951714748417,0.0,0.0,0.3750480396192732
794,0.42420724454492614,0.0,0.0,0.4137868055304793
795,0.5355081090052135,0.3953493194485918,0.39323047217374946,0.3479558528611001
796,0.36701920039804725,0.6255652574194286,0.6075012372707425,0.4677841222507684
797,0.32733457528624743,0.4061414228482768,0.45595723340245176,0.4269301420201287
798,0.4000697882479262,6.750329727191296e-17,6.796524390141599e-17,0.46065736894223014
799,0.16006463918507152,0.0,0.0,0.32972471950695026
800,0.32218013011057856,0.0,0.0,0.294583454077162
801,0.3536587695298475,0.0,0.0,0.2988153362571806
802,0.29625588026329663,0.0,0.0,0.4189944936869255
803,0.5027844395940505,0.44737550540222887,0.387974335154453,0.35936296017726554
804,0.28206771015966076,0.5881171813752597,0.5760338006763583,0.33137476412591027
805,0.3534912336220132,0.4190925290610756,0.4217880514258493,0.32224981203386055
806,0.37518105755509323,7.058420539591329e-17,6.948536704841353e-17,0.27749628651037117
807,0.47242369460600464,0.0,0.0,0.356980649734666
808,0.34399825731191724,0.0,0.0,0.2037955825455965
809,0.45988246364842006,0.0,0.0,0.3965687334830953
810,0.45753984739890813,0.0,0.0,0.4551351837114904
811,0.4086128598525132,0.426219922267342,0.4274984292561721,0.3381791904178692
812,0.27852896684384987,0.5679098010776047,0.5556538508996999,0.5796840016318501
813,0.2228090181451641,0.41449239278341865,0.390882769042177,0.3680292353332843
814,0.3557044409419212,6.823344919630719e-17,7.014348041951531e-17,0.18891960249001372
815,0.28199741684533763,0.0,0.0,0.30814281360193196
816,0.43616375545128017,0.0,0.0,0.3505032607767306
817,0.44003650152860513,0.0,0.0,0.41034760527576875
818,0.36820295371063877,0.0,0.0,0.3609210007432591
819,0.2796795573246204,0.40412600713682384,0.4041310745471816,0.29429382214830824
820,0.4377376081150711,0.6028352554149683,0.5844854142838081,0.2771659913431155
821,0.2636559051052323,0.404893149844584,0.4075429177586026,0.30009092120058023
822,0.26839125399006447,7.62180607466875e-17,7.51976411339289e-17,0.28846011003127464
823,0.23750927589723192,0.0,0.0,0.22195343322882166
824,0.32956671115207564,0.0,0.0,0.27013549723570107
825,0.48164925018872357,0.0,0.0,0.43057586922560287
826,0.3853391331949109,0.0,0.0,0.5506844809867125
827,0.35030814753889783,0.4120012296386748,0.44857948020471017,0.4701761881687637
828,0.23328172721273938,0.578601748742606,0.595958691412933,0.5164293288359451
829,0.4198424752546517,0.4368322547783047,0.3953554691168421,0.4620418636050372
830,0.26537635275320826,6.907555085665998e-17,7.055028059685537e-17,0.4267298461859054
831,0.34638177869747705,0.0,0.0,0.30085039047593454
832,0.30716978362761294,0.0,0.0,0.3566827330579717
833,0.44762257061481714,0.0,0.0,0.3217429144092712
834,0.36929441288761455,0.0,0.0,0.3631073358571071
835,0.38791221320256825,0.3995571279519273,0.45123918621937537,0.40062155869353205
836,0.4335927668360158,0.5820181765556751,0.6313382201987274,0.4563746672483725
837,0.574498866881192,0.45074111426605923,0.39516005501635426,0.4061371868063858
838,0.43143633825513245,7.193135091721844e-17,7.18311446182486e-17,0.32640871891784135
839,0.32494423802001243,0.0,0.0,0.33935872274404
840,0.34208218547942243,0.0,0.0,0.38510875383724624
841,0.3104896438210465,0.0,0.0,0.4297150336592735
842,0.28918922293711685,0.0,0.0,0.23228927696336613
843,0.33770051114685784,0.4232049178976609,0.47622053251113367,0.2852366934635963
844,0.3069738969178921,0.5668817564017562,0.5887836174143343,0.49491984668302064
845,0.4283124282330785,0.42389974280967435,0.401054530470816,0.3568886328603842
846,0.23464290063099497,7.067868865710696e-17,7.234641821655987e-17,0.2993547270811957
847,0.4662966459914944,0.0,0.0,0.3066256425608861
848,0.4161339210310833,0.0,0.0,0.314558752111545
849,0.3641926590415636,0.0,0.0,0.4179362642572341
850,0.3833875506869,0.0,0.0,0.2725540501423165
851,0.3364143551433414,0.423817455214433,0.4012450582034457,0.3946202607544729
852,0.4103641306751696,0.5796791503426251,0.6092326057100286,0.4079674624854336
853,0.4709517324256557,0.4323851761901891,0.3786382234061554,0.4017692777613471
854,0.27061363644361897,7.493861788447447e-17,7.513035898176034e-17,0.36321568229022966
855,0.17880327721292374,0.0,0.0,0.3837331091361996
856,0.41041440632549236,0.0,0.0,0.2828229657339867
857,0.3937423816997944,0.0,0.0,0.2671255110429188
858,0.2704991075668928,0.0,0.0,0.6282194320360621
859,0.3179666471840026,0.4271284240064885,0.4435127473814924,0.3611793158179908
860,0.2966085603059967,0.5427052008707226,0.5899377064071996,0.364073540645554
861,0.28885255737198945,0.43209123985810394,0.4108228363691692,0.4290897940472028
862,0.3077243054356992,7.415633021060498e-17,7.41266001786025e-17,0.4997015100592421
863,0.3046510538473396,0.0,0.0,0.27685297258194475
864,0.27417316335570996,0.0,0.0,0.2393710020436034
865,0.2846493503481595,0.0,0.0,0.23625039721899133
866,0.35880050134181063,0.0,0.0,0.5409895578840413
867,0.40723488578410855,0.40418370472835397,0.41413027044099643,0.286655033652049
868,0.3500492820972643,0.5721296206533351,0.5657899241038093,0.3789233420821921
869,0.47633243463228253,0.39850229642907825,0.4202760414664799,0.2627372490938555
870,0.3900613003046346,7.418230570949151e-17,7.276468670186388e-17,0.19441693706672558
871,0.17138114661228276,0.0,0.0,0.3012281969887837
872,0.3907821522043304,0.0,0.0,0.244630709028829
873,0.4201769773570997,0.0,0.0,0.29045973655621016
874,0.3373622857217187,0.0,0.0,0.5814462922758783
875,0.24010282036822592,0.41383846402208024,0.43587935248877696,0.4321121895157818
876,0.38164245847525147,0.5912274138918072,0.6130046509781272,0.47398273448953676
877,0.35885171395031706,0.4361763700034968,0.42832119325884077,0.44208853538346676
878,0.22624475200962557,7.816569965789817e-17,6.979843616168635e-17,0.32832328335504257
879,0.18450065747254787,0.0,0.0,0.28565074316077904
880,0.328808016440131,0.0,0.0,0.36245683227158665
881,0.3354688553159892,0.0,0.0,0.3756216515143208
882,0.33826324142442843,0.0,0.0,0.323109236240137
883,0.38043550104641527,0.4084297817867792,0.4178821163903683,0.40176135756775744
884,0.2697121405746359,0.6046265725722183,0.6119490495115392,0.30935680728703857
885,0.31529451323445995,0.41275020664876927,0.35629692755959597,0.3416307814569874
886,0.39089587414690974,6.689599365951759e-17,7.728944945083644e-17,0.30403502363374124
887,0.29377956648594244,0.0,0.0,0.20188931526049342
888,0.16951751864030512,0.0,0.0,0.10159894450834334
889,0.3106587414827996,0.0,0.0,0.2640216442611868
890,0.2721253263400671,0.0,0.0,0.5595516391493833
891,0.4146415989013298,0.4249104314621532,0.4320144273214877,0.3569597910514839
892,0.4110249130287957,0.5883113563092803,0.6257792938055172,0.45673798878039357
893,0.19205050674655363,0.3798364809990918,0.39078974450177173,0.1454834549458209
894,0.41261606287777924,6.875644569407137e-17,7.114007170816246e-17,0.23588615902312754
895,0.21670933912730092,0.0,0.0,0.19247900751892172
896,0.4917820403734909,0.0,0.0,0.31563381031654425
897,0.35219938831079045,0.0,0.0,0.5992725628143765
898,0.2536508683425323,0.0,0.0,0.42431411251924034
899,0.27287840769158395,0.41702081500689553,0.4104672925611722,0.5566382680886608
900,0.413099747375183,0.5918133378198485,0.5728486371271886,0.3528465454278822
901,0.31794702577101436,0.44322056093147577,0.41729250710600113,0.4935639521463593
902,0.32619842036344165,7.88430004791701e-17,7.78078362784263e-17,0.5431894819935448
903,0.48835503803055613,0.0,0.0,0.3161401081198063
904,0.26508635333583547,0.0,0.0,0.28108428863600654
905,0.3622202489639101,0.0,0.0,0.22444286949532413
906,0.5194216153672411,0.0,0.0,0.34653114077223884
907,0.4132753107409794,0.4156677831143436,0.4073983507286381,0.3944136307144185
908,0.21677689309413523,0.607125843869535,0.5914875506781468,0.5805325283648507
909,0.4067628643675531,0.4384144792810124,0.41734338467326604,0.22672656578473077
910,0.21871047398039858,7.659411101706969e-17,7.290942640738432e-17,0.34097694912844084
911,0.46690471606763595,0.0,0.0,0.1447931510553777
912,0.25186910339781393,0.0,0.0,0.29147958101375493
913,0.6523200181077746,0.0,0.0,0.38650860307441
914,0.5233198696015724,0.0,0.0,0.42784058603766034
915,0.3057078103704102,0.4617134190913627,0.4045615868646875,0.44427137529740024
916,0.37858365126896554,0.5825210586329098,0.6023355640928428,0.4163226740574891
917,0.4307334954965545,0.4364593915743932,0.41060970597530294,0.41341126134283224
918,0.4125219113202825,7.562344747113316e-17,7.395738370731235e-17,0.338729776797878
919,0.36960269333082785,0.0,0.0,0.22058243673431097
920,0.45851528076256665,0.0,0.0,0.14813368069795002
921,0.34221568583811507,0.0,0.0,0.29984379832783037
922,0.33905401707954513,0.0,0.0,0.36226424063082546
923,0.34982618170909097,0.3992864797604848,0.432523581581329,0.5099057602191001
924,0.46156310713436116,0.5862475673386631,0.5711153505316314,0.3656656164215297
925,0.39103068453181666,0.44598946704916653,0.44807886165382854,0.3348556770798828
926,0.36242774363498126,7.284602394867004e-17,7.656727879241997e-17,0.3718520897501336
927,0.40403600542727025,0.0,0.0,0.2975113817564319
928,0.12733631227392195,0.0,0.0,0.4134957529540013
929,0.3846616388824189,0.0,0.0,0.5515881183332917
930,0.39672484881787184,0.0,0.0,0.5939465113515703
931,0.5505355646249744,0.44612661193972913,0.43953959714912383,0.3933588192193528
932,0.22200916170413354,0.6172211037039219,0.576068970583683,0.40855719640004506
933,0.5093734197325797,0.39234919852775985,0.4542216488608653,0.5115403685322522
934,0.339982465951774,7.207428086520535e-17,7.21772959729461e-17,0.31744535076968033
935,0.37255370956090833,0.0,0.0,0.39157397068732175
936,0.49917452483037145,0.0,0.0,0.21806663310085125
937,0.40887197630558747,0.0,0.0,0.3217119346775304
938,0.4140458818868827,0.0,0.0,0.4896205146051573
939,0.40702496808526206,0.43211006460252477,0.44677505623764396,0.3109762861262679
940,0.3256612394411889,0.5773269913923069,0.6287471449174065,0.3612039350676588
941,0.3499469370539909,0.3754031351593357,0.4174487013985535,0.19537488494481822
942,0.2600313694571589,7.38664145541471e-17,7.160415271803183e-17,0.5321594755203974
943,0.31833915956248193,0.0,0.0,0.4490986564867205
944,0.09712984090350266,0.0,0.0,0.34953286722428717
945,0.3948400708013636,0.0,0.0,0.4026874012528415
946,0.3609755921018426,0.0,0.0,0.412739128174542
947,0.3483157403779323,0.42500354258356404,0.41612323256209405,0.5203672893476873
948,0.39512512587421944,0.5747408669766157,0.62253183956448,0.3212693132430679
949,0.20857972174806466,0.42051502364200116,0.4285030774413273,0.4251628760374319
950,0.5236499102711406,6.71694602337157e-17,6.994566190585295e-17,0.43846456049422966
951,0.3116593678958488,0.0,0.0,0.44346871109225444
952,0.31527815813899573,0.0,0.0,0.10392551305304493
953,0.2545361838585189,0.0,0.0,0.2911483570452966
954,0.37468364655233366,0.0,0.0,0.2703719461772171
955,0.5197717938991392,0.40341473984550197,0.45417211554988385,0.39603463342887973
956,0.4758806292506109,0.6240028723565594,0.6230729767654634,0.17068598635598028
957,0.4365195799858667,0.4505933118477744,0.4377905470413313,0.1465135157772508
958,0.3845024966029419,6.157345147353138e-17,7.330883354505885e-17,0.5468721006238407
959,0.2852215521155501,0.0,0.0,0.38284474369814514
960,0.1839856567755456,0.0,0.0,0.34110289779909697
961,0.3301112997281487,0.0,0.0,0.3865824416987104
962,0.34784123389704086,0.0,0.0,0.38606247272532657
963,0.48509462088193633,0.37377642680468043,0.45540364379314235,0.4799502425699648
964,0.40236742459639063,0.6615950853727515,0.6298888529972614,0.3081839611440107
965,0.511446329705167,0.43285020933304685,0.4424398093818466,0.36887665952216914
966,0.44875082748303324,7.077137716358475e-17,6.647554120810883e-17,0.3517441002729873
967,0.2745656159644026,0.0,0.0,0.2155293810689784
968,0.1486283620986663,0.0,0.0,0.4558395876669584
969,0.4879120085903977,0.0,0.0,0.3047868112061086
970,0.5065062109549204,0.0,0.0,0.4723098556127361
971,0.24273332610602696,0.46600393750964086,0.4273866248047269,0.3908457578333976
972,0.5214916906145961,0.6146314351619971,0.6055990953715428,0.5339261718727518
973,0.38756620225550137,0.44160096425979417,0.3996539911502757,0.24521657634409716
974,0.34420983157321844,7.515460181755416e-17,6.858618624510113e-17,0.21966540160960818
975,0.48083281062098226,0.0,0.0,0.22878492609581869
976,0.4617492986451197,0.0,0.0,0.3406103363734956
977,0.41362707995717496,0.0,0.0,0.5026408243354751
978,0.41702889477444927,0.0,0.0,0.5290165500097761
979,0.44013341381069054,0.41522170942044556,0.4264035486557899,0.1474971247138106
980,0.3297014448049984,0.6042297036868778,0.6039957289181596,0.39467790431550487
981,0.3429838397844225,0.4341116699933361,0.40861726818810423,0.02719862370615228
982,0.2370490658626039,7.457967428648044e-17,6.838357018797233e-17,0.40678396070056166
983,0.2851900071837627,0.0,0.0,0.43031092624717526
984,0.28975733928138864,0.0,0.0,0.3223962996790634
985,0.2841033936217119,0.0,0.0,0.3560320883333538
986,0.3825217842843211,0.0,0.0,0.37621102331349876
987,0.3452358455138207,0.4415308852706814,0.42684291487858733,0.29918973870975374
988,0.41907060605467217,0.573553386753363,0.5983705402255678,0.4120177125516228
989,0.18540186925450183,0.39739069452986037,0.42021564762932023,0.32449313041855266
990,0.315085247737552,7.116325992319863e-17,7.571345855136725e-17,0.4194498980772438
991,0.3307890946016279,0.0,0.0,0.30627123713195537
992,0.2944984501082497,0.0,0.0,0.23945906344311185
993,0.32953530754661103,0.0,0.0,0.1931881104409831
994,0.20946317989014482,0.0,0.0,0.18158129845755933
995,0.4124222879944834,0.4694381532228785,0.4498405903779977,0.5080255119229777
996,0.4327483792198376,0.6199933611536578,0.6217872095169704,0.32220884567722863
997,0.39612830694791085,0.37787737922073905,0.4312743257806782,0.380631996535699
998,0.429434080036156,7.83520959849884e-17,7.428884341225943e-17,0.5038843632663896
999,0.33692753810578435,0.0,0.0,0.260494144397745
1000,0.3725710948629762,0.0,0.0,0.2619552283597671
1001,0.3615252540791641,0.0,0.0,0.3327000049979465
1002,0.4358844556283247,0.0,0.0,0.37007265371107456
1003,0.2181932166202666,0.46140603634598143,0.4215691096546091,0.5646713152590634
1004,0.27777128687127417,0.586133927206072,0.6273110419744434,0.5237114430784866
1005,0.504606145936788,0.42768325978455923,0.406043144457832,0.40800372182415356
1006,0.07865939458826193,7.545736646212385e-17,6.868263041864456e-17,0.4696443536975693
1007,0.3018983872509445,0.0,0.0,0.29809427897669327
1008,0.44107328558856684,0.0,0.0,0.35376224634660786
1009,0.33573292650917996,0.0,0.0,0.3149076286094869
1010,0.32577108935388305,0.0,0.0,0.23723535824098888
1011,0.3880011607448865,0.4310268418244512,0.4267090658398121,0.49544646724271596
1012,0.3309601784987082,0.6473330932374572,0.6488887435171993,0.41944206989793886
1013,0.3481439423390503,0.4403459989715766,0.40515226630445594,0.3468663404057228
1014,0.255507685975747,7.177937227674351e-17,7.431603679239908e-17,0.32359900469654246
1015,0.4259264350589288,0.0,0.0,0.16443750597270554
1016,0.4653165586911946,0.0,0.0,0.225242533269357
1017,0.3308642378090627,0.0,0.0,0.3778185870316274
1018,0.226767531386697,0.0,0.0,0.3125052067283708
1019,0.3218189529888854,0.42406299952578114,0.3970649121445343,0.3524319658984759
1020,0.3470176074455249,0.6351477918676581,0.6095195116662301,0.3549508669779112
1021,0.39475715771054576,0.415716820823066,0.4401432483134125,0.27595639311851383
1022,0.22218874426756074,7.43659528632718e-17,7.257934807652746e-17,0.2261982345822235
1023,0.23728703815600988,0.0,0.0,0.1529675069276876
1024,0.37320367502357454,0.0,0.0,0.30748423333653974
1025,0.43724014787724597,0.0,0.0,0.40521011943431856
1026,0.3024030635918182,0.0,0.0,0.20019905388689155
1027,0.2400275592781906,0.44517452907633787,0.4664179351234168,0.3709444821633076
1028,0.692974288237675,0.5526007091284377,0.58861925728559,0.3926767933780427
1029,0.4216796883821615,0.4418259116043685,0.4371453299273155,0.24439122430037571
1030,0.2954356850609906,7.917962029911575e-17,7.779193170867284e-17,0.4643502423925026
1031,0.40025239222637415,0.0,0.0,0.27477772776944936
1032,0.3088383636757287,0.0,0.0,0.31115805780151984
1033,0.42921291899278596,0.0,0.0,0.3263702800229695
1034,0.37964975329598594,0.0,0.0,0.18663299125925814
1035,0.38162441989952467,0.4488269841553847,0.43965538551949895,0.47337243725117173
1036,0.35235224669528487,0.6741501904130207,0.5967543321986737,0.26815855667644
1037,0.19775909673645833,0.42491456567926533,0.4290359903712426,0.3188451785421937
1038,0.515093516586485,7.180518441428055e-17,8.446803686226532e-17,0.38105012677497047
1039,0.21834383805599294,0.0,0.0,0.4585875726972207
1040,0.18443185765823814,0.0,0.0,0.21244098709961368
1041,0.3203614304492573,0.0,0.0,0.2969990601654513
1042,0.26671344080943976,0.0,0.0,0.5011024851612058
1043,0.36647613966886694,0.4506829287594451,0.4416795767510629,0.41801880665243873
1044,0.4316370070166673,0.6277518381421664,0.6335571044498665,0.42997775806565125
1045,0.4411777087778163,0.43473123249602597,0.42518933885699994,0.23653424514727722
1046,0.40190728745146576,7.173934436396855e-17,7.507299474464446e-17,0.2825132622966418
1047,0.28108421324632593,0.0,0.0,0.2948638754868509
1048,0.32454606174767814,0.0,0.0,0.23379740324722215
1049,0.38158798750686507,0.0,0.0,0.17334311984972522
1050,0.1862345434585051,0.0,0.0,0.3109634299763528
1051,0.42785855242910187,0.4385223403589302,0.47114733469071896,0.506228902375559
1052,0.2162833570943292,0.6298664425376415,0.5886595725289278,0.36793063240876195
1053,0.5448347423077649,0.44280889869490814,0.44058582298031745,0.4782291737744536
1054,0.27913537051735005,7.482390827028666e-17,7.843049915969593e-17,0.3374889704044715
1055,0.2923125646976569,0.0,0.0,0.23432930945831973
1056,0.24177155888408627,0.0,0.0,0.44650417013104404
1057,0.2769584690578992,0.0,0.0,0.3611880863102581
1058,0.5885780325933886,0.0,0.0,0.4573525589218044
1059,0.463992441105798,0.41904294077563053,0.43135398193805946,0.2631226551314111
1060,0.2062484311642808,0.6417135352805532,0.6317838016200336,0.46504430464051494
1061,0.49037676231199123,0.4207226997239714,0.44968291853480413,0.4468443997978881
1062,0.438066496322015,7.616165939059792e-17,7.297975085231828e-17,0.34771898324352535
1063,0.28183422601463937,0.0,0.0,0.22926326366248995
1064,0.34857032924756076,0.0,0.0,0.3132997521733158
1065,0.337619430538066,0.0,0.0,0.40024295320399783
1066,0.5575850323604631,0.0,0.0,0.38378404390942317
1067,0.2894848195809644,0.38978234213703666,0.41943171928905776,0.42922211229094986
1068,0.3749281028933425,0.6528987572645227,0.5797765297224271,0.4615516326810603
1069,0.29629930538089294,0.468926317621785,0.438539246801188,0.27426917314298127
1070,0.17459659458279156,7.36331324197157e-17,8.378320839791511e-17,0.20239307294856307
1071,0.5282776639856721,0.0,0.0,0.3053599583429492
1072,0.1989055691756418,0.0,0.0,0.28408791119889626
1073,0.36028834927025705,0.0,0.0,0.4168600718370945
1074,0.18541857331904232,0.0,0.0,0.2520387949911951
1075,0.32836837659717016,0.42446911559333184,0.4445816073867916,0.4703136179392474
1076,0.40168551610042164,0.6060056794379189,0.5948023760545205,0.49484984491175243
1077,0.2558020325712432,0.4153345654700417,0.42316946287653023,0.33830592694770845
1078,0.3757424121594486,7.278413528232394e-17,7.499412345614079e-17,0.3231358396440135
1079,0.2813713213326712,0.0,0.0,0.23152078039846413
1080,0.4322355446100239,0.0,0.0,0.2619612034727559
1081,0.47361658813978136,0.0,0.0,0.2966068287411906
1082,0.2999792241683542,0.0,0.0,0.5029477070251485
1083,0.37511378274505464,0.48882195520885613,0.44383099113834096,0.36025341822468154
1084,0.3769991228885787,0.6525424824227396,0.5615342096079743,0.22643640457735456
1085,0.39937542634922885,0.4421403832988688,0.43182696124550607,0.36297593101695935
1086,0.3176654929945892,7.330891583480965e-17,8.442122399934553e-17,0.3988563058323902
1087,0.32646159274004327,0.0,0.0,0.3048993598735995
1088,0.2910554338267829,0.0,0.0,0.4623174252789938
1089,0.3481332714390931,0.0,0.0,0.4143601514684811
1090,0.48761650753100094,0.0,0.0,0.2529096151887023
1091,0.4312176088630767,0.40682002161352937,0.40851397721559307,0.31146600350225107
1092,0.4279480521218246,0.6110126370947996,0.6228917413501578,0.3804451163199486
1093,0.4089163171554491,0.44955267419989825,0.46918167191503446,0.16999036093923053
1094,0.30001520351819133,7.466389959874642e-17,7.427897123671868e-17,0.3490317550533563
1095,0.33849198909984435,0.0,0.0,0.13045104201642646
1096,0.20605146936677893,0.0,0.0,0.41691218275680436
1097,0.4626628062676455,0.0,0.0,0.42650940911512064
1098,0.07869920083722415,0.0,0.0,0.4074733801630533
1099,0.3570672014024073,0.4156549623462859,0.44011267457587405,0.2981942042007186
1100,0.4710848417865736,0.6292036336381145,0.6661812300687859,0.3740155265329001
1101,0.19939524727301564,0.4470051042067581,0.43713839043827035,0.2844442918844849
1102,0.3545468289620385,7.225104092505001e-17,6.545171415265583e-17,0.21148730945534677
1103,0.23770539597804713,0.0,0.0,0.27190773945880875
1104,0.2768654796637333,0.0,0.0,0.3835723598318298
1105,0.42955310568216043,0.0,0.0,0.3393404289013927
1106,0.375977905642328,0.0,0.0,0.5012432054672553
1107,0.1615234228297803,0.42414775433926527,0.45986236272933945,0.44153706356624406
1108,0.2585296590806532,0.5821522070603417,0.5974020201263269,0.4220412944443749
1109,0.4324925831070926,0.40871746931303965,0.41858779384506917,0.17406635467365622
1110,0.35864007800192,8.198353035161153e-17,7.580623924775465e-17,0.2852299531670924
1111,0.47977256687064507,0.0,0.0,0.1985217685747967
1112,0.481191991536278,0.0,0.0,0.29462694417255786
1113,0.2999159225558655,0.0,0.0,0.26481282317822896
1114,0.60567741951309,0.0,0.0,0.3175931437003472
1115,0.3665884025557357,0.4209139260498888,0.4277849084700506,0.4702567088079297
1116,0.25908678556523856,0.6454844960419305,0.6345921528470864,0.40287863190672446
1117,0.27077644897948694,0.419853971948834,0.43992596290883657,0.4348518784687082
1118,0.08725472160600639,7.358179582367754e-17,7.57204424920226e-17,0.1528589212333497
1119,0.4648423363954728,0.0,0.0,0.30993790523211107
1120,0.4715895565228806,0.0,0.0,0.40878385575815435
1121,0.23177581717275852,0.0,0.0,0.4839561525428062
1122,0.33175133565149645,0.0,0.0,0.19973092552043772
1123,0.3728873154653484,0.4296958202669148,0.44435076489843606,0.32817819743797366
1124,0.25850445927547566,0.6264412887398205,0.6081673127983037,0.45796243189016334
1125,0.15781635792697446,0.4208494337118289,0.4566000908555087,0.3140987297729461
1126,0.29107759724080307,8.133764603322394e-17,7.56995962465933e-17,0.22107159020152184
1127,0.27121861810816594,0.0,0.0,0.14832664320448985
1128,0.2724632997029646,0.0,0.0,0.21643427033552545
1129,0.354789233497535,0.0,0.0,0.16362746038106563
1130,0.4966827965256342,0.0,0.0,0.35957687635643754
1131,0.3322083552682659,0.4092876279434069,0.42533922780685357,0.4521486458153045
1132,0.37077513054517125,0.6417157315958728,0.6012376168321487,0.22763335478217456
1133,0.4052046796119322,0.44067126681089286,0.455275321827348,0.35829060135854385
1134,0.36671871645311704,8.219904393470691e-17,7.393725948609373e-17,0.39583152674642885
1135,0.2410752747926544,0.0,0.0,0.3022467945526036
1136,0.3201383827009437,0.0,0.0,0.14943124089781556
1137,0.38646785584204185,0.0,0.0,0.37033502929138684
1138,0.24009194350965513,0.0,0.0,0.3474623827842859
1139,0.48806777490478737,0.3820061781974469,0.4335401445824581,0.346063408965051
1140,0.49608596778214403,0.5794995333336527,0.6451998066191629,0.29824335268468644
1141,0.2594358482806871,0.4426992526595459,0.39955843757712733,0.34039261645254065
1142,0.329867672224357,7.8637361436029e-17,7.359139747578295e-17,0.3614824612342361
1143,0.36594169949223965,0.0,0.0,0.5407786872587214
1144,0.2551409199181954,0.0,0.0,0.3209355423897911
1145,0.3790769235554765,0.0,0.0,0.4820296549879344
1146,0.36845430505147997,0.0,0.0,0.3879042507649511
1147,0.21412372122278697,0.46162365644076314,0.45624481630818353,0.35096270622189174
1148,0.39804487402011923,0.654443597234313,0.66356386102047,0.3669834951933927
1149,0.22090129735956343,0.42861427684835146,0.4288774742212751,0.2087419020174161
1150,0.40362262071727534,8.047588453774233e-17,7.916725655577781e-17,0.3402883626262744
1151,0.2337944314732781,0.0,0.0,0.10170903250452976
1152,0.2927811124841612,0.0,0.0,0.22264302006142256
1153,0.46735075063052967,0.0,0.0,0.3411071685992532
1154,0.40097422737435306,0.0,0.0,0.47073429003935296
1155,0.25217546732841767,0.422410055227312,0.4429388406829734,0.5031852989857116
1156,0.24984440564156019,0.6216559812015622,0.5925780532721918,0.32768140475737506
1157,0.2701925804234996,0.4631672037763232,0.4254224829907414,0.3456945912389162
1158,0.34837406418594236,7.475741946948774e-17,7.529351441994579e-17,0.40734590280847854
1159,0.33595284077914894,0.0,0.0,0.16717350206658024
1160,0.22381263570897142,0.0,0.0,0.3485976167068087
1161,0.21261512104941885,0.0,0.0,0.24654678287427384
1162,0.3787076135550346,0.0,0.0,0.3333667685787793
1163,0.34115006303183854,0.4339661764970158,0.45056193296822483,0.3134337445614232
1164,0.5662708617912249,0.671989045181848,0.6252915129226441,0.39408508575126594
1165,0.33299643526716266,0.4514108795905771,0.4624866013822925,0.38436643701176376
1166,0.48954814894528587,7.645873678557406e-17,7.579789220922894e-17,0.3972307339149981
1167,0.1822977098004208,0.0,0.0,0.3341559524572996
1168,0.15002090571260868,0.0,0.0,0.32450757666566904
1169,0.21654688985182236,0.0,0.0,0.513957783148236
1170,0.46868158468531884,0.0,0.0,0.19733269952025448
1171,0.5341655620737292,0.4374237186812629,0.4227197865835436,0.5281163891172997
1172,0.2715506611447088,0.6002800082639539,0.6496743461307433,0.32078641565313254
1173,0.28249880012842005,0.4551929034212332,0.41828406646119326,0.3856445617412063
1174,0.19044410864752942,8.159380330109458e-17,7.536923252327437e-17,0.2747762316094193
1175,0.11739141839253706,0.0,0.0,0.22830124014921316
1176,0.3784090574368359,0.0,0.0,0.35502560693859575
1177,0.35008312139098563,0.0,0.0,0.43199392195621367
1178,0.35004309279775325,0.0,0.0,0.3962950900271063
1179,0.2177754373784313,0.4594052273013171,0.4193707162790201,0.30356951242648106
1180,0.5129899627132318,0.6120065495921587,0.5760636663391037,0.7101293008119327
1181,0.277445417289822,0.4408258208407002,0.4716876631951552,0.4476384581813946
1182,0.3599305301408205,7.511084866908396e-17,7.230280322199468e-17,0.3999021180798982
1183,0.1523249505702969,0.0,0.0,0.26248466802054893
1184,0.28674764062979463,0.0,0.0,0.2432835807628944
1185,0.35615080865125315,0.0,0.0,0.29902945544310083
1186,0.3809340882683219,0.0,0.0,0.45636722090223947
1187,0.37247821735105724,0.45522456847099263,0.40565992218379665,0.25795292931981195
1188,0.39767881566786845,0.5887559842224375,0.5925409901179126,0.24140618331755948
1189,0.21396131742409863,0.4174723324793106,0.46014365834821547,0.3809681163634966
1190,0.32553742013576437,8.130208455575822e-17,7.869504741987304e-17,0.3377198040560104
1191,0.3083891313754225,0.0,0.0,0.2199820092383052
1192,0.3282065113805571,0.0,0.0,0.1959188851195286
1193,0.33348696812856565,0.0,0.0,0.4700421457334907
1194,0.2201443724409041,0.0,0.0,0.38316609236220006
1195,0.22447247118575006,0.43856009263431334,0.41640617847358036,0.21989886002384418
1196,0.12603883124378873,0.6171813303356275,0.619104839714947,0.21810309622401447
1197,0.4080058973811772,0.4485213000246397,0.4167031508986013,0.2901012491516005
1198,0.3878049939345709,7.390036304224003e-17,8.289890010305154e-17,0.3783234236608144
1199,0.38060747551885954,0.0,0.0,0.3557533266074755
1200,0.3349643594890958,0.0,0.0,0.4174532169430724
1201,0.11218664490673594,0.0,0.0,0.17646358593246728
1202,0.24404072093561685,0.0,0.0,0.3690964390921091
1203,0.3725401084378583,0.42688220419354944,0.4013539917472028,0.49808959991068313
1204,0.360263570393323,0.5954165050770791,0.6463069932127987,0.4799919431617533
1205,0.3032237453633449,0.4663043279123827,0.47256116820856947,0.36138956481981566
1206,0.3411770835337753,7.304381093267218e-17,7.33315926503249e-17,0.5390872141083383
1207,0.2966637374470716,0.0,0.0,0.356427078320133
1208,0.31561579038346377,0.0,0.0,0.4078134071124619
1209,0.26084541398072236,0.0,0.0,0.3291967391414746
1210,0.4441662493116794,0.0,0.0,0.2678676214150917
1211,0.3116747863958856,0.4828622772906322,0.42399053572636713,0.2672310271860494
1212,0.21290024239745775,0.6113690540287409,0.5933676643035177,0.3641266721789624
1213,0.2476520459820511,0.4351286847896835,0.4495880850514871,0.30360174657890326
1214,0.26869212469212955,7.78928608403781e-17,7.291712626617283e-17,0.12668017683697944
1215,0.39415222610080863,0.0,0.0,0.19217258877134985
1216,0.2985728061131485,0.0,0.0,0.2709592485512185
1217,0.30539798749565933,0.0,0.0,0.39674074698594014
1218,0.22035967035155787,0.0,0.0,0.34361862421161316
1219,0.4325610683751819,0.46089915546995364,0.44535951850068234,0.34680638834217287
1220,0.28003079742548204,0.6241520147683497,0.5878331517785444,0.246534750127489
1221,0.3140100234980906,0.4618826791182452,0.4217871806856769,0.3263294173984341
1222,0.45081791364481427,8.055971036204548e-17,8.078049187807911e-17,0.4347097087012266
1223,0.34488914249715463,0.0,0.0,0.3095703206680799
1224,0.1392427638788372,0.0,0.0,0.15133681050216843
1225,0.1463303484507038,0.0,0.0,0.1981290926554979
1226,0.33806353050962284,0.0,0.0,0.40337346324386275
1227,0.23200731059847052,0.4388711969736613,0.45417650602172155,0.33084982456368905
1228,0.40934925028484725,0.6894181048325134,0.650751690315616,0.337036552511196
1229,0.32750767858244895,0.437837978460183,0.46975658190936664,0.26200795458447534
1230,0.31860664555274093,7.689376359132177e-17,7.425466955355671e-17,0.35240938987034587
1231,0.22260705392171576,0.0,0.0,0.2631896007614161
1232,0.4754830141788382,0.0,0.0,0.28268332647730715
1233,0.60681722488681,0.0,0.0,0.23743551291945142
1234,0.315912583145689,0.0,0.0,0.43594018533563744
1235,0.38786177692726415,0.4754760699041681,0.4081770655375851,0.33044457292412194
1236,0.3535127898277917,0.631522950233109,0.6641992068138477,0.40455908883333647
1237,0.29658916574165717,0.4879324678523385,0.4196319737927244,0.20319869568236226
1238,0.21813760187688797,7.990968289412624e-17,7.588179819735248e-17,0.47473296248802843
1239,0.18406105333771627,0.0,0.0,0.4202952559370863
1240,0.1870695337981052,0.0,0.0,0.10964949338476493
1241,0.3623664663411686,0.0,0.0,0.24164871627988252
1242,0.2910882194014869,0.0,0.0,0.3908191063228389
1243,0.094013178772201,0.5449612479079906,0.4220026565420722,0.21986959817135365
1244,0.3875414892816827,0.6617435901620621,0.6593077574519955,0.32989625900551783
1245,0.31801633553983844,0.46441647392686164,0.4321307303794439,0.36450564238393374
1246,0.43529656049077226,7.471001113285636e-17,7.520456787056489e-17,0.28215666915270926
1247,0.3291547034953549,0.0,0.0,0.3457263341399636
1248,0.15205485610578748,0.0,0.0,0.23058922527662906
1249,0.0981677550994155,0.0,0.0,0.0967172649556014
1250,0.2704013841742163,0.0,0.0,0.4405601538245161
1251,0.2886246771030484,0.41255206259956445,0.44543885441578235,0.44871688453266667
1252,0.4366645427080267,0.5950686497015312,0.6136987664041855,0.5927122868368433
1253,0.32024832594345626,0.4231393715036404,0.43258244292062514,0.10041676737898214
1254,0.4132910655466681,7.351490006157813e-17,7.299631794091197e-17,0.3750054266714988
1255,0.15865211360215012,0.0,0.0,0.09426720536407487
1256,0.3957501627592695,0.0,0.0,0.4748730524887566
1257,0.3925358430999131,0.0,0.0,0.36922361112642205
1258,0.13982672004929786,0.0,0.0,0.24645724642479216
1259,0.48269871188289837,0.4455901475799543,0.42214477850065746,0.4284591752169647
1260,0.3509959803690528,0.6919915806441376,0.622867830522899,0.2863456304207239
1261,0.35964137814367164,0.47889977678660134,0.436577500909825,0.350478537711948
1262,0.21273411307838241,7.545757315876488e-17,8.109223806422174e-17,0.31981979594213306
1263,0.41796162904901835,0.0,0.0,0.46485374137155056
1264,0.17994876015807415,0.0,0.0,0.4800265840906124
1265,0.40295639835495217,0.0,0.0,0.26002065919020695
1266,0.4230211475440211,0.0,0.0,0.4467709617527576
1267,0.25233045370033536,0.4479423732835286,0.4830272126924773,0.3852312120745873
1268,0.5392977598954114,0.6326596633610612,0.6703747404460316,0.1996921932524628
1269,0.3429000445393095,0.45762972675176544,0.42617116138525646,0.25012435848033954
1270,0.36392325410906357,7.255264143705604e-17,8.105805227457487e-17,0.5321486030419236
1271,0.13703511698398196,0.0,0.0,0.32553263662802306
1272,0.509626226702135,0.0,0.0,0.39783118435303066
1273,0.19661073581436583,0.0,0.0,0.2978619986001757
1274,0.44276827654906425,0.0,0.0,0.28628544180053705
1275,0.2495892580437053,0.4188409524469409,0.4394028478179041,0.3517928806003223
1276,0.278380752987703,0.6220835628131743,0.6045401465907648,0.3136692277478495
1277,0.39794183422541957,0.4435102983064079,0.4382973599899272,0.169741136733715
1278,0.40060849776879415,7.52831637542842e-17,7.083812714342651e-17,0.19752068065587525
1279,0.1619380049254646,0.0,0.0,0.3598548812780979
1280,0.4062288429107355,0.0,0.0,0.259112557094795
1281,0.42289287895395195,0.0,0.0,0.32096531764342323
1282,0.24581269199173966,0.0,0.0,0.36310033792595
1283,0.5082595887997435,0.47071066120343574,0.4705002012789623,0.3796998343225045
1284,0.19392227005142512,0.6156770836593171,0.6156001839492388,0.454265939007766
1285,0.25591757116287095,0.4566061157307638,0.41767607181025734,0.2085252479337793
1286,0.345081888414235,8.493834591188346e-17,8.359102134514272e-17,0.35420689835939856
1287,0.2030382009703719,0.0,0.0,0.36389760879259736
1288,0.32290129947086016,0.0,0.0,0.39510456880307665
1289,0.341840202218852,0.0,0.0,0.17644083439703523
1290,0.3202383707818468,0.0,0.0,0.3644277196088187
1291,0.4309726481975784,0.44613195695373536,0.45085220388784525,0.5193401889783742
1292,0.31610971850835495,0.6517294794134079,0.6064419457187984,0.32903374585845657
1293,0.34088670121990305,0.41776587121929804,0.4373078400394189,0.3660820645349516
1294,0.41116657865171635,7.431501754623695e-17,8.491232027443114e-17,0.37455895036144454
1295,0.36680121534110655,0.0,0.0,0.18518560989869645
1296,0.37446844641092203,0.0,0.0,0.47924919022949863
1297,0.20216196054341953,0.0,0.0,0.3670300004619879
1298,0.3907723817508261,0.0,0.0,0.39024340562003657
1299,0.25923004166814706,0.42334396883313363,0.42883194272422276,0.180877182964044
1300,0.21015162622289132,0.6493502296966555,0.6085414101740048,0.41774760402202527
1301,0.30990928613660074,0.44984288545066586,0.43430167397114694,0.36772095490301127
1302,0.20543719866434218,8.156062594705476e-17,8.567759543526274e-17,0.4582858501017076
1303,0.3661416926490953,0.0,0.0,0.2559533993346622
1304,0.3766773446555594,0.0,0.0,0.19645796572618282
1305,0.1261743784784792,0.0,0.0,0.24821310264419008
1306,0.2548199515995308,0.0,0.0,0.2871523820564899
1307,0.20045833492982354,0.4422497170362459,0.4414607107465235,0.23455235030848604
1308,0.29138727789793073,0.669377821554912,0.563838484613066,0.46666620793381913
1309,0.3619545691085058,0.4434475041509756,0.4532050150181574,0.4492067884147901
1310,0.2709949888681882,7.363644980312625e-17,7.412295303398051e-17,0.2756446285720215
1311,0.22746107805490984,0.0,0.0,0.24716100991320397
1312,0.424608478164487,0.0,0.0,0.11304263415124183
1313,0.08531831165914061,0.0,0.0,0.38540015444912995
1314,0.46070442170618836,0.0,0.0,0.5023612432369502
1315,0.2913751996032209,0.45833974668747346,0.4450680251540327,0.28208455719281383
1316,0.3292063313430869,0.5817711045872699,0.5727452549315939,0.32533877977672604
1317,0.2630676951467586,0.44651963828455865,0.4808789326145865,0.3592331750503426
1318,0.4488796360370849,7.513027429999567e-17,7.359479952609609e-17,0.4670326615441637
1319,0.1627061792382435,0.0,0.0,0.3057816511022789
1320,0.29514162225675356,0.0,0.0,0.31351097688721186
1321,0.36792505390615604,0.0,0.0,0.3331130388361367
1322,0.17529411536723602,0.0,0.0,0.19389114146538547
1323,0.25319137167554095,0.47356056527541956,0.45302867642277916,0.20050212333716988
1324,0.32157653880592985,0.6695187419140479,0.6500682521573359,0.2555948752442655
1325,0.22651468525171892,0.435945553091134,0.4531429478432171,0.41647024612389366
1326,0.21240880816264496,7.369195703461153e-17,7.831363920909707e-17,0.2604322782299607
1327,0.2501949224125127,0.0,0.0,0.23222078383992714
1328,0.3583135958157979,0.0,0.0,0.23863800223680384
1329,0.2802968883989626,0.0,0.0,0.3008029782395093
1330,0.4436244889696681,0.0,0.0,0.5059926629325375
1331,0.24479288782084158,0.44616087656095277,0.5352176269841425,0.3294489275170649
1332,0.21058964347502818,0.6195050726158515,0.594206329219831,0.2571521289848876
1333,0.5072032066588904,0.46247660690974784,0.4565467074671402,0.3170932289949403
1334,0.22755964988462948,8.000690406017437e-17,7.522102275004569e-17,0.46886382322733433
1335,0.153477465379561,0.0,0.0,0.23428619419321542
1336,0.11854804490952747,0.0,0.0,0.174652938243616
1337,0.4214769879032009,0.0,0.0,0.26386751554926524
1338,0.30104939449189744,0.0,0.0,0.34805621959274663
1339,0.31859566901566705,0.41986812674059726,0.4400313530561716,0.4127907376048409
1340,0.3192596747992394,0.6188191426525508,0.6312859846147559,0.43586820382612795
1341,0.41526093098928507,0.47104754024723755,0.47106960061423336,0.2093949151260741
1342,0.2748004556891185,7.600142815775906e-17,7.327214552945377e-17,0.19766890564080355
1343,0.5183720204055696,0.0,0.0,0.25164041658355796
1344,0.30553815038914756,0.0,0.0,0.36061139545341425
1345,0.4195537731151532,0.0,0.0,0.1873745066540955
1346,0.41511248564535813,0.0,0.0,0.27385580881314775
1347,0.3397305643935173,0.45716038802151604,0.418523237302357,0.28410092347812627
1348,0.27589140125287115,0.602948820330018,0.6580706842124822,0.4287633853913545
1349,0.3465716892759764,0.48876423411832576,0.4344805383850725,0.3662013724857648
1350,0.34317196610445194,7.84561816897818e-17,8.169517563315859e-17,0.38253392908871664
1351,0.2261166916066683,0.0,0.0,0.4172430938426265
1352,0.3082154861659011,0.0,0.0,0.26101659006192746
1353,0.43641530083239155,0.0,0.0,0.19405418752106374
1354,0.5410027803489962,0.0,0.0,0.21591164465732632
1355,0.4282317350413741,0.4613022922029315,0.4754284022129491,0.15898404650054795
1356,0.5202839750800565,0.6164307073309059,0.6156299802692041,0.28813132347540904
1357,0.24985738188578632,0.4658833382896631,0.42189572111761525,0.2743725415232581
1358,0.3617698247767649,8.098786886778167e-17,8.014513149560189e-17,0.3703369402513403
1359,0.4166467538645591,0.0,0.0,0.2844862247240923
1360,0.20137879756356997,0.0,0.0,0.24197928642650893
1361,0.263666323091865,0.0,0.0,0.30062546168030735
1362,0.5072290139154874,0.0,0.0,0.22954118936048595
1363,0.24471544871767192,0.45064390991000436,0.4173611445836732,0.4447659913714946
1364,0.19932553446639129,0.6183551266734687,0.5711847629534628,0.2548469814510115
1365,0.4650234916603171,0.47449656446662797,0.4218534404051331,0.1982322071027764
1366,0.41068845335881343,7.593735534437329e-17,7.994708199922965e-17,0.37280032753151654
1367,0.32543735869474294,0.0,0.0,0.33964175513275113
1368,0.2858827801348129,0.0,0.0,0.11808531774349446
1369,0.26781460847449384,0.0,0.0,0.3971672225060143
1370,0.3610751498514936,0.0,0.0,0.2587209985611828
1371,0.49964775477514706,0.42335649769898986,0.4548998583024091,0.3042566062786001
1372,0.356736875084796,0.641728653641825,0.6025749339943326,0.3515822732399822
1373,0.5283629857596887,0.5087084740229457,0.4956198211288173,0.3703295472966742
1374,0.20065965703537259,7.77159601146309e-17,7.536168675250956e-17,0.33500177306814827
1375,0.27969898360216505,0.0,0.0,0.27668522594439177
1376,0.2526010724493306,0.0,0.0,0.24744260632413112
1377,0.2026059883350853,0.0,0.0,0.3523422120078633
1378,0.31702497278594943,0.0,0.0,0.3204945623524922
1379,0.3828530728173626,0.47253756786523315,0.4409197583786853,0.521655588563911
1380,0.384756364082118,0.5691230732707778,0.6237715085747725,0.3909742470839052
1381,0.5281653605457742,0.4378987224632963,0.45550333977813956,0.21877858015228313
1382,0.33635368618807815,8.21303433451909e-17,7.959571806824176e-17,0.24214694407835707
1383,0.3961338230192802,0.0,0.0,0.2859393603773015
1384,0.29598096840277494,0.0,0.0,0.4193146652799228
1385,0.47839030725373327,0.0,0.0,0.45169524811968725
1386,0.5716428792028772,0.0,0.0,0.29218447860751373
1387,0.39369326030606877,0.41985196017642146,0.41161928067426157,0.24722132554952947
1388,0.232532049098912,0.6410878128135552,0.6418041143058929,0.2256481865234514
1389,0.2557042449307569,0.4430897066863223,0.46816573466202255,0.33582762293005175
1390,0.3175649740933935,7.263161707471764e-17,8.082060943539868e-17,0.5197499746946267
1391,0.3262345507335383,0.0,0.0,0.33449415763398394
1392,0.3586903413585225,0.0,0.0,0.1294565752516846
1393,0.35608079947868587,0.0,0.0,0.23746062103108162
1394,0.33197272641687203,0.0,0.0,0.26888281460678687
1395,0.2764411872354689,0.4576397172098347,0.4377825975372848,0.25786077934419094
1396,0.3713880609177011,0.6699631184292377,0.6510422942700893,0.29248485229785615
1397,0.4955597671037474,0.4408013589781162,0.446695344078887,0.3470005174576759
1398,0.3908406884628608,7.997275042575354e-17,7.009674934851488e-17,0.35704594485235003
1399,0.33353142631930155,0.0,0.0,0.3892373804473461
1400,0.39129263922793134,0.0,0.0,0.340756204150374
1401,0.27244274739116736,0.0,0.0,0.11413412624836852
1402,0.279935839108517,0.0,0.0,0.22503189496371767
1403,0.26477063984465443,0.4367121163904956,0.41270640611366727,0.32373974659533356
1404,0.31823369143990526,0.6430623750332223,0.6340023430205263,0.3454903392935969
1405,0.2673485606103446,0.4876973687570835,0.4156746490535195,0.39569098626887833
1406,0.40916342091087016,7.55513891189801e-17,7.096545930783959e-17,0.2926543644673335
1407,0.23201680851303372,0.0,0.0,0.28461987566762004
1408,0.20756388060850792,0.0,0.0,0.3116157885449055
1409,0.5033069735496591,0.0,0.0,0.28354708178847576
1410,0.285124935994058,0.0,0.0,0.3389509730899735
1411,0.35440210139163103,0.4640398925552374,0.4472687014115931,0.45163247356777103
1412,0.3753947415765335,0.5928651612321802,0.609335576852086,0.32187136922379206
1413,0.19537994377451445,0.43416584346491416,0.4485394362905359,0.30602798298816764
1414,0.41138442918130647,8.227162798885302e-17,7.593686421289819e-17,0.2844775117542806
1415,0.34276115970771875,0.0,0.0,0.40882663704571287
1416,0.44318669339375655,0.0,0.0,0.17654295952273413
1417,0.24063930191946475,0.0,0.0,0.4861461851203943
1418,0.3396872783244872,0.0,0.0,0.21213651362531988
1419,0.34249707114069433,0.46906936324309884,0.4655780355420778,0.2731394695084989
1420,0.3561635485118734,0.6325078673198548,0.6394814364033228,0.40424852604840317
1421,0.16310002078355867,0.5021565736821682,0.4371676860481166,0.4115931651886419
1422,0.2984319300749006,8.057987151142938e-17,7.589032568087942e-17,0.14699839050582955
1423,0.13591510449890024,0.0,0.0,0.16929130931656616
1424,0.32270621842320696,0.0,0.0,0.3146570922506996
1425,0.09522110228725925,0.0,0.0,0.5425279535154909
1426,0.14414053474564897,0.0,0.0,0.4539254962745757
1427,0.4199408863831111,0.4358091793938251,0.44589535589133117,0.31327630977593024
1428,0.2746153726552294,0.6846377062821427,0.610370158160482,0.08738630436713202
1429,0.20930020737588714,0.47947869556801426,0.4514028744888084,0.31625028818122713
1430,0.41395737341106964,7.981812292618397e-17,7.524386665821505e-17,0.3231024916681702
1431,0.3108486364719527,0.0,0.0,0.23981650063083085
1432,0.3736187699731404,0.0,0.0,0.20133735136510245
1433,0.2909987466232754,0.0,0.0,0.32353947988749726
1434,0.5967990266809551,0.0,0.0,0.23461003790155877
1435,0.27717156779937896,0.4716410885265748,0.4370182056217524,0.5248678199362309
1436,0.5032857122269436,0.6465530839122549,0.6398206097055402,0.48051063704433655
1437,0.30148634984536715,0.4477393518685643,0.43732870496173,0.3734142170146345
1438,0.12095871092848742,7.46265027498257e-17,8.1701014993756e-17,0.29538080733169364
1439,0.32590782843016924,0.0,0.0,0.2116065451940024
1440,0.3174355029148697,0.0,0.0,0.28388052838026323
1441,0.20204026878102677,0.0,0.0,0.47110216372567737
1442,0.23616372592707469,0.0,0.0,0.415251059484209
1443,0.3347026858964506,0.4405589015607581,0.4089337164744681,0.35754167805259573
1444,0.36336043516534433,0.6327556557966713,0.6548997229955484,0.4207830870573057
1445,0.060106121917009675,0.46121712545989035,0.46353463996633787,0.3617335165430326
1446,0.39127139202173367,7.380495537211716e-17,8.034842137571569e-17,0.32558700075804053
1447,0.227722652823452,0.0,0.0,0.3752287761041033
1448,0.15234668540642565,0.0,0.0,0.3372241983287191
1449,0.40084129242703276,0.0,0.0,0.39258978429217756
1450,0.32558604277559045,0.0,0.0,0.34408654568088703
1451,0.45835121496006515,0.44276994361001093,0.478282513415149,0.3113220549628294
1452,0.37174306701541165,0.582259759538826,0.6349586160656218,0.2731315528234212
1453,0.3065831869870351,0.4355296841365601,0.4347439775918583,0.24000367673474382
1454,0.2702484393482277,7.87514665136934e-17,8.257521089796359e-17,0.12500438960209004
1455,0.32500591333745343,0.0,0.0,0.1855406426006732
1456,0.2437433155029165,0.0,0.0,0.19101108842563141
1457,0.22105238594479598,0.0,0.0,0.2555751252210423
1458,0.38851376052050673,0.0,0.0,0.48374726931887146
1459,0.32186086067500297,0.42515677760427495,0.46454977565219735,0.3205534492640682
1460,0.33087961306194297,0.621387903261218,0.6472370889385973,0.35169953724347336
1461,0.4152476284349067,0.47761065793540625,0.44517444801013695,0.3336416092706387
1462,0.2737087806102754,8.3761749086429e-17,7.341565699373085e-17,0.4438545326680862
1463,0.277813037373625,0.0,0.0,0.21875109943491683
1464,0.22471944417151768,0.0,0.0,0.2624321872908047
1465,0.34897159215039236,0.0,0.0,0.29527766157478896
1466,0.3620935934558125,0.0,0.0,0.44076428776528054
1467,0.42597511193126303,0.43357394518764475,0.45790684273407456,0.47030816812765275
1468,0.26919791848711605,0.5747745180693964,0.6615809644732705,0.37456918415719814
1469,0.2601159017931887,0.4588751703999091,0.41467301689235636,0.42918853615839525
1470,0.3638981352311578,7.358358632075274e-17,8.229833945466736e-17,0.3024504949635098
1471,0.30111889908849365,0.0,0.0,0.25863727399052505
1472,0.19366360512340028,0.0,0.0,0.40215782640123193
1473,0.4361540279517162,0.0,0.0,0.3542603887016459
1474,0.15686676777383746,0.0,0.0,0.2531587580231044
1475,0.4139270965046413,0.4630525850277381,0.4445580069005226,0.4352407149907012
1476,0.2001906210140429,0.6512823041685144,0.6387220530177277,0.3058625615118346
1477,0.49407747282681885,0.43623972803837174,0.4461082869362487,0.2724162689058457
1478,0.1298254450521074,7.690526312233158e-17,7.826218789109622e-17,0.373585854562641
1479,0.390723686365541,0.0,0.0,0.2666154070937749
1480,0.2757361908865675,0.0,0.0,0.32279548049172085
1481,0.26845257333941386,0.0,0.0,0.37130678873036826
1482,0.3448656994056608,0.0,0.0,0.24803172583164623
1483,0.39830286423906963,0.46931622392946326,0.4325472973213341,0.3735978867915085
1484,0.23588598352579773,0.6041374825310051,0.6902346295644994,0.46127334428504707
1485,0.22353405780643104,0.473906898535185,0.47797386253412893,0.20946611594932726
1486,0.3488601133989805,7.757279857996828e-17,7.927660485674451e-17,0.3288905157708147
1487,0.10437853495832827,0.0,0.0,0.1921660568652595
1488,0.22510422775062514,0.0,0.0,0.3856669054538735
1489,0.6088090359213743,0.0,0.0,0.40593089888040723
1490,0.2291522474820984,0.0,0.0,0.29052130991611663
1491,0.4495206196814054,0.46269008876897194,0.43927940356116385,0.5557032057245164
1492,0.2673584670696453,0.608355080008429,0.6189412317668852,0.43661607485475495
1493,0.3556448549851445,0.48228315835840646,0.4198966619977087,0.375433239019047
1494,0.34896270612945546,7.992264558068906e-17,7.136144006917867e-17,0.34858822668044726
1495,0.38763601402372483,0.0,0.0,0.3731330314260524
1496,0.2631426759845896,0.0,0.0,0.1836038179414512
1497,0.503269725976949,0.0,0.0,0.323842021947566
1498,0.26666080907854195,0.0,0.0,0.3639135040747927
1499,0.3578033034614196,0.45658648406248353,0.47066450825689,0.29436765577120755
1500,0.35012215875882075,0.6189423832703053,0.6014865297274057,0.37207399248145656
1501,0.19218445010652208,0.4605594627043678,0.4486356706962347,0.4275506921448642
1502,0.25458083316795516,8.192347582820538e-17,7.631077897507936e-17,0.24099114988927656
1503,0.29053261202530434,0.0,0.0,0.26893883206433306
1504,0.23961039376553106,0.0,0.0,0.2007639684930786
1505,0.548128098059723,0.0,0.0,0.1253368005329902
1506,0.2413865375897128,0.0,0.0,0.4031421230017169
1507,0.45197814832811223,0.46198879638299395,0.4496592222263638,0.3314623220301447
1508,0.4108948862645445,0.6101188059549346,0.6311642846631192,0.3300068466649446
1509,0.30264948806364234,0.44497103889823103,0.45220264174706293,0.20535833969671674
1510,0.19630159269324834,7.631081457107269e-17,8.542825579123911e-17,0.264272145174854
1511,0.1972101694748924,0.0,0.0,0.38369508043228173
1512,0.23069382778306013,0.0,0.0,0.2825726913826571
1513,0.1251296329456812,0.0,0.0,0.3066221369458488
1514,0.22457042199597485,0.0,0.0,0.34566979236224615
1515,0.18545610960394326,0.4782174952925299,0.4483696153907065,0.21006554829966192
1516,0.4595044648936756,0.654841192948377,0.6615692682314446,0.3874090109861396
1517,0.3655500003791294,0.4327708527181171,0.45056042507972327,0.17818394964872444
1518,0.36108796759125716,7.458357024572254e-17,7.716263085434477e-17,0.18852899957680846
1519,0.33258695629450225,0.0,0.0,0.16878228423959102
1520,0.29886909823909424,0.0,0.0,0.26464983924262336
1521,0.44945357255418805,0.0,0.0,0.26814026898748855
1522,0.263522477203697,0.0,0.0,0.32447623894604527
1523,0.34405250487797884,0.4199103926304523,0.4415622683803787,0.24285992336363002
1524,0.39930462555928303,0.6536279926618689,0.6308676420510314,0.42514827480750855
1525,0.1712646161556614,0.4442881291978739,0.4388901711848809,0.3867882962139074
1526,0.5918312255199328,8.200715372389158e-17,7.854971220224327e-17,0.26479098461650585
1527,0.2762421156190329,0.0,0.0,0.2255488676824805
1528,0.2960668720349196,0.0,0.0,0.2239321776428404
1529,0.42876893358044893,0.0,0.0,0.2720666309118888
1530,0.41578986714957555,0.0,0.0,0.1842698109734355
1531,0.33688893235260264,0.41786304740809466,0.4402943982745698,0.23712039919177266
1532,0.3373072776583574,0.5942807090377569,0.6249293154841301,0.4103063730470498
1533,0.15266627731815885,0.39728049740189336,0.4549766964176394,0.3332623790205436
1534,0.22622134919236273,7.265877552961947e-17,7.831217780130291e-17,0.4452953755750134
1535,0.3248021520288528,0.0,0.0,0.24316161539602466
1536,0.3259667050269822,0.0,0.0,0.24542609841200683
1537,0.42490719955869866,0.0,0.0,0.26200073210392516
1538,0.3119537221715539,0.0,0.0,0.29208737967206955
1539,0.19406197321520338,0.4364655860939416,0.4302354349597832,0.2667952232436302
1540,0.4296768710714542,0.5916274665411169,0.6313335735862925,0.3511026494626064
1541,0.44639955917649154,0.4420240609058216,0.42226500083083846,0.3057010312731311
1542,0.3714018784083165,7.331062949501428e-17,7.707403601614816e-17,0.23058597093886632
1543,0.2564272574725408,0.0,0.0,0.3979055158601802
1544,0.38573950961248993,0.0,0.0,0.47095919667346275
1545,0.6454051556612498,0.0,0.0,0.41917182841776846
1546,0.3352425427400724,0.0,0.0,0.37953971260436437
1547,0.201340438635916,0.47452689572521184,0.46143980332679907,0.40869108048680586
1548,0.2650988063408096,0.6081143716916046,0.6318798132177904,0.5093688630786584
1549,0.36506170789083353,0.41822657907792676,0.463925201842201,0.37854603943637083
1550,0.12082047333502574,7.649246433869428e-17,7.229305224530725e-17,0.22278231916490354
1551,0.28945441535163535,0.0,0.0,0.31174136052548324
1552,0.3190721238532291,0.0,0.0,0.3436628854279726
1553,0.4557638362385024,0.0,0.0,0.2027799348536452
1554,0.4544843512982637,0.0,0.0,0.29497178382851585
1555,0.41871014143241436,0.4253142860163644,0.44151673687742105,0.44229084466278384
1556,0.10719696464138065,0.6045503689098667,0.6641222759773824,0.14111559218787498
1557,0.3943569750620297,0.4582025807112608,0.46734484357483524,0.1772088077531778
1558,0.35158979742766544,7.720800498165176e-17,7.498478693756405e-17,0.263397753458808
1559,0.29784609996507183,0.0,0.0,0.3076196218078076
1560,0.10776794946686777,0.0,0.0,0.1450269175865256
1561,0.2243259745983067,0.0,0.0,0.2893244403504186
1562,0.2065342919992025,0.0,0.0,0.4385934228614658
1563,0.13050252156630363,0.45895190590781937,0.4397093521955433,0.33886851122444106
1564,0.3229250538111297,0.6101627620769384,0.6015806719095715,0.4171254633157222
1565,0.22222115337273476,0.3805057330139239,0.4664359157013309,0.2427919533835124
1566,0.5433207201083075,7.646434562215194e-17,7.709323873822122e-17,0.19979847640249815
1567,0.2551261715732218,0.0,0.0,0.3568907485455175
1568,0.40993140336643746,0.0,0.0,0.3174826412454604
1569,0.14485938874611537,0.0,0.0,0.1832096904379919
1570,0.26997353605054725,0.0,0.0,0.24289840303475535
1571,0.34145907881886933,0.452822508808449,0.43099660208757085,0.4882274153211793
1572,0.23216709979026717,0.6039034978532466,0.6425243442061206,0.2305269727041026
1573,0.2595492227349634,0.42439650079208896,0.38988952230050494,0.3952021658880376
1574,0.25876099715548756,7.843087773308837e-17,8.257374514173598e-17,0.23273741805647147
1575,0.24837849267094836,0.0,0.0,0.27145170553872466
1576,0.4658481625817179,0.0,0.0,0.3097955673725205
1577,0.3393721372569307,0.0,0.0,0.0914513876638198
1578,0.3707137684435064,0.0,0.0,0.17649097860664617
1579,0.3855149861482867,0.435340644555106,0.4430479765637593,0.3401828105924959
1580,0.38402534988308734,0.6237982687569003,0.6494147416423933,0.25033195577098805
1581,0.29326081032629314,0.45232726348452856,0.4360116161901338,0.4012076382412419
1582,0.24826166813029865,8.012500670199629e-17,7.821437621809596e-17,0.11972421719137077
1583,0.28823111466560747,0.0,0.0,0.3280750143395784
1584,0.39581127459408777,0.0,0.0,0.14250875766230783
1585,0.41396790198197525,0.0,0.0,0.266133583723894
1586,0.2985174390050922,0.0,0.0,0.2161195101501369
1587,0.408128452605148,0.44425570200886,0.4561948873749711,0.5215870711854567
1588,0.3030988202699665,0.6230566031657051,0.6841783401502415,0.1886080702769297
1589,0.3047311380818613,0.4569234742831254,0.4132926524378529,0.28913811360143454
1590,0.23277854154732075,7.818683064101922e-17,7.597916849699387e-17,0.10744726490072526
1591,0.25317956924771357,0.0,0.0,0.4313010953453959
1592,0.4140728788805125,0.0,0.0,0.320068113543265
1593,0.3103951900950645,0.0,0.0,0.31485038432100765
1594,0.3358945296519691,0.0,0.0,0.46979757272590983
1595,0.18643129743534506,0.4214999248143719,0.4308207910359955,0.34589531950340213
1596,0.2914418880334643,0.616119023395351,0.6199022134623997,0.34432341441084496
1597,0.277021584986668,0.42843920050627177,0.44116267648423013,0.31432560416765604
1598,0.19702552338120397,7.413443207436019e-17,7.174258710070242e-17,0.3363033044698564
1599,0.2733196165314972,0.0,0.0,0.2219089369690146
1600,0.23684510952355653,0.0,0.0,0.25833460780998874
1601,0.30897612750627657,0.0,0.0,0.38201000482766295
1602,0.33434004639940823,0.0,0.0,0.349927040573303
1603,0.23540110619965393,0.5002989879719614,0.436431516200725,0.31955215057170583
1604,0.2823195671691958,0.6243590675593718,0.5996943223820934,0.18213750631444353
1605,0.30871397025800174,0.4270689000219216,0.41033334165759633,0.45078157043557787
1606,0.3981932816619945,8.154017061334214e-17,7.669268826580479e-17,0.21361792755124487
1607,0.2966484592614924,0.0,0.0,0.369700265823844
1608,0.21340781388398034,0.0,0.0,0.29717669704453165
1609,0.34071501123570475,0.0,0.0,0.17146948303833248
1610,0.492782627679092,0.0,0.0,0.4472552864999775
1611,0.4224851825702214,0.44367687840776016,0.4010110523389104,0.3562685999512735
1612,0.37678039179047795,0.6613099034461128,0.64204682538407,0.4555622744206202
1613,0.37337355285955165,0.4810298556166668,0.39685423630954,0.28257366523772764
1614,0.42359673601858616,7.176796665573408e-17,7.236109312330006e-17,0.35000645487242854
1615,0.3783772147130855,0.0,0.0,0.0945618241768181
1616,0.33612993803158653,0.0,0.0,0.22943231356044502
1617,0.4075313253144256,0.0,0.0,0.17336777013228996
1618,0.21371519716460746,0.0,0.0,0.2844019217871744
1619,0.18044057812138903,0.44979517853014944,0.4912180637782189,0.37784827730603165
1620,0.3375901718553965,0.6215058661769984,0.6542021349428717,0.26142229802559896
1621,0.30753517432047095,0.4350802115780703,0.4183196089233333,0.3870513127192953
1622,0.22506289456849496,7.654267754317943e-17,7.14390423667063e-17,0.19379263556481957
1623,0.35325237033818807,0.0,0.0,0.35919076472041495
1624,0.09303472772076166,0.0,0.0,0.41029680295328885
1625,0.24705706419570128,0.0,0.0,0.40188690331058025
1626,0.2732519387493166,0.0,0.0,0.2873285880541008
1627,0.16690411129153573,0.43774937201446734,0.44421053628011964,0.1179889300070674
1628,0.4712205939640085,0.6035862447126199,0.5738085578698636,0.37996419291081285
1629,0.16461416293514936,0.45166055182367665,0.4416583053818047,0.2880108183299513
1630,0.22048708063511668,7.155322488279512e-17,7.616571606492697e-17,0.18148179235314993
1631,0.36133226558199505,0.0,0.0,0.21490638331444062
1632,0.34380746491231223,0.0,0.0,0.4226454622139192
1633,0.1895986643565608,0.0,0.0,0.18668211394402
1634,0.38987825836669554,0.0,0.0,0.36846025500275303
1635,0.3593945818708576,0.40507116823564976,0.4829983805908445,0.3522119515687758
1636,0.5549328936517786,0.6204715452288764,0.5650929695922376,0.28589057097430864
1637,0.34081017561186594,0.46266243191192835,0.42624740882385914,0.36486940273634016
1638,0.2650787484625859,8.00784667953551e-17,6.99369306991923e-17,0.44242745645932563
1639,0.18476593829309323,0.0,0.0,0.24081898361641565
1640,0.20467513084703753,0.0,0.0,0.25478137273488455
1641,0.21773576143137527,0.0,0.0,0.3625191614772111
1642,0.45863575580497973,0.0,0.0,0.41335015655728763
1643,0.33210966247983814,0.38100192291069596,0.4222687782535477,0.31754195026332754
1644,0.37805058681126047,0.6043468092557935,0.5493158085557202,0.2909885008044227
1645,0.45173743097627983,0.4557366193365267,0.469411283500297,0.07854801890621504
1646,0.04325305332184817,8.162445434363772e-17,7.462282429087123e-17,0.20129857630593934
1647,0.3982000474482286,0.0,0.0,0.15638150377143606
1648,0.28455041912201323,0.0,0.0,0.3474732275748689
1649,0.3437287685433207,0.0,0.0,0.275833636519192
1650,0.2385968126400475,0.0,0.0,0.2931349742609798
1651,0.25471149153442435,0.38670509287852134,0.4397845514848586,0.32931830501697806
1652,0.3703217237961714,0.6249977912219571,0.5817106746451669,0.23441948780233263
1653,0.5386837114124232,0.45316238926294367,0.4531292604663587,0.45554865004815165
1654,0.37934205922516995,7.202382117830641e-17,7.183690892068155e-17,0.4088301191133409
1655,0.3967762235211303,0.0,0.0,0.43203460968404506
1656,0.25973661104201085,0.0,0.0,0.347278461192042
1657,0.24012951904518642,0.0,0.0,0.2972021300015555
1658,0.24328264978144631,0.0,0.0,0.48283607524003413
1659,0.2813225690340804,0.43587408361332064,0.4589698612988849,0.26205325791245127
1660,0.1160849016222931,0.6657856909688865,0.6065445099326682,0.2342422470360444
1661,0.22765800721458906,0.4546435221817787,0.40236467865265135,0.23999879002676333
1662,0.2229014224621685,7.416650431312055e-17,8.080805751017648e-17,0.33122386475958265
1663,0.25261412406426514,0.0,0.0,0.193939422164982
1664,0.29205253081553983,0.0,0.0,0.2633402210190108
1665,0.3363358101389681,0.0,0.0,0.13990519388792944
1666,0.3198113894677075,0.0,0.0,0.36941369325482787
1667,0.2719464146421314,0.45942138026397544,0.46803452692660047,0.17838038655809618
1668,0.12496806238545141,0.6065523604255317,0.5998353615577976,0.22808782122546728
1669,0.24255986243622774,0.4136495231664416,0.4784258959867123,0.42180743676607146
1670,0.18163245607211015,7.515534717804782e-17,7.836333878664101e-17,0.3969093515394217
1671,0.31669739810426745,0.0,0.0,0.30752203223105684
1672,0.36976183047866146,0.0,0.0,0.3063994489828151
1673,0.3939034009508824,0.0,0.0,0.24695032952946255
1674,0.3969547712932669,0.0,0.0,0.24396913130626474
1675,0.3166937206996397,0.4259076507793184,0.4530864642117548,0.29382212446915057
1676,0.2690639411328952,0.6097180299938537,0.6424533740781959,0.16989408023425312
1677,0.22533601887818186,0.42692199168280986,0.4868448286564032,0.32529114974025486
1678,0.12808319914911703,8.101780832821064e-17,7.710797584308932e-17,0.28371620329013303
1679,0.3692316642956742,0.0,0.0,0.17670416757386176
1680,0.2613323603458806,0.0,0.0,0.43567165602301383
1681,0.17538263821238703,0.0,0.0,0.36070803860317924
1682,0.23858073343904734,0.0,0.0,0.3904140514109565
1683,0.24331932193121925,0.44717801026892845,0.43662743566721124,0.2812826749705579
1684,0.3255323195115835,0.6126553233559493,0.6192849353848295,0.32109686320743847
1685,0.406763452681543,0.40942027546179466,0.42646560556201435,0.36275393459321664
1686,0.2440045091793197,7.261866666554411e-17,7.542111259843931e-17,0.29408170084890156
1687,0.04476331609610948,0.0,0.0,0.4302067460514616
1688,0.2598706150926983,0.0,0.0,0.2584098916669152
1689,0.28438246203446715,0.0,0.0,0.24954579882057565
1690,0.29872303238623094,0.0,0.0,0.38464034312692574
1691,0.26725573539661657,0.41123333708071436,0.440993333343325,0.20353712481553554
1692,0.3429589635523674,0.6096925220531998,0.5683529030197448,0.41364474871059437
1693,0.3066159635590869,0.45583262741399044,0.44264902112487386,0.16993067198498843
1694,0.2763056171959256,6.964227635189782e-17,7.706443191934181e-17,0.34264711521444535
1695,0.3112659881884833,0.0,0.0,0.20517449662692044
1696,0.23580536629380497,0.0,0.0,0.32644706330692963
1697,0.2513432850741214,0.0,0.0,0.39073614665028844
1698,0.4592273844383231,0.0,0.0,0.336557175030175
1699,0.3859373930157304,0.4481062282539298,0.4482422198915327,0.21003975688011875
1700,0.4039096615740631,0.6068563615202384,0.6286700238688777,0.23153753102906793
1701,0.4226123105775936,0.43651074238894677,0.4366299232451494,0.2271359379408085
1702,0.3313830666710703,7.158377657707328e-17,7.702396652619674e-17,0.08928795924881291
1703,0.3628407199578038,0.0,0.0,0.3827496379173796
1704,0.12086894793185199,0.0,0.0,0.2898142227145109
1705,0.32043205477407716,0.0,0.0,0.18646486305557494
1706,0.3029580248286381,0.0,0.0,0.46679735675590656
1707,0.4977850766644554,0.3989991565739315,0.40851534644856863,0.2598838575606581
1708,0.41399442419040083,0.6945270581703765,0.633065766651025,0.346287119917558
1709,0.23697214849515644,0.40268920489748194,0.4199544997985964,0.21748961305485426
1710,0.3160828799917986,7.552344847380713e-17,6.923907317849e-17,0.07697744880597523
1711,0.2867848009193984,0.0,0.0,0.13357261168934834
1712,0.32426623412451494,0.0,0.0,0.23398404772264894
1713,0.19816204730742332,0.0,0.0,0.3898759813654933
1714,0.35726114420430743,0.0,0.0,0.3559128123624094
1715,0.3072311593160651,0.45868327401579134,0.4612911501815844,0.344066806862013
1716,0.34950447408604496,0.6223784425563742,0.5898522509266336,0.12025673540599668
1717,0.2276077777326715,0.42823649514540835,0.45032725977341553,0.427054909012898
1718,0.22032677366963213,7.117852213182085e-17,8.533629876284497e-17,0.3012010604588477
1719,0.38743049628155873,0.0,0.0,0.25810452725567246
1720,0.17372276400679454,0.0,0.0,0.3921198308397002
1721,0.2023152831722022,0.0,0.0,0.42484039563323445
1722,0.31614580099044565,0.0,0.0,0.4367629514729226
1723,0.25290168575781163,0.4338780597107612,0.4433931348036703,0.30538207360607833
1724,0.2328010634857236,0.5986795907675325,0.6185431327799487,0.22095627063358392
1725,0.31059832039723656,0.44740006041480224,0.42518071364444543,0.3989830149906144
1726,0.12837093415044018,7.77091401461311e-17,7.130876180871847e-17,0.14237207553376896
1727,0.16929449978504324,0.0,0.0,0.4648163971428353
1728,0.4843462963605172,0.0,0.0,0.28173669258760914
1729,0.3460974474006502,0.0,0.0,0.19406151593379084
1730,0.24670680971235454,0.0,0.0,0.1981762895236846
1731,0.3719714493303689,0.43162587465979135,0.4037644981101538,0.20238945909814324
1732,0.3780961926380086,0.5586655335780606,0.592579747362529,0.33539943561142993
1733,0.39959138351277307,0.43746707758284126,0.4240890134893307,0.29951070949777053
1734,0.2662211351224798,7.708413599763566e-17,8.346853431862766e-17,0.15534452071723354
1735,0.3677997117810382,0.0,0.0,0.23450436284815906
1736,0.07516607545546253,0.0,0.0,0.14221718933454558
1737,0.1945931183317009,0.0,0.0,0.3591541119736935
1738,0.3378242749885182,0.0,0.0,0.3159778082036013
1739,0.36318728466005534,0.4098728975213979,0.4181486083042018,0.2923836807875314
1740,0.23025890604800844,0.6026967062131925,0.5726141856619787,0.1926260618081199
1741,0.3261659305055921,0.45923492996901294,0.42515968998561876,0.2702083713569997
1742,0.21662670307495377,7.270031696969432e-17,7.324688047867281e-17,0.23753793980904714
1743,0.24252802195655968,0.0,0.0,0.30199660150023594
1744,0.38157684760909577,0.0,0.0,0.29580126535429074
1745,0.3912064206670511,0.0,0.0,0.3795186811861253
1746,0.22181984167746124,0.0,0.0,0.27306822006328124
1747,0.2245875247761807,0.43616682670828016,0.40431690408024235,0.1442715207585416
1748,0.28040853485845585,0.6063806085290221,0.5921579077038276,0.42063516207359153
1749,0.29763804086089857,0.44237328970824763,0.42978701234476036,0.20670941967337303
1750,0.2133096186851206,6.47035949266777e-17,6.927384745183277e-17,0.16840776224106913
1751,0.3743769152581579,0.0,0.0,0.2660010164668159
1752,0.3139419147402946,0.0,0.0,0.30942998186489074
1753,0.34102464499247837,0.0,0.0,0.2473324934335672
1754,0.1949754545461347,0.0,0.0,0.2677600692938192
1755,0.44714520574341343,0.4267185389973518,0.3830884305215495,0.29131350222847996
1756,0.03961245521656276,0.5800592566989303,0.6515679625295043,0.4632833725399462
1757,0.38382167918997234,0.4130858069365914,0.4094058805520922,0.30014832524922225
1758,0.37263410433651617,7.511153101554922e-17,7.120704058403406e-17,0.18240664662325945
1759,0.22717601527723935,0.0,0.0,0.17463779831473877
1760,0.40661210809062764,0.0,0.0,0.25423266840764835
1761,0.294224534506047,0.0,0.0,0.3243200832042824
1762,0.32799066356982237,0.0,0.0,0.3701455094336971
1763,0.36448716854190333,0.3754161629304273,0.42046862828780973,0.34295015018620323
1764,0.6404049844181836,0.6083304526472928,0.5941558266194878,0.23756015814536918
1765,0.43497768060978215,0.44709034595646213,0.43451624730600863,0.2581401598454034
1766,0.34943420643717704,7.773513969353732e-17,7.349374034745203e-17,0.35271187455234765
1767,0.17925384114136214,0.0,0.0,0.15592509375617208
1768,0.29381288246776993,0.0,0.0,0.2328785606120745
1769,0.21935469397077847,0.0,0.0,0.36041338914355237
1770,0.40409139151929485,0.0,0.0,0.4094084494545312
1771,0.34471380092890286,0.42966496361354173,0.4290923125464413,0.3113755662462789
1772,0.20942813882962402,0.6116916076242687,0.5996877352647558,0.28075962573393193
1773,0.30877956169726745,0.4507056025836679,0.429945834059187,0.16845530921104312
1774,0.1945121529481902,7.111348510598981e-17,7.105740884255918e-17,0.3320178921925302
1775,0.2857887254891718,0.0,0.0,0.402545071870096
1776,0.1936936002391974,0.0,0.0,0.5361167377356922
1777,0.3035632986474007,0.0,0.0,0.33945915366312407
1778,0.39707472494042534,0.0,0.0,0.3169397735825178
1779,0.32550933611880883,0.4113449212091073,0.41131176188150925,0.2388334739962287
1780,0.282938912029677,0.573639679304687,0.644482846650776,0.1341420473726009
1781,0.3211421574170657,0.43318864501104115,0.44689051259688867,0.3185104602853028
1782,0.34931959395500833,7.040624502073619e-17,7.480210522951594e-17,0.5146352438911533
1783,0.16009620832314342,0.0,0.0,0.3978957582770108
1784,0.30582895401684224,0.0,0.0,0.3914197654577018
1785,0.43273062388365835,0.0,0.0,0.3255368236877099
1786,0.3795554417451863,0.0,0.0,0.358142061445547
1787,0.33675195664864116,0.4279555471230859,0.44695273653212636,0.08860181015412064
1788,0.38616349608740425,0.6163134141223475,0.6436113423674336,0.3984408034939145
1789,0.3462261875921866,0.4105078411736253,0.3982008135007425,0.24304248502433679
1790,0.35512344946230334,7.070436871101195e-17,6.970805802642613e-17,0.20959060388673323
1791,0.0685833808836239,0.0,0.0,0.2386508466770576
1792,0.12459425855921794,0.0,0.0,0.244239422980443
1793,0.4016359903094646,0.0,0.0,0.22938951616397463
1794,0.17183836118059323,0.0,0.0,0.3237534860143349
1795,0.37130693893306144,0.4171875137342065,0.42355118369321026,0.2753253157403356
1796,0.2871613131935081,0.5533533191394433,0.583620110788532,0.33239857437235193
1797,0.2015341508015412,0.4445150151595987,0.44788645772667035,0.15243529390613758
1798,0.31490484764029186,7.676940790337696e-17,7.395006489915076e-17,0.25853409486234274
1799,0.2912564257327979,0.0,0.0,0.16152351639251572
1800,0.4911651449123782,0.0,0.0,0.21598594785295386
1801,0.23886296268474796,0.0,0.0,0.3156839674416899
1802,0.4665682985808507,0.0,0.0,0.16215752509843748
1803,0.3665863745767683,0.4574803438902343,0.41372223239314004,0.2491033454111231
1804,0.2564550984196621,0.6280735455884325,0.6582801124572435,0.3794537250575667
1805,0.3812687288900614,0.42454840260572085,0.40257265538191916,0.16002629895175677
1806,0.3367047301481356,6.84997993498986e-17,7.519059712382129e-17,0.45791759373062124
1807,0.27492841262414186,0.0,0.0,0.39178487875140156
1808,0.3069658409222456,0.0,0.0,0.23088359683295534
1809,0.2418508056092265,0.0,0.0,0.22282853993527332
1810,0.2401839996239254,0.0,0.0,0.34295670248292426
1811,0.40749372609603796,0.4203710002483273,0.4086416739957723,0.18680328301106366
1812,0.30036876971804866,0.6600859985840076,0.6253281388583446,0.12254843966613277
1813,0.2935412088888704,0.3852260608789218,0.40853165941009234,0.255615996308523
1814,0.308318464872611,7.468638517827897e-17,7.930989564648646e-17,0.26693142862796415
1815,0.29807834319216053,0.0,0.0,0.28099223114913274
1816,0.13762344068243496,0.0,0.0,0.21908202616805297
1817,0.4303944998609237,0.0,0.0,0.42916396416293257
1818,0.3351007098411021,0.0,0.0,0.17346852880264588
1819,0.3115039649332229,0.41815058046979586,0.42140055643152763,0.21794307771962795
1820,0.3660670951680089,0.597202526525257,0.5865606513237855,0.37164609026551537
1821,0.32542351057692415,0.44512933207091043,0.39388639768996886,0.1856045526517237
1822,0.3572623567288116,6.750590615328258e-17,7.27282296985588e-17,0.16052404256010974
1823,0.3255676584305319,0.0,0.0,0.2841047704361542
1824,0.352574784981043,0.0,0.0,0.1754379000498132
1825,0.43710275608976434,0.0,0.0,0.288694922724944
1826,0.41157902384970635,0.0,0.0,0.2532309129868335
1827,0.3159547434841564,0.3926912109497471,0.39842822119223864,0.24583699517973873
1828,0.21092645334492588,0.5587628065091533,0.5853003573330204,0.11298602981811509
1829,0.46878315881746424,0.39354183848430735,0.4290421190536459,0.3159596807991465
1830,0.25701782474670504,7.460510155447926e-17,7.238919196262268e-17,0.15607116287012346
1831,0.22469262418096053,0.0,0.0,0.2551791451639608
1832,0.10736577704519687,0.0,0.0,0.22982796898678431
1833,0.33609897278844836,0.0,0.0,0.28160085638724885
1834,0.3383535260882106,0.0,0.0,0.30849732829150756
1835,0.18074016863228914,0.4236551321708164,0.4249756287466892,0.3516144873490636
1836,0.3687922699061512,0.6136343592845979,0.6205648946503134,0.2506889355436893
1837,0.2524324701870933,0.3894683862214032,0.41069045879977095,0.42652131018457407
1838,0.5500699595505102,7.197642097416932e-17,7.012613894288986e-17,0.09629845273608312
1839,0.21531554304815037,0.0,0.0,0.24959255040451428
1840,0.23778157120505264,0.0,0.0,0.3649240020659187
1841,0.2150364854349916,0.0,0.0,0.3501913631606888
1842,0.451514963400222,0.0,0.0,0.22624375364316507
1843,0.29523652841395304,0.4340298475135127,0.3979310526370413,0.25168955856162595
1844,0.2512358959194751,0.5803467878765386,0.5877916693231756,0.2230480553633644
1845,0.3732096088524826,0.38292167127864046,0.41754496492406407,0.36243687092686727
1846,0.14326561088351344,7.450736050709074e-17,7.701945256427433e-17,0.2073085315732811
1847,0.33502516248532316,0.0,0.0,0.2980264166727734
1848,0.45971739278277934,0.0,0.0,0.3080075625302891
1849,0.35945140784179885,0.0,0.0,0.5396299713818272
1850,0.3877936596198789,0.0,0.0,0.3553289539740567
1851,0.4197966462490384,0.4583175338564089,0.42190008565912096,0.25167622308324367
1852,0.4949746308614382,0.595901553365631,0.6096871311782288,0.17798880178724646
1853,0.4237800205602004,0.40369782639960994,0.4011440316805255,0.27520535309451544
1854,0.32554439334999596,7.173753304844021e-17,7.851915083666038e-17,0.26966883687996174
1855,0.3631797646218901,0.0,0.0,0.05172067181923437
1856,0.1932744344308493,0.0,0.0,0.21048251094805903
1857,0.380710489487689,0.0,0.0,0.33281638469571206
1858,0.2237387367301784,0.0,0.0,0.2710587668219357
1859,0.29637888854979405,0.45085724681676115,0.4753449579281964,0.42994350898354045
1860,0.016038116334229413,0.5830299254347553,0.6210970028537712,0.16845868937650116
1861,0.34322409634970297,0.4367005338542948,0.4183122095742732,0.37076941242827843
1862,0.21748072586652506,7.405039499289275e-17,7.18641477147976e-17,0.37325690112995563
1863,0.38419565193340305,0.0,0.0,0.36873077799711046
1864,0.3211915969662182,0.0,0.0,0.12558669744024004
1865,0.4157951288114369,0.0,0.0,0.33484081892701273
1866,0.21623908830961697,0.0,0.0,0.2577233309247192
1867,0.4372241430572376,0.3844940051076768,0.4169766921576091,0.19277129514298422
1868,0.5351843772132034,0.5809285429392037,0.5502659530390055,0.2832119702794999
1869,0.37980136933446373,0.42165925815698485,0.4347202500246158,0.21288774015119338
1870,0.3612072367749068,7.855088310719631e-17,8.021514547051914e-17,0.37424738272206487
1871,0.29034530698076777,0.0,0.0,0.32469187364263125
1872,0.23002367964817466,0.0,0.0,0.16724611089382432
1873,0.37982299841045836,0.0,0.0,0.2312816297572146
1874,0.17430867353569707,0.0,0.0,0.28684722201424157
1875,0.29192824864822586,0.4120750129647884,0.3769131655397786,0.3264632464085178
1876,0.14781128434218568,0.6588724160589378,0.6069114311998398,0.425554792056282
1877,0.23333812340879923,0.4138608610638217,0.41036045644440206,0.37278199378837085
1878,0.3466950668940672,7.597876816627559e-17,6.701735601075181e-17,0.2876297546021951
1879,0.3242430987623538,0.0,0.0,0.24763887615081526
1880,0.2879138676320203,0.0,0.0,0.10548709461772582
1881,0.3210758009202705,0.0,0.0,0.43323546412667513
1882,0.1366624431632449,0.0,0.0,0.28053924516310014
1883,0.29677947345697797,0.4214471304329226,0.4099735905244476,0.4895197255566952
1884,0.25711374430614486,0.5642343785741097,0.5857718054492547,0.3448598341628494
1885,0.23812973246261537,0.3914528390583078,0.37460813006706833,0.506564122376214
1886,0.34278036085984837,7.009725784122309e-17,7.129367634998143e-17,0.3434546514151047
1887,0.18798496886353838,0.0,0.0,0.13083373839198154
1888,0.2226999736531261,0.0,0.0,0.22172651063974597
1889,0.09567433753051197,0.0,0.0,0.2874677660342671
1890,0.29618214749944305,0.0,0.0,0.2382161768262276
1891,0.2255975073301016,0.4314946843841355,0.40523806715349847,0.29667518038325913
1892,0.33351475840602435,0.5556824354034445,0.5691787910638679,0.18890054967884906
1893,0.20927045742721712,0.4052436292531318,0.4197924990946316,0.30495339021137585
1894,0.2936222832207888,7.240155001196555e-17,6.854694868494985e-17,0.3069092535669612
1895,0.25991268602722933,0.0,0.0,0.17397032138085175
1896,0.4507313143740658,0.0,0.0,0.4775525664180249
1897,0.3544621385507495,0.0,0.0,0.311091666633476
1898,0.1419897566847962,0.0,0.0,0.2442794573287353
1899,0.20825145609515927,0.4339472622886954,0.38928936282296145,0.1717864105089084
1900,0.33147434484025984,0.5573681215352233,0.5468676392690532,0.3319478328807433
1901,0.211755545666165,0.43204211906115275,0.417912284054542,0.2786914872240948
1902,0.0,6.900480022008105e-17,7.139527933417608e-17,0.361831227798478
1903,0.40969497188880444,0.0,0.0,0.26040331400823324
1904,0.35592202857823263,0.0,0.0,0.16452774866081918
1905,0.3572105176724655,0.0,0.0,0.4721846599410464
1906,0.2655937292117932,0.0,0.0,0.3698885217096033
1907,0.37788050742428125,0.4122977607979198,0.4138758847577389,0.30970195916345244
1908,0.2558900013367965,0.5915039813541131,0.5240113624821097,0.34278988690385853
1909,0.32559856034505735,0.41467883702033775,0.37587433064679343,0.3525170259794541
1910,0.1918413043040441,6.731632395779564e-17,7.820838669138626e-17,0.14101396549834835
1911,0.4267416753788897,0.0,0.0,0.29088225231956927
1912,0.12726175233448528,0.0,0.0,0.23927307041328058
1913,0.4287270041293493,0.0,0.0,0.3562286197412413
1914,0.3306034074155956,0.0,0.0,0.2526936321532347
1915,0.28655192164406706,0.4248347735232953,0.4016274709524113,0.27502843566855784
1916,0.3434121167834364,0.5748995749377614,0.6528159353726816,0.4929989344702683
1917,0.37883342189608427,0.4225104309770637,0.4161462261308055,0.4285898302664798
1918,0.42096009141210944,7.065716028141154e-17,6.926834756618695e-17,0.0
1919,0.30681292349161937,0.0,0.0,0.39117481942469734
1920,0.19561478679038313,0.0,0.0,0.2773191926908352
1921,0.31146061112878615,0.0,0.0,0.23507939246230608
1922,0.508790125854041,0.0,0.0,0.22639332861703867
1923,0.4706654073034697,0.4056292873612624,0.4275581365477479,0.2409858359242084
1924,0.41798715000023956,0.5537645248703177,0.5664229682501526,0.25911720771196217
1925,0.385466300764446,0.38042985288804637,0.4237953842956944,0.19318434038402293
1926,0.3546294043772651,6.74899690843829e-17,6.886509365818635e-17,0.14922442920934664
1927,0.3917730822031943,0.0,0.0,0.17185958366781623
1928,0.239433562811659,0.0,0.0,0.31743582689041827
1929,0.17080103824194534,0.0,0.0,0.31131865967652567
1930,0.3344231983287485,0.0,0.0,0.383108493410228
1931,0.25455148614167683,0.4352914514498734,0.4174752588115723,0.3296726608984405
1932,0.2220207727173239,0.5759731020795209,0.5969656128995263,0.19685491519056317
1933,0.23428178716065276,0.4515965575388128,0.3772338112074343,0.35575373716880654
1934,0.5336278338372182,6.66822530987807e-17,6.877409535560349e-17,0.18462751349635803
1935,0.2899221082270304,0.0,0.0,0.3409710750183394
1936,0.32171221748234213,0.0,0.0,0.1689294335505472
1937,0.18449835658141428,0.0,0.0,0.23798697464148716
1938,0.1435725448381731,0.0,0.0,0.29180867666064464
1939,0.2548293729699591,0.37867661865866326,0.4355753929546936,0.4041751173875346
1940,0.4717673992383109,0.5740782982314696,0.5673871539169086,0.3455475659301756
1941,0.3401621838894918,0.4397830223123664,0.4140831361770169,0.3087347694969321
1942,0.3453809429906825,7.148186536686917e-17,7.225868511774247e-17,0.47408831235177384
1943,0.3505912412020458,0.0,0.0,0.09303632115932511
1944,0.22682430878952559,0.0,0.0,0.18212148249929824
1945,0.4459690086022865,0.0,0.0,0.19905360240105063
1946,0.26510489371832796,0.0,0.0,0.15132042264831871
1947,0.4777956861312051,0.3879767192093603,0.4265689524549621,0.265220498916347
1948,0.37261586925408025,0.6183672012666824,0.6104808311883314,0.39716257002021677
1949,0.12826793478031753,0.4277588715672823,0.4180485586705557,0.2480077103533746
1950,0.21115829810929987,7.501127019577044e-17,6.689674387622675e-17,0.2526589495707224
1951,0.09867859691773928,0.0,0.0,0.10491696741692152
1952,0.4027379636991829,0.0,0.0,0.2067571929037273
1953,0.30514941177511834,0.0,0.0,0.2614530822966
1954,0.1060019132959768,0.0,0.0,0.39307619954566625
1955,0.3751976420273243,0.41362324872657324,0.40539481469797223,0.17013131406353632
1956,0.27511973105212284,0.616938074827297,0.6090624642674977,0.283335282718841
1957,0.1592423683520261,0.3710035025999149,0.3969359034648291,0.4163047568622475
1958,0.45420633411663175,7.337748520241484e-17,6.94664776801788e-17,0.24190142185743563
1959,0.28835154046501627,0.0,0.0,0.0660668124434905
1960,0.25752967107218355,0.0,0.0,0.414790389038334
1961,0.26814353664050955,0.0,0.0,0.3815757089929445
1962,0.17797127125893042,0.0,0.0,0.41623893568258674
1963,0.2076311247807003,0.3928980057015076,0.39339203639787024,0.16370765006457186
1964,0.45779089666221595,0.5316936948516962,0.597625286771391,0.48054479075942913
1965,0.26069772776053934,0.40607555727351863,0.414319233749444,0.23075840622799143
1966,0.2890795813972012,6.747526351829864e-17,6.809941079047517e-17,0.23592891688149173
1967,0.07365296711900374,0.0,0.0,0.20780829813991086
1968,0.15553908862612778,0.0,0.0,0.3820420104011991
1969,0.36954274762875006,0.0,0.0,0.29058166039074523
1970,0.36754587508825454,0.0,0.0,0.37794880233563377
1971,0.5138990155137064,0.4148152421869061,0.44160195234947935,0.3461515979297116
1972,0.46407033223999383,0.6117779247531857,0.5732567446148729,0.3202704987075791
1973,0.28549039839279244,0.39160211381349375,0.4075272356602217,0.21388308926665514
1974,0.33464364867700547,6.480912210279338e-17,6.659004258723736e-17,0.46856235093645493
1975,0.24690115135096735,0.0,0.0,0.13222213279075182
1976,0.49331703409486444,0.0,0.0,0.329061449634468
1977,0.42395072527183597,0.0,0.0,0.34671491487732387
1978,0.3472309681879675,0.0,0.0,0.4456980877174349
1979,0.3590887341542311,0.44695774050793835,0.43497330219356684,0.47785825890452377
1980,0.47474748782817316,0.5721602531248148,0.5798653309062165,0.3165235991605148
1981,0.3670070403779807,0.4144219341085501,0.4053707198877977,0.36208868625907126
1982,0.4436988539380082,6.824657374600841e-17,6.398108811993103e-17,0.46432342327625054
1983,0.059684463040708624,0.0,0.0,0.27253157897437075
1984,0.33445877299553606,0.0,0.0,0.18169259933913856
1985,0.25800566381311413,0.0,0.0,0.2711023390113105
1986,0.5064001524796483,0.0,0.0,0.2002977538554023
1987,0.4941890190002356,0.37306386786287465,0.42305975893656067,0.37673083138072494
1988,0.3340459346269797,0.6110472495319451,0.5557280735607872,0.43720797453091254
1989,0.4631122481623558,0.4388702510544199,0.39411767868871606,0.2974450010744988
1990,0.4666473988449068,6.479445423140811e-17,6.724591763785055e-17,0.12623994190029217
1991,0.2869898174738673,0.0,0.0,0.38171423378702035
1992,0.5360412051632711,0.0,0.0,0.11121793176350747
1993,0.3069269160887095,0.0,0.0,0.15546555356337763
1994,0.30982213975768724,0.0,0.0,0.3134403960418063
1995,0.4266482902141161,0.38972188843117034,0.4092821452935181,0.3652395559232317
1996,0.29589516167704677,0.5888441637178522,0.5835237303526224,0.37349898466711356
1997,0.3185950089351711,0.37670531588661754,0.3822115446031413,0.3034470761510344
1998,0.42979127032517633,6.916920163707883e-17,6.53592096315282e-17,0.4648522044335711
1999,0.28198291657740876,0.0,0.0,0.2865778654640019
2000,0.11986976447534656,0.0,0.0,0.3928383539481709
2001,0.3473166859933934,0.0,0.0,0.3892802036179435
2002,0.26216859273883064,0.0,0.0,0.20251057742361717
2003,0.42711186293792835,0.3961118957985999,0.4346300830470737,0.3236116984799216
2004,0.40141692222669473,0.6238684833252455,0.5782868249593257,0.5441300019721721
2005,0.45772478202512595,0.3920359467862595,0.4398330981656757,0.260149661814448
2006,0.38012477385214705,6.573332446980435e-17,7.374229463378018e-17,0.22190949133720825
2007,0.3896091755742802,0.0,0.0,0.2976423053561759
2008,0.2229972632019509,0.0,0.0,0.24305494628971705
2009,0.3915187922403689,0.0,0.0,0.2317496847010948
2010,0.5291784750229441,0.0,0.0,0.2840050066571564
2011,0.2722551517876419,0.39235672096737617,0.366178178084289,0.4843211097881812
2012,0.5123071752596249,0.5541591290943688,0.6070801724359915,0.3186714769391578
2013,0.2561851335311856,0.4025875260299106,0.39353067298290273,0.17831263937584746
2014,0.2047098147107248,7.515558214406054e-17,6.552265138560549e-17,0.1387322854069058
2015,0.3107401869868025,0.0,0.0,0.5018006358567657
2016,0.36204489721227656,0.0,0.0,0.2681204186559854
2017,0.4028420714322185,0.0,0.0,0.3551249091315339
2018,0.23670402039326827,0.0,0.0,0.25574253983662754
2019,0.38512106876042107,0.37379804856313376,0.4328846729212775,0.3737656559621336
2020,0.2643248053222379,0.5460103628151902,0.544660370510208,0.47881322763074163
2021,0.16277483342793436,0.4025274549963559,0.43145948340653406,0.24644074066061655
2022,0.19758022404611714,7.359177256776722e-17,7.192897472876128e-17,0.3363125335942539
2023,0.20657702243941017,0.0,0.0,0.1410924314459532
2024,0.34317164689602025,0.0,0.0,0.4932987426974488
2025,0.4274467006032328,0.0,0.0,0.33907892732082345
2026,0.1861178747444357,0.0,0.0,0.29215915329673314
2027,0.3774214417171715,0.3878205262590628,0.40868041474761013,0.31243792196774955
2028,0.21576871915487172,0.6024390852576914,0.5152489529321923,0.2824347202805288
2029,0.375133875197766,0.39878270442271624,0.40330085171332547,0.26633481788401664
2030,0.22873907276039476,6.98259976516291e-17,7.152662219898968e-17,0.046262616625803527
2031,0.1770924324940381,0.0,0.0,0.27242876108669045
2032,0.37154805110559297,0.0,0.0,0.2775937315102643
2033,0.25410254246192243,0.0,0.0,0.36166095673247967
2034,0.3024116113067585,0.0,0.0,0.28169363179787565
2035,0.12079589425079429,0.3799505218568184,0.3656894479295353,0.2656911715923297
2036,0.4286631425843757,0.6162150114795044,0.5175360393498765,0.3332305119967308
2037,0.3948856551233426,0.3805548941794091,0.40968053971769264,0.15155799119738353
2038,0.2921273839989669,6.562727817594593e-17,6.010767618005131e-17,0.30592391832429394
2039,0.13003670887085597,0.0,0.0,0.0966128770542598
2040,0.41309901081720096,0.0,0.0,0.4042439578668042
2041,0.2467489577832419,0.0,0.0,0.38180229198539856
2042,0.28925315484485864,0.0,0.0,0.24196991221251613
2043,0.5745797020552742,0.3738642233625345,0.40340782613350545,0.40948909775312475
2044,0.2642248554439945,0.6043223411188524,0.5236135200072852,0.3457399222803056
2045,0.3875962926619711,0.41308883887081127,0.41781143576976393,0.21247427331083507
2046,0.3483713191919864,7.31369986338444e-17,6.635466161336518e-17,0.08987447726081568
2047,0.3223925157073295,0.0,0.0,0.3150188647619662
2048,0.32095349334216156,0.0,0.0,0.21332525437320699
2049,0.3516054987112268,0.0,0.0,0.4234635994919148
2050,0.3623739050519573,0.0,0.0,0.3365832193460884
2051,0.33877480664470083,0.4173051201724497,0.38600052956359016,0.2740083728725752
2052,0.48630815836897756,0.5631834618225448,0.5673668930631307,0.5149637192669505
2053,0.18270058644237905,0.3644878630869045,0.4036166274870506,0.37161129178260743
2054,0.3948992494882481,7.438920890833892e-17,6.569736587235328e-17,0.0
2055,0.366200872391062,0.0,0.0,0.2353274656432202
2056,0.3631953747841207,0.0,0.0,0.15494656344993823
2057,0.4262666088507898,0.0,0.0,0.23458887231474612
2058,0.3265219299955341,0.0,0.0,0.32130862963051976
2059,0.15767125850408925,0.41418318878200944,0.3968050535313245,0.37997351694553155
2060,0.3285526035509248,0.5154564224935603,0.5303414100481014,0.3619184437337307
2061,0.21544924432432153,0.38907910094329184,0.37749652670607625,0.4223559737432572
2062,0.22016954166537417,6.897026052724174e-17,6.922725285168601e-17,0.35701530040204726
2063,0.16032669870353583,0.0,0.0,0.34204335899932753
2064,0.24623349944017647,0.0,0.0,0.31411721759788735
2065,0.2555188193218114,0.0,0.0,0.44386107399274644
2066,0.09863740916304248,0.0,0.0,0.304766737836661
2067,0.4152033798483853,0.39178982731779965,0.3773666430994099,0.31615086184663727
2068,0.558426577956241,0.5573394505869638,0.6181927591763726,0.14583705685849968
2069,0.37580490806978517,0.38871183180710933,0.38821481032795124,0.4207975931011599
2070,0.27367558963113714,6.223263192464395e-17,6.812539299459634e-17,0.28627540970664445
2071,0.27970654915253473,0.0,0.0,0.5785417593372836
2072,0.25249223868185544,0.0,0.0,0.25403755630692726
2073,0.3248081873054653,0.0,0.0,0.324661841860443
2074,0.3333164229470425,0.0,0.0,0.39166772771520725
2075,0.26169918587894003,0.3850901577320487,0.37196840835772893,0.2356140316198982
2076,0.5053060712491491,0.5296471184562418,0.5620519612089943,0.3728720037422886
2077,0.16708860534779238,0.3817680756790705,0.3922836436567814,0.319270172124488
2078,0.36642397980259767,6.675023212184943e-17,7.061068968378088e-17,0.26422200651548927
2079,0.27568426618701625,0.0,0.0,0.4030644247930701
2080,0.4853069801926015,0.0,0.0,0.20484892689496143
2081,0.3505234620464455,0.0,0.0,0.34392721342984556
2082,0.301659651838895,0.0,0.0,0.4831166346957244
2083,0.3216662822781737,0.36312328042712816,0.37966518227808255,0.2757748265259936
2084,0.34164087500919593,0.6238361743528469,0.5485357782035837,0.3079616072879899
2085,0.2021579326219833,0.36836005207535627,0.39073582133163914,0.5509674584688062
2086,0.2185368461742358,6.586304787251599e-17,6.458068242693715e-17,0.3426629052016327
2087,0.10794260520243759,0.0,0.0,0.23581725445736162
2088,0.20356902749209177,0.0,0.0,0.37612919333734895
2089,0.3264705689311425,0.0,0.0,0.260270565605995
2090,0.3683106291291461,0.0,0.0,0.18180153178468686
2091,0.14914695126545732,0.3940556849020959,0.3941277275797535,0.48431631529161456
2092,0.3245719538962739,0.5523992059469406,0.5529965759149834,0.22798719778759252
2093,0.3734209158473108,0.38333346334000223,0.397629698362492,0.5622511832648267
2094,0.27957549799187764,6.827008606993452e-17,7.047187025977965e-17,0.2469334797832806
2095,0.22370105618731756,0.0,0.0,0.5004063889212831
2096,0.2553032763981047,0.0,0.0,0.15965228405092027
2097,0.26365625884080024,0.0,0.0,0.42028195296514775
2098,0.27527274186331313,0.0,0.0,0.3889184250725839
2099,0.3651149468630073,0.40707656605977005,0.3689024333016576,0.43150721689403765
2100,0.569714620547664,0.5927919390220997,0.5958931649106225,0.43574806844174496
2101,0.24336260264800413,0.354300055943378,0.4270026131031165,0.2679580801104053
2102,0.2647051276367834,7.031292024444928e-17,6.945589123555935e-17,0.1656350067026262
2103,0.28256280040099935,0.0,0.0,0.2826408213046007
2104,0.22844618256920673,0.0,0.0,0.3194846517635495
2105,0.4282184097929752,0.0,0.0,0.271210367325082
2106,0.1025194955455851,0.0,0.0,0.3673634298922151
2107,0.2952889124027649,0.37134166196282253,0.38597049769234215,0.38135738255810653
2108,0.42143940650822515,0.5599933121089543,0.523732113207133,0.24860538822184233
2109,0.28898539860176914,0.4042808101127205,0.39285248952084323,0.35789195760967907
2110,0.215097730120007,6.35017336066707e-17,6.689474627512265e-17,0.27046042363557155
2111,0.33247050488450897,0.0,0.0,0.21839673942029542
2112,0.38848754994099366,0.0,0.0,0.3765907402236777
2113,0.34012997435838066,0.0,0.0,0.24136730866752037
2114,0.26015759729118293,0.0,0.0,0.2946128742819986
2115,0.3946867617520492,0.38378991659256917,0.4187796197365893,0.3562715148555404
2116,0.30007470324499225,0.5683534936278968,0.5456322289611784,0.4777107953378951
2117,0.3935851180262576,0.3988358791492502,0.3928068952349637,0.3383448376093046
2118,0.4461791148869375,6.403857986518023e-17,6.706227496364201e-17,0.3506820596487452
2119,0.02850875426802152,0.0,0.0,0.2593021762372252
2120,0.3096407404015244,0.0,0.0,0.290685030644327
2121,0.14617380282279477,0.0,0.0,0.3148594731655981
2122,0.585139258486131,0.0,0.0,0.3702910235548564
2123,0.30293474313793844,0.4070355106033186,0.39213342179341354,0.32015043921273145
2124,0.4155977241356912,0.5629083924707081,0.587768387029739,0.4749603885007748
2125,0.31621551055806796,0.385365820849011,0.3921062622064849,0.28243057266734334
2126,0.21822553501005515,6.535652236656003e-17,6.434308808960475e-17,0.12780987956142437
2127,0.19754189179981485,0.0,0.0,0.5640268569545595
2128,0.4577916416313006,0.0,0.0,0.2664868552268495
2129,0.41603073377465216,0.0,0.0,0.4517539064659558
2130,0.5360085399301738,0.0,0.0,0.4821292153883934
2131,0.355982261272591,0.38025110457168776,0.3918873850465213,0.4449583589818593
2132,0.3704420933170175,0.5068923567998507,0.5566161935688314,0.32184740923267724
2133,0.2937177711912923,0.36827955212930424,0.3850401032717318,0.34910540974425536
2134,0.27051550400972374,6.794016039694842e-17,6.785074389073229e-17,0.17177270339073195
2135,0.18624823450908423,0.0,0.0,0.48945170513864866
2136,0.30832323482925234,0.0,0.0,0.21474161591855023
2137,0.2422107596837939,0.0,0.0,0.29574532289832606
2138,0.3865395148244303,0.0,0.0,0.3522472713120351
2139,0.36813644107043464,0.36733000259811727,0.3799219903524345,0.34039144368871765
2140,0.37111682697558224,0.5490214081788908,0.5833911152362271,0.2766612943786706
2141,0.48864841314143626,0.3740415052708498,0.39738921377668157,0.46056932437788245
2142,0.2961504207602581,6.652088544154584e-17,6.715643664986417e-17,0.3949501440856452
2143,0.36680811945775643,0.0,0.0,0.3233401396049829
2144,0.5057802067592158,0.0,0.0,0.2606739547509826
2145,0.45250417071575877,0.0,0.0,0.4282700509707011
2146,0.4583726370673349,0.0,0.0,0.2966088039440939
2147,0.3211736422342041,0.41607442714816434,0.3636368142527947,0.5088816478200356
2148,0.36601997277863013,0.5372726312265023,0.5205094009112801,0.3541777587701932
2149,0.19001483458325985,0.38319188942895155,0.36619536763983407,0.44482061648352555
2150,0.3505207004470991,7.354999235543479e-17,6.131959979797656e-17,0.2892472277322993
2151,0.31928848154763817,0.0,0.0,0.2989957819903485
2152,0.3036831611657857,0.0,0.0,0.4238867547960342
2153,0.42527733091005,0.0,0.0,0.5419503672662085
2154,0.22299357327892072,0.0,0.0,0.4998077372718485
2155,0.5160441372017986,0.362117657339083,0.40188432242712296,0.44027131402354897
2156,0.4339475243153888,0.5687130843201753,0.49396009679614883,0.40269939881712
2157,0.3154944541205666,0.3877731036145552,0.3926345616663314,0.2718629830598014
2158,0.2864716898684282,6.776468460648078e-17,6.615788149985874e-17,0.33086762276071086
2159,0.34061897361062343,0.0,0.0,0.20125293368609082
2160,0.4541532918567326,0.0,0.0,0.339646382018832
2161,0.3334421439549521,0.0,0.0,0.36728643815530837
2162,0.35889766571947007,0.0,0.0,0.14841006137472829
2163,0.35509321984853814,0.3725872887481475,0.4089854742222942,0.3571552330051217
2164,0.5226969867916947,0.5358159930579949,0.4982727319692695,0.385982065430458
2165,0.28639306179224866,0.38407465580775774,0.3840339108666127,0.3149103863720488
2166,0.2991174087884475,6.248684803661376e-17,6.545058836583906e-17,0.3378730525360117
2167,0.43962493751205056,0.0,0.0,0.15910914775031965
2168,0.31750068931791414,0.0,0.0,0.22521317540060193
2169,0.43771869539677644,0.0,0.0,0.42750662570861747
2170,0.25409800713752473,0.0,0.0,0.3452831793923983
2171,0.33348355722937284,0.3461032725632132,0.3820476151043578,0.38800070752371507
2172,0.4936694166718435,0.4837943802112149,0.5477741540401646,0.2905738967569627
2173,0.2563788378158697,0.35151723705007504,0.381182359216944,0.32596221171990986
2174,0.2876697019796571,7.01840600397003e-17,6.354411052518881e-17,0.07259838794310791
2175,0.31968133248137204,0.0,0.0,0.37861400323430083
2176,0.2046232920290289,0.0,0.0,0.48433202772357464
2177,0.28337093540173425,0.0,0.0,0.2182501923424599
2178,0.3572288188820844,0.0,0.0,0.25193193194856356
2179,0.35942012068012014,0.37700686679588513,0.37616219404438306,0.39883993708767224
2180,0.47400035278323394,0.5631191783289374,0.5361118317283612,0.493353079750195
2181,0.47889766674714934,0.3811842123901628,0.39576069722611174,0.3245422155256295
2182,0.21793025662823645,7.012412740928362e-17,6.390588157644576e-17,0.18060694174707714
2183,0.3058787991806729,0.0,0.0,0.27389022360013665
2184,0.37171019408542716,0.0,0.0,0.2012921552117713
2185,0.47713331325846675,0.0,0.0,0.2586139373916693
2186,0.41856079984585637,0.0,0.0,0.31630766019881174
2187,0.3845899068377801,0.40041285501300555,0.3963586949912206,0.2625661078543842
2188,0.41336602331240646,0.5229641933694237,0.5387520996001879,0.2689211976966869
2189,0.39287545011217295,0.36236695776953765,0.38171160069029453,0.3329519667007713
2190,0.21151393401451374,6.641369253732916e-17,6.306320813366662e-17,0.32578894445667356
2191,0.3147784459291739,0.0,0.0,0.1531005332964503
2192,0.4509553423799202,0.0,0.0,0.3446774152119848
2193,0.305516769527247,0.0,0.0,0.2880590600835077
2194,0.3604103140869883,0.0,0.0,0.41949180218750476
2195,0.33200080144404526,0.3769611172707503,0.3742915481840223,0.43430219846543344
2196,0.11607970027155637,0.4948933837931319,0.5243177856891511,0.293011531736739
2197,0.32831146412011536,0.3670420956708781,0.36618394757097217,0.3876672158004208
2198,0.33521843602633833,6.751625025048202e-17,7.12999309967716e-17,0.22134363899116805
2199,0.2450031073085573,0.0,0.0,0.42862865268017647
2200,0.19033646470332555,0.0,0.0,0.22588653950615187
2201,0.23895271704922982,0.0,0.0,0.3622883238899461
2202,0.4246453280765476,0.0,0.0,0.32946565199856315
2203,0.5542658403320853,0.36295816505335515,0.4017308739652993,0.2553239116036346
2204,0.48646990055353445,0.544188164239044,0.5243395936821116,0.4383181426415221
2205,0.19257876254433956,0.353733594531267,0.34812147142181876,0.2656001821407157
2206,0.39126289064686864,7.206772788575208e-17,6.785114244430709e-17,0.1357929430939677
2207,0.23069712544646576,0.0,0.0,0.00881202671059178
2208,0.2483411814082952,0.0,0.0,0.21906341821637584
2209,0.2815835312976409,0.0,0.0,0.4653719330246667
2210,0.4196009895159088,0.0,0.0,0.47476814128073175
2211,0.45370642873967315,0.3971384113901074,0.3748858342162711,0.2859212508600161
2212,0.33919118740238696,0.5453267140630177,0.5261331112751736,0.3115488030602278
2213,0.31967401699396686,0.3557339561149044,0.363422797964313,0.281289783539167
2214,0.35299426198275224,6.27515774537969e-17,6.871630282165786e-17,0.17322467311421605
2215,0.35458054504719355,0.0,0.0,0.20289790393243506
2216,0.42496477034463226,0.0,0.0,0.40545715160885787
2217,0.20011820555345589,0.0,0.0,0.3789441902423158
2218,0.3517713405203752,0.0,0.0,0.37707749239296107
2219,0.25175296551525794,0.38577764831860717,0.3693408439182593,0.22504074193828985
2220,0.3446743786336319,0.49411478923958846,0.5237958980981932,0.3598389279433699
2221,0.30593787433629965,0.3555747666536333,0.38084647869234783,0.09817090615557358
2222,0.3026672542785091,5.819102218829358e-17,6.149144609248596e-17,0.39162246879483265
2223,0.2185811142933226,0.0,0.0,0.32441289317808997
2224,0.15939388685451547,0.0,0.0,0.17359962096527534
2225,0.11989231693936447,0.0,0.0,0.4909786253598588
2226,0.3374312576199671,0.0,0.0,0.17093280712959302
2227,0.31623595902756085,0.39150858940759137,0.38967665004834084,0.412366687835815
2228,0.28295550656606844,0.559318508490437,0.48218611663664357,0.4060664499443174
2229,0.46159091589402085,0.37449928987134606,0.38146306152207987,0.2053690256756067
2230,0.22217904749572726,7.108884845516352e-17,6.70972493418807e-17,0.3043377970942467
2231,0.44101947782473505,0.0,0.0,0.13565328539556848
2232,0.47129403027720146,0.0,0.0,0.024272224217594396
2233,0.13503281260693403,0.0,0.0,0.22333523659270627
2234,0.3605742086213655,0.0,0.0,0.2896735684952689
2235,0.3201532102022731,0.375627576399477,0.3604209087503847,0.42454847736695134
2236,0.060155668249742,0.5391802502765844,0.5125018336643884,0.35807687122755055
2237,0.1856587339790307,0.35888001173909573,0.3932513250680446,0.3394774052244868
2238,0.38640326656112317,6.476999263735497e-17,6.851624274808118e-17,0.20746749352191723
2239,0.5020427845569986,0.0,0.0,0.24712172888173348
2240,0.3999701498209955,0.0,0.0,0.21670967456415452
2241,0.3632787862379648,0.0,0.0,0.20841813828368622
2242,0.3499955042591547,0.0,0.0,0.2927587997235377
2243,0.5291818304514785,0.3726296172468871,0.37778010448414545,0.3683667774963004
2244,0.5669526626180275,0.5328961332732124,0.5230086807057126,0.2948648904798431
2245,0.27223127103424843,0.37669513881576994,0.39186656046186685,0.2985652720441697
2246,0.10970367952004151,6.32835755920094e-17,6.643535507652325e-17,0.37919381664220964
2247,0.09109679265954684,0.0,0.0,0.25084009711759664
2248,0.4426887696055203,0.0,0.0,0.17710400729075096
2249,0.32700801974769783,0.0,0.0,0.38805922598526044
2250,0.37125126830660476,0.0,0.0,0.37951204211156137
2251,0.1826487745294652,0.3740212426916813,0.3589542254530928,0.394579823642368
2252,0.2776081859818863,0.5244981132440579,0.48528622828885765,0.4155109430143039
2253,0.30216579243505826,0.35293172072780954,0.36571691605036916,0.377378026555931
2254,0.33128450872594717,6.542307590385339e-17,6.699213664111905e-17,0.31337353963667053
2255,0.2618546699337606,0.0,0.0,0.5408591401103457
2256,0.20757180397170788,0.0,0.0,0.1828075491716467
2257,0.25406092797718627,0.0,0.0,0.2738758993885827
2258,0.47456315926775827,0.0,0.0,0.45046426714085164
2259,0.3869960891977885,0.3811183086296398,0.3703625584110942,0.37677625644699597
2260,0.4149465113685901,0.5452824956307429,0.5337965981882308,0.4295231340741588
2261,0.24263024614970558,0.38531529855890534,0.3713138932377916,0.3494932701911257
2262,0.01592207526177969,6.424003555055142e-17,6.434489949538597e-17,0.4487100789178403
2263,0.25020719654898893,0.0,0.0,0.201766541674114
2264,0.2254563021759446,0.0,0.0,0.4463593465591652
2265,0.3682277879168986,0.0,0.0,0.4504262103745173
2266,0.6831121358578713,0.0,0.0,0.23351085306664904
2267,0.4328431628159163,0.36154169960581983,0.3407031850708004,0.42639310204285796
2268,0.6281357804280359,0.532014012038033,0.4585986522184516,0.3502357712660281
2269,0.39020353058803553,0.35758166531535535,0.3692088934345794,0.27266835914218424
2270,0.24912473386122272,6.059892197593768e-17,6.654681702067511e-17,0.12325143864672228
2271,0.33811816886617896,0.0,0.0,0.20224519394235893
2272,0.49099109208271907,0.0,0.0,0.3837384461534072
2273,0.5170966952026685,0.0,0.0,0.41552456249660036
2274,0.2978199022018332,0.0,0.0,0.3342825909485239
2275,0.38945880514047454,0.3620350465489755,0.3807446151009567,0.44583894988487305
2276,0.21242695103902656,0.4882761524452201,0.5050411951752088,0.4498796467955548
2277,0.41660729803968766,0.35065180721642786,0.36161537697056206,0.34960443143317943
2278,0.4682627020405377,6.791263899599963e-17,6.56685668480543e-17,0.24069386974992785
2279,0.30812038098214634,0.0,0.0,0.3482458468521092
2280,0.24700740074660732,0.0,0.0,0.3624442769485065
2281,0.3709721047459728,0.0,0.0,0.40235344865324757
2282,0.39791811619012957,0.0,0.0,0.44271254005403693
2283,0.3730733928031786,0.36515135262439175,0.3650423188563909,0.22874255242609443
2284,0.3740437254874083,0.5220026235025583,0.5401643391776034,0.30517928851723874
2285,0.31757752457127947,0.4006322272261972,0.3600452399918209,0.14509687504943458
2286,0.41334129900526073,5.730633787845526e-17,6.427384006714982e-17,0.3884454100181549
2287,0.3785817541347292,0.0,0.0,0.2837278648201749
2288,0.21625852248593846,0.0,0.0,0.3576502442700949
2289,0.2347229803200903,0.0,0.0,0.18821416581693395
2290,0.33155780236889,0.0,0.0,0.49709332904085124
2291,0.4394657530464677,0.3758033627835393,0.40869125797694805,0.24634812417402227
2292,0.3718009854606277,0.5251352932811064,0.5359304821776864,0.4344515745097921
2293,0.27146699962368426,0.3480182516595395,0.3662772729053745,0.347577057725204
2294,0.3407206968729364,6.70485059795258e-17,6.022921676707458e-17,0.29562455944773547
2295,0.2727009886837226,0.0,0.0,0.27876602997473243
2296,0.40344472732870795,0.0,0.0,0.2515897803746818
2297,0.36991512824859596,0.0,0.0,0.4661289024319681
2298,0.32629466943227325,0.0,0.0,0.3590837716127119
2299,0.3897611619465374,0.39107841339910665,0.34910650193447085,0.23968713170656922
2300,0.48932729412990783,0.524660510272764,0.49113952936086447,0.3194264679740036
2301,0.2796462770872535,0.3601276438910336,0.35981145757661603,0.34944318746218506
2302,0.3556617794710109,6.304083000330619e-17,6.565096776302006e-17,0.40517660945082734
2303,0.2995632506952916,0.0,0.0,0.24614731269017048
2304,0.3589256617563725,0.0,0.0,0.2624496377897078
2305,0.27198400264618594,0.0,0.0,0.3397837095204995
2306,0.369687243557293,0.0,0.0,0.445996182236088
2307,0.47822282504743907,0.3649309899403574,0.34799666134907875,0.230565043246156
2308,0.26495300211674466,0.5236291936276151,0.5106919261760583,0.40918916334052996
2309,0.20449998647325082,0.41732621041890355,0.3531598878424984,0.2910342437928934
2310,0.18708173692146615,5.934531677602033e-17,6.570368915274702e-17,0.2837840351953139
2311,0.19037424378574014,0.0,0.0,0.5075980713187339
2312,0.37659455587514945,0.0,0.0,0.2974153046307305
2313,0.1976894619349329,0.0,0.0,0.41374480555233745
2314,0.3296990994827228,0.0,0.0,0.43138001767741074
2315,0.43010436085255027,0.3538832001092718,0.38423967225894523,0.2502730391116288
2316,0.40115454001193523,0.4985602292086445,0.5100583627358815,0.17494920143478543
2317,0.2997195325252309,0.3648925711106036,0.38937767809915647,0.42037363976317055
2318,0.33615460026139365,6.117404727983309e-17,6.444622756244239e-17,0.20870760784103115
2319,0.3189899634952363,0.0,0.0,0.1418571350643767
2320,0.2954765394897583,0.0,0.0,0.42051685652899673
2321,0.31803036661471534,0.0,0.0,0.23717116510261405
2322,0.5838697853914658,0.0,0.0,0.28307529434733036
2323,0.4500449288733034,0.38104681855440936,0.3268894437083579,0.5665511539891028
2324,0.6083921336669841,0.5183574291663746,0.49418565952990134,0.19435350577761262
2325,0.2894175251881232,0.3585561968548855,0.35078444878916915,0.2134852343394808
2326,0.3094039753557622,6.01783208051831e-17,5.996277925130134e-17,0.2719308207971849
2327,0.17590126195250863,0.0,0.0,0.2850881544967312
2328,0.23778558859891458,0.0,0.0,0.22936774059610648
2329,0.5301467871097183,0.0,0.0,0.22408996251117658
2330,0.308965246694889,0.0,0.0,0.5121681081222578
2331,0.5618836022579142,0.3731018764116872,0.3708042148279305,0.3962540846539398
2332,0.23683244961107558,0.48030072871549584,0.42486232975986415,0.41968555009998343
2333,0.23460856883614054,0.38635162088652275,0.3488894427904124,0.32623295458761464
2334,0.2846191467055297,6.110950918941063e-17,5.803168794443304e-17,0.34768776369378546
2335,0.3035804800755504,0.0,0.0,0.4032456383544273
2336,0.4118956082265326,0.0,0.0,0.21995697752698612
2337,0.3858771241357426,0.0,0.0,0.3672836820689142
2338,0.32038176011830966,0.0,0.0,0.43161751719350155
2339,0.3574685017653054,0.35382179008264714,0.3540959335708981,0.525279817055542
2340,0.3301069938742424,0.5037618716296797,0.5370079639387911,0.5568023838328886
2341,0.249334708884543,0.35699543133005496,0.3850148352601118,0.34778606211529217
2342,0.23079058532135743,5.985739912227187e-17,6.453030843104609e-17,0.433450773950233
2343,0.41358847156045697,0.0,0.0,0.04378328907996126
2344,0.1376177224965836,0.0,0.0,0.47566250622696904
2345,0.5033832884693995,0.0,0.0,0.26905905255281365
2346,0.3285611996002672,0.0,0.0,0.33875087726170133
2347,0.294396558085678,0.3526259275856656,0.3224740429526407,0.41575786716159613
2348,0.43683655123021736,0.49343191725222707,0.5316187416119258,0.34751638542893903
2349,0.4901690771396058,0.3597532977841943,0.34817998511867093,0.36129275668170746
2350,0.43219745944969334,6.627544342633054e-17,6.32171874547695e-17,0.4792035121119119
2351,0.3618326236608831,0.0,0.0,0.27322541419029683
2352,0.42997037561935453,0.0,0.0,0.21259164499711558
2353,0.17084747236838072,0.0,0.0,0.5238436158126225
2354,0.3115273793695489,0.0,0.0,0.4163868552188315
2355,0.2813802240802829,0.3682224567210525,0.386201000315442,0.5647211276141137
2356,0.48617430663988126,0.5557765283906413,0.48955467990640844,0.45007342457625416
2357,0.30414942819037866,0.36671424276683084,0.3725221549501813,0.21013779088142365
2358,0.4058246823253765,5.583584834566945e-17,6.137778640720462e-17,0.38582249382285905
2359,0.3660829243316311,0.0,0.0,0.21410242349451186
2360,0.23590536762132563,0.0,0.0,0.3228792414816604
2361,0.2846534436756617,0.0,0.0,0.33577782431251435
2362,0.4939442371903591,0.0,0.0,0.2027960876455809
2363,0.29580099980484875,0.3487656783305332,0.38343218012768776,0.29206821571711145
2364,0.3770492291284344,0.4958317831565174,0.49757461061321834,0.5850811981247965
2365,0.2650951360406456,0.3433508835721464,0.33947400983506537,0.3671870051574066
2366,0.29074084254610766,6.076805710293864e-17,6.086117707919016e-17,0.3045764477713985
2367,0.308733070276293,0.0,0.0,0.49463828666738274
2368,0.2447034155548794,0.0,0.0,0.2833665355777117
2369,0.24815857462183677,0.0,0.0,0.33506123382331293
2370,0.39404380713356557,0.0,0.0,0.46449675906810634
2371,0.2897295291411073,0.35288876003754494,0.3169695533235869,0.33412969015858995
2372,0.28435071788595406,0.5119919456484079,0.4853530587427545,0.2907643995205712
2373,0.2502979556500279,0.3385129794841844,0.34334054165569244,0.11882762848415318
2374,0.31519926195149667,5.765507632656893e-17,6.536425327398761e-17,0.2293402352463524
2375,0.4085734334602091,0.0,0.0,0.21960049542126364
2376,0.47449865325898666,0.0,0.0,0.33970245917462094
2377,0.2724671844639785,0.0,0.0,0.28401316649057873
2378,0.5813032758320739,0.0,0.0,0.5820740975846723
2379,0.27458850699267673,0.3582036125086637,0.36602600679881436,0.2692961000398757
2380,0.47462704883173973,0.504058175203837,0.5057110295726785,0.5063368651846932
2381,0.2728893476618121,0.35975380027070336,0.3455795173309638,0.36703428857611126
2382,0.23675346264075892,5.3776803518475886e-17,5.58571830439528e-17,0.4045231931989989
2383,0.24058337738491753,0.0,0.0,0.3896609525369434
2384,0.3194582068329705,0.0,0.0,0.10287942376664072
2385,0.40391339733683984,0.0,0.0,0.34476091233582307
2386,0.43411618745955743,0.0,0.0,0.340906569945692
2387,0.28151767869869,0.3658996078580649,0.35909356382748836,0.2626183707643521
2388,0.26816345491794835,0.5079666784311949,0.5100118253200262,0.41309198739066205
2389,0.2542523108971241,0.3315562057974449,0.3370543642360108,0.517570211821226
2390,0.3135675365593313,6.586051482621819e-17,5.965411588973996e-17,0.057402612409475806
2391,0.2949006198143913,0.0,0.0,0.26246921264930667
2392,0.23054382788495825,0.0,0.0,0.20098475768057544
2393,0.37373494693385856,0.0,0.0,0.3539523601513035
2394,0.5942446617966624,0.0,0.0,0.33542565264813096
2395,0.32630303134401906,0.35626879081978824,0.35319372608431543,0.3162068562518164
2396,0.32463659884277724,0.5267180481317122,0.532629455791066,0.43693846379603646
2397,0.40274073455997106,0.3914950461905865,0.33979674386849695,0.5103927076332441
2398,0.26967974491825825,6.357897219212288e-17,6.146483345908824e-17,0.5916932392677212
2399,0.38367102569935235,0.0,0.0,0.24281167268067533
2400,0.2545664564703779,0.0,0.0,0.14433317196647502
2401,0.5308458913416085,0.0,0.0,0.4035535739917124
2402,0.4033246312787042,0.0,0.0,0.5298956075517951
2403,0.3156316356762072,0.3522261530786985,0.34898708279760127,0.4590029272879512
2404,0.30997796407254735,0.47711991989731856,0.524482927947284,0.5294818379725059
2405,0.29625395531307486,0.32442653189817433,0.36619485563627885,0.32508526352366646
2406,0.4636956937731693,6.270751229210191e-17,5.91075373598503e-17,0.2654632831709691
2407,0.19075882982375,0.0,0.0,0.32917752132400957
2408,0.2604866142761077,0.0,0.0,0.29422546258536936
2409,0.29232792906511196,0.0,0.0,0.414803386891689
2410,0.3681383915175572,0.0,0.0,0.46668396599360007
2411,0.3513830154929752,0.34985774965469996,0.3380815221850173,0.4833023512148432
2412,0.2205844050542047,0.4977120250029905,0.48505367401363286,0.42076645527369
2413,0.3085117163981078,0.34604824037738013,0.36229588654780454,0.37307621742518454
2414,0.3173257130035613,6.172239541356012e-17,6.475013316651255e-17,0.406723450247143
2415,0.2556842012496762,0.0,0.0,0.12219479399238242
2416,0.39681883066541956,0.0,0.0,0.34919835699404733
2417,0.4412953280716142,0.0,0.0,0.3546022909132946
2418,0.3627290186589066,0.0,0.0,0.3918757282290014
2419,0.4024086438813224,0.3541556700001832,0.3558976317358991,0.37059213057082635
2420,0.15446208889691881,0.5186971526789194,0.47983495005298915,0.4137532379780075
2421,0.30724420798006635,0.3523199151640124,0.3600635787616384,0.29189419304284797
2422,0.4286234509364444,6.23302254441594e-17,6.379056127430697e-17,0.4410936247060161
2423,0.2770108268783218,0.0,0.0,0.36671946293759694
2424,0.2552758058400197,0.0,0.0,0.3440705592676019
2425,0.5779840695179053,0.0,0.0,0.2804635198512002
2426,0.5533360993699892,0.0,0.0,0.4529600688711991
2427,0.4269726681630279,0.34836282146882125,0.35474691252586504,0.40088114676426134
2428,0.48531944149841333,0.4879632894837684,0.5074794776477825,0.29588004099671694
2429,0.1276216351190044,0.3589494691239584,0.3546862592426579,0.34454902267348836
2430,0.25024682941634513,6.098424899687329e-17,5.683577767939253e-17,0.39191023540333975
2431,0.27321938959749703,0.0,0.0,0.37537253079679467
2432,0.30626459154952007,0.0,0.0,0.3785634982170302
2433,0.30208140277441486,0.0,0.0,0.3603289440459188
2434,0.11728637915577284,0.0,0.0,0.4748709616375972
2435,0.4196782667426671,0.3510480613424889,0.33311276238836207,0.5048554552529722
2436,0.4266544211354682,0.5008875824598326,0.4667903396961574,0.4460212698749616
2437,0.5112656840308093,0.33954797801217174,0.3041739663552411,0.2923306773862404
2438,0.25103167495871836,5.698327428428905e-17,6.590054475938039e-17,0.22405642970716294
2439,0.23405948909382085,0.0,0.0,0.2666818281746517
2440,0.06272446201256537,0.0,0.0,0.5260885854066846
2441,0.32257943038552006,0.0,0.0,0.380105705427344
2442,0.46326049558642224,0.0,0.0,0.5857935002328436
2443,0.3207593278253368,0.3490890834347352,0.3364749921909321,0.36991627968586505
2444,0.5874937993345699,0.4827425254122486,0.5115122290759492,0.3472679504309129
2445,0.3262766304656563,0.33229242773357964,0.3656450454666323,0.3445304603802013
2446,0.34542213903786784,6.19099965158642e-17,6.241970181978308e-17,0.32150550260368194
2447,0.18562580598644926,0.0,0.0,0.24457102285783622
2448,0.36030468058696163,0.0,0.0,0.21669781925276602
2449,0.1548638700197606,0.0,0.0,0.4029295122231164
2450,0.44337884844194103,0.0,0.0,0.4794991247003629
2451,0.4552386671285713,0.3274896453486317,0.34176458037618984,0.6272939795716702
2452,0.5099381953742775,0.5525835697678007,0.4710927875393642,0.3306377622715243
2453,0.25079897762826125,0.3392697532292099,0.3309424596323497,0.3175303008186226
2454,0.34763885789917565,6.223231692052164e-17,5.713894311039406e-17,0.254459716624332
2455,0.37917750544368056,0.0,0.0,0.4353685924423869
2456,0.3766697168923384,0.0,0.0,0.41394029853893394
2457,0.2671248289814187,0.0,0.0,0.2659612983074512
2458,0.13566977097488622,0.0,0.0,0.28464815123320597
2459,0.418350786183352,0.3332707283015042,0.3534501314075847,0.47890623235449364
2460,0.35961799209950834,0.5134697978971962,0.5154589765483617,0.413187575051341
2461,0.29698769719875984,0.35759354941476956,0.35666034795921914,0.42949362779601824
2462,0.4088360894308541,5.86777138965127e-17,5.795894960866573e-17,0.24416470522541617
2463,0.3191628026794605,0.0,0.0,0.13588227010388315
2464,0.20137987178917563,0.0,0.0,0.2458028753979386
2465,0.16136735159192983,0.0,0.0,0.42328925350267466
2466,0.26282945742383185,0.0,0.0,0.5868315818006375
2467,0.6238138099782307,0.3507725414572877,0.3352301540528418,0.3415661815487912
2468,0.4480034613304257,0.47059683873394986,0.5407685358519592,0.603311372124835
2469,0.3733738146990532,0.32164724709448633,0.3398801281245304,0.4374945572507208
2470,0.3151332843473751,6.299752014543663e-17,6.380969379931708e-17,0.19399614689507297
2471,0.2997732865068084,0.0,0.0,0.34591596428265514
2472,0.4508754622335212,0.0,0.0,0.4205532917387978
2473,0.30630949314286493,0.0,0.0,0.11282077747793945
2474,0.4342743118372338,0.0,0.0,0.44102738656014273
2475,0.35052627230404865,0.3587015411535771,0.35306521568863874,0.5026411853155194
2476,0.5705979339523108,0.5077471274241189,0.5235440014111252,0.41646908318191883
2477,0.4295979180910385,0.36016083858245423,0.3529011610150308,0.34919694626506576
2478,0.45871154536597425,5.909923220099622e-17,6.512387930780444e-17,0.316863205597471
2479,0.26692808986438427,0.0,0.0,0.30223683456402595
2480,0.4408243710154852,0.0,0.0,0.21741277938203207
2481,0.32496622065487035,0.0,0.0,0.28747158000384265
2482,0.38844064902322073,0.0,0.0,0.3357777620647199
2483,0.5497287302562852,0.3688758554589379,0.35568577560335457,0.3975733978169136
2484,0.2731596609542939,0.47285292096061343,0.45242789909476033,0.32175569086422917
2485,0.37654873632487945,0.35654808518471026,0.33436202493802103,0.2693110389445464
2486,0.3788112856106157,5.969188113920626e-17,5.388281345646152e-17,0.4109878456713275
2487,0.3782244012744204,0.0,0.0,0.363285360389125
2488,0.2907853620159092,0.0,0.0,0.28194085764629906
2489,0.5657034248416603,0.0,0.0,0.40770486190961086
2490,0.2487970296624225,0.0,0.0,0.33297442882785505
2491,0.532965553624099,0.35409739294243026,0.3527306395884461,0.3933835177096641
2492,0.4997967787556124,0.5007630200384132,0.47360381595870366,0.4757946236687352
2493,0.5471658937212206,0.3340026426639418,0.3269513381974256,0.2967029054442258
2494,0.1770411014544737,6.019275486067997e-17,6.131353510188204e-17,0.2186226505418814
2495,0.24019386597188114,0.0,0.0,0.312563556458718
2496,0.4859090717357244,0.0,0.0,0.20036826420101414
2497,0.17022405379212585,0.0,0.0,0.3301831183200592
2498,0.21849528258671175,0.0,0.0,0.35107742475940745
2499,0.33909719058400756,0.344705121502778,0.3756984523055309,0.14155955686460042
2500,0.3983405515529799,0.498989415390417,0.5408702037712391,0.43220468906520415
2501,0.5171504766200342,0.34384868053765466,0.347875649742258,0.3396589925870247
2502,0.3181881743265245,5.404952783007215e-17,6.008188122699328e-17,0.45490441109675395
2503,0.26710405444870283,0.0,0.0,0.349481167234565
2504,0.36870236485511765,0.0,0.0,0.4111242281170298
2505,0.4057362228505115,0.0,0.0,0.4777804498417757
2506,0.4241137601736949,0.0,0.0,0.36681806967959313
2507,0.3709779537259369,0.33964854958078716,0.3283512305870495,0.3886942556346812
2508,0.1844811665648528,0.5122919985037061,0.4840587954975402,0.22263545561764458
2509,0.26701497561043813,0.30659729367480504,0.33597379285927265,0.4827303490444955
2510,0.47959047961222123,5.804144528415265e-17,5.827588862263498e-17,0.3229936311133195
2511,0.34748346831873134,0.0,0.0,0.22820351948627315
2512,0.3061571637522394,0.0,0.0,0.4123816243116878
2513,0.4714394339359389,0.0,0.0,0.14164445990211627
2514,0.26782411929724304,0.0,0.0,0.33790836024682
2515,0.3670877657272407,0.33270089742662523,0.3406383779833538,0.4804536832197256
2516,0.39461162305154157,0.46696466454451924,0.5068489929366459,0.3370635973375473
2517,0.3154848287690785,0.353706308848449,0.34560961275979424,0.2878303840036833
2518,0.34848565795310493,6.076867414794089e-17,6.303385396885348e-17,0.29679389595165
2519,0.3108531859563649,0.0,0.0,0.12862965265168402
2520,0.19931822408396851,0.0,0.0,0.4108003720408594
2521,0.378613520486058,0.0,0.0,0.34817712810046114
2522,0.24884375658246208,0.0,0.0,0.35444647473427265
2523,0.4070272448078246,0.3510438169901088,0.3238674629488335,0.3635988706572483
2524,0.5190925181487598,0.4316025700828009,0.46461300110333315,0.38308691558020724
2525,0.33236341257054697,0.34921078481757495,0.3586986028589215,0.42580946936535913
2526,0.2221042158654574,6.022824291878575e-17,5.721527496095303e-17,0.33404617474263115
2527,0.3177669509776544,0.0,0.0,0.19430207748017123
2528,0.25689547003196483,0.0,0.0,0.3976441929942247
2529,0.42075668453856135,0.0,0.0,0.411162753375837
2530,0.3677201129587254,0.0,0.0,0.4030716875326568
2531,0.5622821094418717,0.37244869088387167,0.33568093863585635,0.49882991497154633
2532,0.4988179472787446,0.4837772709325012,0.44846959752237653,0.38555685535230666
2533,0.3459977338272741,0.3366091351317083,0.31776590033479557,0.47244339317434
2534,0.41165348763712706,5.925748462785997e-17,6.090501322935858e-17,0.4808136829876576
2535,0.2919821433591298,0.0,0.0,0.3895370728278626
2536,0.3443249711857172,0.0,0.0,0.26613592048140666
2537,0.32599906646976556,0.0,0.0,0.3490639142545527
2538,0.46000128552536407,0.0,0.0,0.5072412929462305
2539,0.5354413137757545,0.36988485606705623,0.30495319126889037,0.24237969949784605
2540,0.4632205102595075,0.5069182342135936,0.49350485332432376,0.3441603227225323
2541,0.45433614623333235,0.3812092008597763,0.3322378135903716,0.32784600246012235
2542,0.43323262639277327,5.716486820247529e-17,5.689695960422594e-17,0.254408222633827
2543,0.3872680783382678,0.0,0.0,0.41943038109667546
2544,0.22783377049686673,0.0,0.0,0.3794438935219712
2545,0.53307274179514,0.0,0.0,0.29186975419344074
2546,0.5646298759589288,0.0,0.0,0.4447400853126703
2547,0.36958762952215307,0.3320011278270078,0.3490117657060488,0.37713396638666813
2548,0.3471190017674681,0.4839449514294522,0.48511984452408047,0.2951693359668521
2549,0.42421675514502744,0.3562120838658104,0.3257128504449729,0.2916837488292032
2550,0.39684366993624404,5.691110480042794e-17,6.120118411577966e-17,0.3853674938954875
2551,0.31278098297818807,0.0,0.0,0.42687657770567383
2552,0.21758907966051658,0.0,0.0,0.29391482192379836
2553,0.3943749677298511,0.0,0.0,0.4182489820217746
2554,0.44016170590802434,0.0,0.0,0.5431934678482181
2555,0.46638696345875313,0.33861794173712606,0.35439312387149335,0.2679177930178481
2556,0.4199473293258906,0.47135124968624187,0.5129574956183085,0.42058503937433217
2557,0.33669333381868244,0.3315207931110102,0.3345904501589842,0.4468704177844142
2558,0.4419918491699048,5.85099522492289e-17,5.817452693459629e-17,0.3330766635593939
2559,0.3403896984114652,0.0,0.0,0.45763316974043805
2560,0.2969245119095989,0.0,0.0,0.5633005171721994
2561,0.3465646785770953,0.0,0.0,0.3989655516202977
2562,0.2112463169697656,0.0,0.0,0.3624842469894639
2563,0.37640583436381353,0.32524124654942776,0.35985323786832274,0.4923282975478631
2564,0.4546868722047307,0.4671622436392376,0.523363442359414,0.47005010625505395
2565,0.3986083189955904,0.336491137384926,0.32920146888191004,0.11274692128984892
2566,0.49548323064418964,5.57863690185561e-17,5.567893835587903e-17,0.34314325773695964
2567,0.3083325253800969,0.0,0.0,0.295170070107756
2568,0.3929689625884826,0.0,0.0,0.3839082154345426
2569,0.4447248673493246,0.0,0.0,0.34608502168936833
2570,0.6209497539830846,0.0,0.0,0.3781464439272436
2571,0.4099273988305114,0.35291504551123454,0.3256329672158193,0.30912957377263917
2572,0.28224533526794143,0.4512664873379539,0.44790834009777314,0.4601169749967925
2573,0.45024372505427557,0.32048944708585686,0.35374628781624373,0.5309550718656206
2574,0.5308103818799966,5.636617403418808e-17,6.048435694326105e-17,0.2594704513616475
2575,0.3031959786960852,0.0,0.0,0.19574534740405006
2576,0.4291620546606441,0.0,0.0,0.34705422278274894
2577,0.489139909758491,0.0,0.0,0.36340153813207254
2578,0.4891868620682107,0.0,0.0,0.5045735862832313
2579,0.40882295648295675,0.333369837801416,0.35056819475894146,0.27334760899774574
2580,0.31763293184988073,0.4345167998667602,0.4330762438381013,0.3336847901687856
2581,0.35813914943424036,0.3331954454053778,0.32517762377344583,0.15149678030891364
2582,0.3909139461877656,6.016241104160174e-17,6.321148470877781e-17,0.4825522644211848
2583,0.4270893566447718,0.0,0.0,0.3613215670679353
2584,0.3792598398227003,0.0,0.0,0.2995220436247167
2585,0.3290877418043351,0.0,0.0,0.23485139059927512
2586,0.44382970750896605,0.0,0.0,0.26524413607626407
2587,0.48308704523267487,0.3262318995042771,0.34674703786203875,0.4385052284375319
2588,0.42625274753543724,0.44121932368977534,0.5080022468982205,0.2775492373339182
2589,0.2834598270045603,0.3530245187354085,0.3303449542743707,0.3774790807732497
2590,0.3277247315510774,5.990461738511305e-17,5.383005762812267e-17,0.5501598211362995
2591,0.43186061609963944,0.0,0.0,0.3023197761639107
2592,0.20836992763161244,0.0,0.0,0.2505272641086219
2593,0.15856710970254032,0.0,0.0,0.4060856324869325
2594,0.5399064003916547,0.0,0.0,0.2665189412990799
2595,0.4490264374438442,0.3382075004626927,0.3339750028969294,0.5698833649745966
2596,0.4497711156292633,0.5051170508907515,0.4847154241103666,0.5294600822300861
2597,0.2602032145789506,0.3647141614008556,0.32247509660140466,0.3514677500462918
2598,0.42042451485271365,6.078974425702299e-17,5.988727964282601e-17,0.25694239036363786
2599,0.36540978069849267,0.0,0.0,0.2953079246641202
2600,0.1890400245190873,0.0,0.0,0.3179062210953842
2601,0.5111143271669092,0.0,0.0,0.4070426989102299
2602,0.40576752153699275,0.0,0.0,0.49386242210523146
2603,0.35907758913159654,0.33751817781219134,0.35033108209289215,0.29503472266366443
2604,0.35210021457659807,0.44491731965981524,0.5024120538988325,0.4909901457093943
2605,0.16716379519628577,0.3350114042098567,0.36098777061228254,0.4304545470206532
2606,0.40680644226706336,6.315928759403352e-17,6.890048163841116e-17,0.29669383322326637
2607,0.364871706464096,0.0,0.0,0.2300147961718224
2608,0.3288603058076335,0.0,0.0,0.3598915907701997
2609,0.4973300432217066,0.0,0.0,0.26352267410633096
2610,0.25230882401255117,0.0,0.0,0.49306281082839637
2611,0.3398042748397778,0.33559651240954913,0.36651355096715427,0.28709324526331886
2612,0.3056939004360972,0.500876479156068,0.4661116531514232,0.44546534522845016
2613,0.34160202449938404,0.34764048758567395,0.3282546865372165,0.36141988599503116
2614,0.35501532156666527,6.554646091947811e-17,5.923679866750999e-17,0.29220583060342287
2615,0.3824828748576749,0.0,0.0,0.3291983718446103
2616,0.3143607376718917,0.0,0.0,0.4570563999458236
2617,0.28253571290251045,0.0,0.0,0.25104554551862085
2618,0.5600851848306407,0.0,0.0,0.3502688343344146
2619,0.6414353055968567,0.31725635975618105,0.3310884759686444,0.32509692994928097
2620,0.40581315704179877,0.5065162312109106,0.4796171563723597,0.3876227764987248
2621,0.2945932497159131,0.353171951679523,0.3323721358606876,0.3018031971667344
2622,0.49660349608663285,5.752685339512968e-17,5.2656166302429965e-17,0.172249958743742
2623,0.19559557578515332,0.0,0.0,0.23475753172476363
2624,0.3163645076337253,0.0,0.0,0.5136173419580192
2625,0.3014433384051743,0.0,0.0,0.39572786466843174
2626,0.27631469193035196,0.0,0.0,0.4135044523562086
2627,0.37305262024762753,0.33987764304387114,0.31632379409447803,0.3727938045389407
2628,0.30585103905800437,0.4708949159947425,0.4755929820489024,0.3871057045644839
2629,0.3723204899546699,0.35447399761452125,0.3009394809745548,0.32807385125666644
2630,0.35255955687145446,6.115346598389476e-17,5.686155766781991e-17,0.4025346932083146
2631,0.2789218711876065,0.0,0.0,0.35113592896574175
2632,0.3135680225028198,0.0,0.0,0.2334925371463452
2633,0.3487476648074321,0.0,0.0,0.39720501190822244
2634,0.47403037114534224,0.0,0.0,0.14717157270624448
2635,0.38698962149138455,0.3254589701220585,0.3540529428702759,0.4432184815655817
2636,0.4755159391120093,0.4382186170896206,0.4589719571130463,0.2521100793497474
2637,0.4304138599532687,0.3443114054499917,0.3174045807495925,0.36222705298079555
2638,0.40777242785228096,5.649566126899855e-17,5.752281373534552e-17,0.23115659784258782
2639,0.4806171586324005,0.0,0.0,0.34211488155111286
2640,0.23945131878642775,0.0,0.0,0.409218258688641
2641,0.3252852995659038,0.0,0.0,0.5228863187215732
2642,0.5701466936621685,0.0,0.0,0.2396810481310637
2643,0.3768719601376884,0.361634638542615,0.33943311931991194,0.5001509057637287
2644,0.11230444464162659,0.4822392027532468,0.46568297296096534,0.4069320841699587
2645,0.35230677588182663,0.32814687739876464,0.3230627299927585,0.3275368949141527
2646,0.36488435977734374,5.571363029890077e-17,5.748082911105488e-17,0.4273760572669647
2647,0.08089229845349405,0.0,0.0,0.3190111250880944
2648,0.4855483214110985,0.0,0.0,0.4239078090623716
2649,0.30199671447133986,0.0,0.0,0.2741409895451006
2650,0.42743747581224806,0.0,0.0,0.33128146106386724
2651,0.38076980632349383,0.33227956492782273,0.3641641784756514,0.49772796613736003
2652,0.2657460223730923,0.48765150137667257,0.47008153246205503,0.5431212166505387
2653,0.2663171473943581,0.340337623171289,0.35142134239458406,0.36986477094261516
2654,0.25864647377954897,5.58737524851662e-17,5.861741151487658e-17,0.07342586488672564
2655,0.4519351517762639,0.0,0.0,0.3234630325970546
2656,0.33815836484244927,0.0,0.0,0.35615479543470746
2657,0.3219388354328862,0.0,0.0,0.35084804941874365
2658,0.30187769926463415,0.0,0.0,0.4289724466902104
2659,0.5237404092406736,0.34199106418504865,0.3182216639673438,0.3564343943283287
2660,0.541758717776016,0.45675249588010164,0.4380734349296852,0.47922567659146
2661,0.4925997769587289,0.35426792783095445,0.34518962289022265,0.25745405981495667
2662,0.40215591756788116,5.814088403894866e-17,6.04895638780969e-17,0.4765970543878786
2663,0.373108391275132,0.0,0.0,0.49913326948417014
2664,0.2320686792121724,0.0,0.0,0.26235648720373184
2665,0.3502937517742532,0.0,0.0,0.2835156818850527
2666,0.32770284754631174,0.0,0.0,0.4371583992587082
2667,0.22232445354688796,0.33712842630595924,0.34706144983046255,0.28615362347107
2668,0.501793209797492,0.4909678953680638,0.45192749254439907,0.34682858077072337
2669,0.30529266980613146,0.337477641741494,0.3155972815470887,0.48512836009096044
2670,0.4732566517532933,5.43337468391477e-17,5.670698277309131e-17,0.42742313745745886
2671,0.43305030452136023,0.0,0.0,0.542895298614318
2672,0.4100771648341667,0.0,0.0,0.3714837819308455
2673,0.43690697778273957,0.0,0.0,0.3145347703786026
2674,0.33530038583464683,0.0,0.0,0.40195612520731966
2675,0.5914035857354877,0.3208843144988319,0.3290139360266044,0.3905597366655577
2676,0.4011443171373225,0.4872458407077131,0.4758339228921696,0.38317606312170405
2677,0.40581173911829155,0.311680430399689,0.354342947297896,0.37323819979684786
2678,0.2894977338141609,6.198804595940247e-17,5.100004168182597e-17,0.2612286962862011
2679,0.2525020445287252,0.0,0.0,0.3738403461034855
2680,0.4028702828774645,0.0,0.0,0.2142743552206631
2681,0.39810523502599715,0.0,0.0,0.3046712246413072
2682,0.3186318522774573,0.0,0.0,0.3856792125537333
2683,0.2625112135545782,0.3097955730206169,0.35738915623192036,0.18039855416655942
2684,0.2705747801349603,0.4907417964332523,0.4871920940168402,0.47446624250220676
2685,0.49596725714122936,0.33832617194612075,0.3492389361714278,0.17103843444736808
2686,0.29381530053151506,5.588684315541761e-17,5.785620392805663e-17,0.42209945108634006
2687,0.31246303086453525,0.0,0.0,0.2170729564393024
2688,0.5009022134731088,0.0,0.0,0.31537631852685266
2689,0.26486633488415756,0.0,0.0,0.428994455727742
2690,0.32559511189668977,0.0,0.0,0.6181085464163437
2691,0.33020470817672976,0.357723653636295,0.3335096054192603,0.418726588803534
2692,0.5601014425849994,0.4815411918741104,0.4659574162785122,0.2000319616484446
2693,0.5764197410910404,0.329261302685545,0.3268442211324696,0.47245090429637643
2694,0.4310245101374197,5.710097139273794e-17,6.347005696029926e-17,0.3326763471113008
2695,0.425419863448223,0.0,0.0,0.35407205647868134
2696,0.2985521681119827,0.0,0.0,0.4123739713860172
2697,0.5725337205232806,0.0,0.0,0.1552630761422808
2698,0.4257837007043148,0.0,0.0,0.3996677600419682
2699,0.4931118982778262,0.35844868200676216,0.3522769800366433,0.36683148283758266
2700,0.38846158139135323,0.4284700220906635,0.5049207073482957,0.5211975658690005
2701,0.35099761310009114,0.315926331456937,0.3287184674862021,0.4505122481667265
2702,0.5228918943568676,5.691009346251284e-17,5.992386245472525e-17,0.19388747611910107
2703,0.40177323980668295,0.0,0.0,0.4740634570677571
2704,0.5024364573060311,0.0,0.0,0.40225142001501407
2705,0.4040449318090938,0.0,0.0,0.2237879548892675
2706,0.31488866442787666,0.0,0.0,0.40530062841946307
2707,0.3501778213467406,0.3537127373939411,0.3273547844681607,0.5119947260201749
2708,0.4100218423166468,0.5042140219686961,0.45649599036221156,0.27832093081284637
2709,0.31586209303025664,0.330561673190308,0.34742562211253714,0.516269848219131
2710,0.24655277033622386,5.62787857614446e-17,5.73021074182037e-17,0.20603603378624036
2711,0.4686538178132918,0.0,0.0,0.26938939696989084
2712,0.30351469816347076,0.0,0.0,0.2637146217068528
2713,0.3930341834605504,0.0,0.0,0.5169082818402846
2714,0.4300414711055753,0.0,0.0,0.35132649846209507
2715,0.35039959614936156,0.33721399358507714,0.3328242242534249,0.2929332084153186
2716,0.5455080587478888,0.4579232149254942,0.4666024159948363,0.444949200008421
2717,0.2675007325609571,0.3335303910942245,0.36508920071459056,0.4453330077406903
2718,0.38416423160389906,6.052183061174355e-17,5.918776749002028e-17,0.42475531472523514
2719,0.3738266793190767,0.0,0.0,0.3220809921588174
2720,0.3532703819982846,0.0,0.0,0.38414927238839414
2721,0.2502177843930975,0.0,0.0,0.3148857370973672
2722,0.4882040043422386,0.0,0.0,0.5686024169494652
2723,0.4842601127537554,0.3576351041231351,0.3189240336279162,0.5243295615860889
2724,0.3335653962967705,0.5026887644169089,0.4507027656424626,0.5094179320599597
2725,0.45065776644083194,0.3308841849759513,0.30195957768032755,0.4593206391776503
2726,0.3961866109147769,5.586021401177017e-17,5.382687712393445e-17,0.4106691728841995
2727,0.22184783118418497,0.0,0.0,0.225472797305317
2728,0.27398822517070404,0.0,0.0,0.4227112402534046
2729,0.49442246455239414,0.0,0.0,0.3920208430697682
2730,0.4327491420132376,0.0,0.0,0.5281439319941246
2731,0.3541640254823736,0.3216735799313849,0.35112645696475153,0.49133623830167905
2732,0.3159599343817684,0.4719275470388553,0.4692806454422483,0.4568455705143347
2733,0.3290549402518941,0.33580630376434956,0.3407254537320612,0.21217184031042058
2734,0.3149331636400693,5.3886149362721475e-17,5.5025987746312794e-17,0.3504810629669927
2735,0.265998016800511,0.0,0.0,0.29480509407307054
2736,0.1858809139753356,0.0,0.0,0.3852939176319732
2737,0.4952718572893408,0.0,0.0,0.33971570150499786
2738,0.499547099346003,0.0,0.0,0.37488915447552806
2739,0.28394498346857633,0.35436040183717377,0.3412307913205153,0.45717391913993266
2740,0.4161148616412254,0.4557660526024591,0.47245898877819265,0.35926992072798103
2741,0.29104670837778557,0.3596551813013068,0.3547959399302727,0.3934296826066635
2742,0.3339006028910123,5.544261544342495e-17,5.970644631461899e-17,0.2081161361262352
2743,0.31679387066189657,0.0,0.0,0.2680303809732564
2744,0.31794084609519263,0.0,0.0,0.4263286243872759
2745,0.582232179510205,0.0,0.0,0.25891825943292884
2746,0.35911810607055367,0.0,0.0,0.5277231822984725
2747,0.3311110885958838,0.3429672749181961,0.31651945562454137,0.5093774066327084
2748,0.3268925315884679,0.4885493052613396,0.4522605393295833,0.37632768100419406
2749,0.4863151667427518,0.330324702704901,0.3271475847133917,0.6818108816528228
2750,0.1955140344976864,5.3491493468520886e-17,5.656936695987084e-17,0.48503462545180925
2751,0.2756751794590243,0.0,0.0,0.2570095204320028
2752,0.5060640303694925,0.0,0.0,0.435999151728344
2753,0.4069935685937003,0.0,0.0,0.38918125642591134
2754,0.4230003537331433,0.0,0.0,0.3261369441435909
2755,0.6258095958083058,0.305331684339995,0.3088884164962246,0.30560403547731474
2756,0.4284429485243819,0.4165015339753579,0.4924260333054523,0.5032974867183699
2757,0.31177633365797736,0.31912909862618055,0.3201118234266958,0.32280040333152227
2758,0.33317404067070433,5.940436511093774e-17,5.424866853299355e-17,0.351194110854634
2759,0.2390517188908787,0.0,0.0,0.2604923569712827
2760,0.48762327046418763,0.0,0.0,0.28721377273275883
2761,0.44069894165188583,0.0,0.0,0.3705498498910671
2762,0.5168973883308996,0.0,0.0,0.44327420260622585
2763,0.5345411627531513,0.33733286269467266,0.3256860233782779,0.15440685354306943
2764,0.3630348952410575,0.48652763358845635,0.5223516897217392,0.40614795325048575
2765,0.2887674846973253,0.32405191931522415,0.32985204083030295,0.3086306686397108
2766,0.3568582553318133,5.625542992646231e-17,5.911341989299277e-17,0.5022658318076404
2767,0.26596666281936054,0.0,0.0,0.6475180344987581
2768,0.3791632235576405,0.0,0.0,0.32673963252136645
2769,0.49709042753580335,0.0,0.0,0.21165788338101496
2770,0.3882799782830141,0.0,0.0,0.41678163987978745
2771,0.4288802484431083,0.3463701514418704,0.3378422337679839,0.39333780650301386
2772,0.3957093812655942,0.47403712641923706,0.49229144815153514,0.6022290077880599
2773,0.4641534966961042,0.34515249876001736,0.33666883610634596,0.5505396737898887
2774,0.295889296587909,5.15416297684801e-17,5.667079853755724e-17,0.4492050330763945
2775,0.13423611328802454,0.0,0.0,0.29521133133106864
2776,0.4103823519140902,0.0,0.0,0.4310721225946325
2777,0.48329211154294793,0.0,0.0,0.41100930531897895
2778,0.45035929732359853,0.0,0.0,0.42985419317768403
2779,0.3504856198653472,0.32901311257055327,0.3463977455646264,0.25868568455536156
2780,0.2922206630291381,0.5397583193395777,0.47593702661119963,0.5119014066931096
2781,0.4339584225901807,0.29484016426735793,0.34335619883259344,0.3952895022432721
2782,0.37744336127001954,6.122431893816732e-17,5.3965165591811093e-17,0.35321133122209464
2783,0.34192940664631555,0.0,0.0,0.29449301991126575
2784,0.5461595045722405,0.0,0.0,0.2845515203075236
2785,0.29044636429032467,0.0,0.0,0.416852231836356
2786,0.5838432792568008,0.0,0.0,0.231423296958246
2787,0.4183047641955218,0.347925331431373,0.29713988189286816,0.4940762496734621
2788,0.22278252945696675,0.5080502880043033,0.45612184254181215,0.3009290334444857
2789,0.3672061082765437,0.35428311639620985,0.34747323938872443,0.17925830508792862
2790,0.4598627779328055,5.4520850661585665e-17,5.274924242444031e-17,0.5461027018654635
2791,0.3186208704279607,0.0,0.0,0.26931766877389995
2792,0.21704261174271214,0.0,0.0,0.292304549714382
2793,0.36928221612253104,0.0,0.0,0.4991875024029555
2794,0.32122963534857385,0.0,0.0,0.5923899627894086
2795,0.4649151094109443,0.3189568925812583,0.31037730157309656,0.26243351144180505
2796,0.4842868543445056,0.468539186408068,0.4600726674676105,0.3113300667126775
2797,0.2801066285273374,0.3186292538899678,0.3504559529652618,0.2974657870860884
2798,0.29394006035498665,5.432945178798291e-17,5.38572275099791e-17,0.4580006321361171
2799,0.43139791581284176,0.0,0.0,0.5196468820951013
2800,0.27923274497293593,0.0,0.0,0.25709191664502395
2801,0.2781145626556287,0.0,0.0,0.5278049100352502
2802,0.2896744664943992,0.0,0.0,0.3366401685211544
2803,0.4515342375342403,0.32633236399999155,0.3117102776067537,0.4499426665329855
2804,0.4384593516257711,0.46051366929830817,0.45597511198047713,0.28039820973124285
2805,0.31792577320052406,0.3415569037889938,0.3396464821367376,0.37413733488022843
2806,0.3656257124156553,5.688439847202844e-17,5.724393226389853e-17,0.3540059013955602
2807,0.5090436146539413,0.0,0.0,0.3248145456069009
2808,0.2682970985727367,0.0,0.0,0.4042002123965286
2809,0.19174205679911033,0.0,0.0,0.28621323121490266
2810,0.45363707870778874,0.0,0.0,0.31975719131706754
2811,0.4058762013099964,0.3104166434297406,0.3090307199499228,0.4607035321950908
2812,0.33712701245424154,0.4363217683206823,0.44651704016980276,0.5423330542333246
2813,0.45212434143564606,0.31336504692780187,0.34885149317818887,0.384634948295363
2814,0.44962562873143785,5.568554055327565e-17,5.886104916037776e-17,0.41607019161077613
2815,0.13608851571214603,0.0,0.0,0.4327243187298893
2816,0.3010183256914831,0.0,0.0,0.4493286354879811
2817,0.6192429431799138,0.0,0.0,0.2921388474765645
2818,0.46704501507564383,0.0,0.0,0.33100350047533433
2819,0.48510168388994335,0.33195404777561793,0.33486461042876803,0.3484838606658749
2820,0.5259939513589726,0.4749462014606308,0.40534526376808205,0.6015679035852212
2821,0.38919820258020094,0.32514645073574955,0.3354911000196535,0.4383106139774188
2822,0.44594653263379397,5.707878440077229e-17,5.992894035244518e-17,0.41260968866313363
2823,0.4292975244439486,0.0,0.0,0.39411489537860217
2824,0.4207461591727182,0.0,0.0,0.23476266913549237
2825,0.3558540158712982,0.0,0.0,0.5818742600107426
2826,0.426474308605261,0.0,0.0,0.4571871694473312
2827,0.35921905650236086,0.355503716876063,0.31592463728683046,0.49037122419853396
2828,0.41054984682528456,0.5006152761676911,0.4599938193300368,0.23271628747705486
2829,0.271206123723112,0.3446377973813618,0.34818282627989744,0.4660195981691905
2830,0.28777961037014704,5.878905465570155e-17,5.505989899426847e-17,0.3312207644846796
2831,0.3298240087405457,0.0,0.0,0.22577691546041492
2832,0.27302408264635414,0.0,0.0,0.27201825920218203
2833,0.3381061021504405,0.0,0.0,0.2621184083796215
2834,0.393428434985003,0.0,0.0,0.28164261314909356
2835,0.45883406369139595,0.3261181831534797,0.30158100320681785,0.4246626112613792
2836,0.5047467628458455,0.5399073133464621,0.48264031341920277,0.3711447537873895
2837,0.34222939208714737,0.3046455690384551,0.3659264729309078,0.4220147654410969
2838,0.5009050875162242,5.59075507982448e-17,5.929393710758784e-17,0.5349922128961622
2839,0.45246893708750746,0.0,0.0,0.3456574578622244
2840,0.4183451849426509,0.0,0.0,0.14344687235241396
2841,0.404513918113515,0.0,0.0,0.36495318402907145
2842,0.44227429280630365,0.0,0.0,0.5297016522592367
2843,0.5378541202504913,0.2983795219604011,0.32520518451590985,0.41055505793417013
2844,0.5327201745953769,0.48200066785437723,0.4520705347197189,0.5632952739886197
2845,0.5226436780222175,0.35082252724552765,0.32799708594355564,0.434443164497635
2846,0.372068484935957,5.616058820538763e-17,5.635251329594232e-17,0.18410882830851777
2847,0.4146457216837144,0.0,0.0,0.37010723022768893
2848,0.5028200276742161,0.0,0.0,0.3981655064384838
2849,0.32730697695596805,0.0,0.0,0.49771416057497175
2850,0.3790500985113734,0.0,0.0,0.5928554410443606
2851,0.42128224674895515,0.3433631113277384,0.35061968412153616,0.5104511324184773
2852,0.5008516576811444,0.4964593253952199,0.5046330119475823,0.45493976362192545
2853,0.4811957955194696,0.31720450216293916,0.3320656668952959,0.45729740760544196
2854,0.3453789658922174,5.638231341880623e-17,5.636589147229239e-17,0.35166469636705416
2855,0.20881763500963635,0.0,0.0,0.21339079676686443
2856,0.39360158908564136,0.0,0.0,0.37313280327833065
2857,0.29836478435880087,0.0,0.0,0.42672543083753156
2858,0.2624159810632152,0.0,0.0,0.29104383893604513
2859,0.2938092420182693,0.3389362658921972,0.33479287655584566,0.5528585620416352
2860,0.44404770231179347,0.45082895261390155,0.44052041206641745,0.5119507030754805
2861,0.5263001341849217,0.3211596524710559,0.29653903003747173,0.2530202565628541
2862,0.372872646279669,5.5102101700367336e-17,5.0613105943730195e-17,0.5055664235350321
2863,0.3813344635562375,0.0,0.0,0.32936496117065633
2864,0.48777859512760696,0.0,0.0,0.29163994472797955
2865,0.2362568137670554,0.0,0.0,0.4986300739500634
2866,0.46393315027103443,0.0,0.0,0.4068100668350014
2867,0.4195433262435287,0.31583575580769463,0.3222747837157089,0.6106208367590978
2868,0.46852125399421396,0.4337948044665067,0.4806208913121299,0.32662670372233216
2869,0.3423539138350292,0.3452036943666118,0.3323862085034464,0.21753655227814536
2870,0.28769537219716623,5.58043400851098e-17,5.705246582787197e-17,0.3414452731232003
2871,0.3747531951039714,0.0,0.0,0.43962455458145816
2872,0.5349020791857275,0.0,0.0,0.27726864829872694
2873,0.477287160742024,0.0,0.0,0.25818611200788977
2874,0.36164007670546494,0.0,0.0,0.43530209399374953
2875,0.2870989466897497,0.3737173906274209,0.35085315165976305,0.274827429271126
2876,0.24420262535369552,0.4217358371818373,0.5228801179621375,0.4430786236848155
2877,0.5228060954729259,0.3275822999038337,0.34176994018581563,0.35713384516505997
2878,0.2744747180386985,5.849205987287415e-17,6.158841506135717e-17,0.4194295956875186
2879,0.328644808988384,0.0,0.0,0.22281326989541747
2880,0.5025856977640897,0.0,0.0,0.5002809003007225
2881,0.2302876430440293,0.0,0.0,0.3733743400925595
2882,0.5621174429750307,0.0,0.0,0.48924325881800723
2883,0.3963137432026783,0.32238517523181587,0.32236064887343885,0.5176653347204174
2884,0.298032660503651,0.49668499276540745,0.4438140469726784,0.2971464967909293
2885,0.36694269587703715,0.31983143100540157,0.3122537472657569,0.4799035395527361
2886,0.2982049070161843,5.632215883749884e-17,5.670726260050686e-17,0.22795790764189952
2887,0.4057597684825,0.0,0.0,0.22466401431593916
2888,0.306120630043365,0.0,0.0,0.5673337970309862
2889,0.20098285577583483,0.0,0.0,0.5033324137474016
2890,0.3913040268624366,0.0,0.0,0.6207266978467111
2891,0.2864925716390852,0.31314573423976133,0.3262144239115461,0.38512567380694807
2892,0.4337922687021675,0.47727875705179235,0.4416311090265737,0.4236031467111364
2893,0.2734340436394067,0.31475576572979286,0.30947879458545696,0.44488255154297546
2894,0.32213259311493414,5.579228272234891e-17,5.475010744946198e-17,0.3697143167727533
2895,0.3804058572891728,0.0,0.0,0.2875334747981487
2896,0.35014480011604204,0.0,0.0,0.2817822028314641
2897,0.4176469043551699,0.0,0.0,0.4139900993379604
2898,0.4818457960624375,0.0,0.0,0.30713109532443134
2899,0.30681050608193483,0.33852772450568397,0.33130362867057805,0.3131175268183802
2900,0.40737732542819105,0.4976159998635343,0.44450593215640294,0.4531742806061211
2901,0.059653496304252485,0.3366084425008025,0.3379608997047194,0.3830879409065039
2902,0.3961240027877214,6.179500747237593e-17,5.875452398196799e-17,0.46511129967763754
2903,0.33252246301758115,0.0,0.0,0.32011273504678117
2904,0.27348987101105615,0.0,0.0,0.31370925236129976
2905,0.42461999302410214,0.0,0.0,0.4354033903979968
2906,0.5315310119485529,0.0,0.0,0.3330587667746634
2907,0.37544627603455544,0.3249367752458112,0.3287793640408739,0.3572352782387812
2908,0.3197798052058741,0.4753060050987695,0.4613613809757229,0.35241581519210463
2909,0.4095505770383209,0.34991376291278653,0.3280131532323025,0.3720778401648944
2910,0.23827418069421724,5.87152906671866e-17,5.5225451677338456e-17,0.5490785016884436
2911,0.29700991374089575,0.0,0.0,0.22536916829873396
2912,0.4945064821967844,0.0,0.0,0.5018170242434801
2913,0.3996973924485593,0.0,0.0,0.46725814509632224
2914,0.2267459765083103,0.0,0.0,0.5713905576399263
2915,0.24378030473939039,0.32868240111334324,0.33201504278187116,0.7371480742995578
2916,0.4309012421676045,0.4707228915491419,0.45564707368568363,0.5578379749817125
2917,0.4797185270590993,0.34321527404142227,0.3103917856202466,0.48604616425811664
2918,0.2105041201691191,5.927156057690961e-17,5.827326572557411e-17,0.2410166308692324
2919,0.4084507302169814,0.0,0.0,0.24485724331622627
