,Houston load,North load,South load,West load
0,11590.063052796557,9082.809303867254,6072.365068481737,3948.85883717181
1,11647.348639172676,9558.490504726746,6308.395951219462,3968.531253810873
2,12991.954354780197,9979.175561557597,6825.040432342875,4359.7287566082905
3,13962.7340945218,10822.625843778385,7379.424354124144,4505.700322671876
4,13530.420660428228,11111.517317488848,7725.367398256715,4825.313299546065
5,13348.001191467869,11160.97549571566,7416.406229305819,4593.309173213491
6,12832.567968882804,10403.85822734562,6957.947893030105,4303.715161104205
7,11819.523210261295,9568.487871851226,6527.347670757143,3975.3565828560677
8,11523.573089364172,8972.886690543992,6218.022464888192,3803.6366204144856
9,11699.523556887665,9462.724716280609,6343.388811662202,3967.3972137855453
10,13033.545379779282,10093.715751386651,6968.945925981033,4231.632545105953
11,13927.287797371855,11161.991688388514,7471.071867091937,4659.046386134055
12,14107.70763728225,11536.87415200665,7611.656304115966,4677.294504406516
13,14023.134434056958,11202.960173683392,7101.323597491164,4434.498345755041
14,12928.03373069884,10091.85026491709,6716.117830533286,4126.021196491963
15,11698.036081530216,9000.353059187704,6313.153445865476,3830.5145986587218
16,11620.695940765361,8902.368414637123,6248.260695327791,3892.731360585146
17,11682.606597707432,9799.754499217812,6349.8384379957915,3878.906709887204
18,13042.544383726592,10171.59650107409,6991.354229245601,4298.094100426199
19,13709.976778071457,10814.100825831441,7511.828191086387,4587.055407511665
20,14046.963964762066,11649.833726934972,7699.859244636922,4693.615048342799
21,13536.782937645545,11256.746504507799,7495.770231655135,4614.670259407581
22,13130.751131383431,10258.898828297524,6694.147078010941,4285.978944069928
23,11874.220116127655,9472.910044382244,6413.869849989142,3755.1728876640827
24,11445.481072277882,9211.100882543153,6082.1897306909095,3823.2185309755364
25,11836.124097397727,9579.383356527038,6147.697825273014,4007.1394872244514
26,12963.644645157457,10590.051195516535,6801.77963016082,4415.962028543436
27,13834.477913602987,11080.112960600914,7518.921786295113,4732.445493218121
28,14226.265093984666,11451.74084093485,7594.567012329095,4575.039401658433
29,13852.43577797863,11244.219529159114,7620.454838793419,4546.0112683157595
30,13376.507062613267,10021.611573794406,6865.361100550469,4141.770459726319
31,11823.183316403813,9680.026746229105,6668.604274290017,4094.1386934373736
32,11435.346086420324,9188.515948353477,6183.85747765071,3929.2523899957405
33,11735.551130927419,9063.509419371629,6365.374024647881,4004.4536271904
34,12995.610185441932,9832.84179570283,6671.453683334416,4293.367567450216
35,14055.562420522287,10772.254939049435,7493.600831834499,4708.248150071568
36,14089.022279509705,11416.987211392636,7455.675498394742,4821.103727805425
37,13514.24091345433,11021.189847314241,7235.907903069525,4687.851514199705
38,12625.773126948936,10307.835186748862,7022.086857039098,4318.236718850029
39,12084.940326672997,9916.157222997721,6509.897545966847,3948.796253890168
40,11735.518718673988,9016.095169195954,6306.899634194214,3913.6797819423427
41,12069.652166637967,9546.71715322466,6321.8435387779255,4044.939149265686
42,12677.455988161104,10341.3618110327,6845.531947186166,4266.494545912033
43,13820.872629479198,10843.534127560912,7328.281305972979,4553.451061577225
44,14166.301958995238,11313.060658051103,7655.7388706855,4817.889453019542
45,13817.16574469103,10653.42868624346,7565.036498391073,4738.286849478637
46,13072.402198966089,10568.619552901851,6902.972827544565,4218.63327713377
47,11993.341879965414,9421.742926628745,6619.493021418991,3959.017808054748
48,11731.266967221218,9635.474845003142,6283.6240544886705,3885.115106328227
49,11966.92727660399,9554.410372071168,6343.815540242203,4022.359844285644
50,12934.485057977885,10499.632592835487,6972.410372236202,4241.922975802253
51,13943.320941332388,11003.833439130678,7594.2766632219045,4762.724164343513
52,13733.872659734818,11309.949595250306,7846.131435519616,4755.1851517953655
53,13681.436775051972,10886.908277916978,7518.041685458575,4638.60273731069
54,12739.141836055916,10312.609444502896,6862.254064476206,4437.5040484228675
55,11798.073125561019,9621.425158098093,6346.123619206589,3947.814048123479
56,11521.415935139767,9122.761595658341,6249.943758475676,3854.8924512559865
57,12319.846903066044,9545.820252596704,6593.429059961316,3887.4472707382024
58,12649.501498461426,10172.271436991248,6924.8433022831,4276.0122719633
59,14049.533182024566,11533.226382775763,7417.5560967361735,4457.399415550206
60,13683.072037523845,11307.390253675625,7559.575708046378,4790.478209147388
61,13690.31294143019,11366.85754935149,7302.528451196512,4632.799329610637
62,12914.30860585216,10257.636414932525,6843.022345314636,4267.025714762828
63,12102.441495371571,9619.379510830271,6397.115334236758,3979.388556065344
64,11761.750409523436,9032.255848349188,6397.4828963855825,3924.4676091425617
65,12164.187753215929,9493.701762521796,6355.619357775473,3900.7296766519826
66,12795.455159683106,10351.664014407075,6879.403915937158,4312.646417182896
67,13668.877554755476,11387.262745349693,7230.7578661311845,4663.1563178648585
68,14417.072792845078,11389.426636990613,7667.735877918831,4556.207441644446
69,13743.667432408633,11342.61003243895,7559.232204157143,4661.816056686382
70,12556.571240985384,10440.355129267227,7095.449326423541,4151.302376429465
71,11702.789864563243,9891.144211400513,6412.211416520138,3982.0106326836994
72,11395.501554792325,9276.21697095614,6262.577575958633,3779.62131315921
73,12105.965772614702,10047.840054524186,6373.31583051142,4109.966458560467
74,12935.608845508752,10218.916017039723,6952.044310148909,4200.118413746905
75,14001.679040277495,10879.39394700624,7412.094388268,4451.713295321864
76,14067.509214521682,11076.296033648066,7576.152980526249,4742.198290089644
77,13854.745500619232,11563.861836113987,7386.13547265676,4565.560386201759
78,13060.254371343986,10488.212102133379,6941.57436628905,4170.237401174532
79,11912.617286702407,9525.342424949104,6355.338588876159,4037.6117549437336
80,11727.898442941747,9529.635307197566,6168.193842743422,3719.6116262721885
81,11841.08056011743,9731.989876272688,6618.5103582675465,3917.0817955404314
82,12819.268698900565,10736.64361603007,7260.2979799988825,4254.8249941180975
83,13720.56132379558,10718.487954599697,7196.312510215431,4682.6509577432
84,13864.612210446045,11303.159247358402,7384.818843596293,4857.45321640092
85,13960.779208581158,10958.578302896463,7232.771307005817,4710.354802721046
86,12791.803070546834,9922.645353510357,6872.7231367478935,4291.148875714187
87,12002.940592388757,9803.535454352079,6514.628427869643,3805.7969514723372
88,11746.90320856293,9257.68934768536,6278.72965007945,3908.6616331624377
89,12120.969719254663,9753.115135004873,6429.341123341065,4122.340037936007
90,13099.85410920069,10830.358787254389,6967.772915410081,4415.606291884033
91,13814.684518430598,10995.326012366231,7280.188113159668,4656.7038242420085
92,14100.204976707575,11280.65210716821,7547.287806060979,4627.429098784699
93,13819.880031364708,11099.840006258402,7379.405965573456,4565.507894414134
94,12491.543667940456,10546.458894051086,6676.376266799724,4475.938161031824
95,11665.977140243316,9502.011108793879,6258.478869528661,3891.0924527056777
96,11340.73115638142,9201.512614994457,6073.381766363651,3793.823093642077
97,11788.091255138257,9825.84475171866,6512.96129555499,4084.9095719310867
98,13046.699278167895,10432.982566067003,6936.9203461364705,4277.2001053760705
99,13607.464867460822,10633.360510538892,7481.494596504248,4510.29659579033
100,14129.85119065749,11110.88167997254,7313.968132420404,4890.874679283047
101,14218.540752788182,11419.624742860096,7171.859768856877,4662.075205037388
102,12850.98802428539,10437.805509064312,6994.610553511396,4281.459119377466
103,12205.40530602218,9475.708036657501,6058.4280451312725,3917.4537969829207
104,11445.515822803647,9298.83700807646,6372.779385620742,4046.9624156487243
105,11993.382632962674,9636.841529866368,6188.642434266895,4012.324788316562
106,12712.988045403092,10519.927611891198,7028.160396162453,4440.461508839823
107,13781.488507802016,10798.912313533334,7268.790209746291,4707.855882651317
108,14494.715029834042,11212.30707643347,7762.232648800559,4702.210103695264
109,13396.222829196311,11161.057947950185,7875.1336359294955,4577.742343405232
110,13071.81474321914,10346.674686002518,6597.358288044828,4444.693716340091
111,12100.12411280023,9744.480166364054,6512.186884536278,4131.707234385021
112,11539.474884390642,9112.86212434952,6003.159496299346,3746.6219010840027
113,11709.560755737168,9715.542452984013,6485.985560987382,4063.629693753806
114,12994.549348667764,10607.2916997278,6891.823857160592,4314.79109599128
115,13746.231660272386,11222.9049838978,7429.0253714846285,4535.411233184487
116,14339.835273590514,11450.500468454966,7473.6832489305225,4782.711267653286
117,13899.432314781217,11093.373929092675,7525.465118788913,4506.117210022949
118,13391.518772514193,10207.338241230329,6719.9774004542305,4284.925876841521
119,12000.576323490128,9632.749722212999,6590.79545471499,3955.245345979255
120,11454.367547609967,9590.680937379133,6185.61304428565,3858.949737909898
121,12117.58770054625,9636.441164386237,6258.968072913988,4019.01137110205
122,13050.210493430186,10209.453407107341,7150.6685824982205,4243.045321742378
123,14289.963388178128,11019.862422801569,7409.627543353499,4783.167822082416
124,14531.060147812495,11479.806885634343,7913.4069549523965,4811.116554039531
125,14011.083074946488,11046.291057860839,7600.860666091322,4803.700138350556
126,13373.297088088417,10495.322631176723,6819.005417412944,4317.147818442928
127,11787.225642000862,9760.443647781729,6428.678038967987,3980.590040725615
128,11559.936512076149,9534.367155706663,6260.325229238298,4040.525301556972
129,11866.780540322245,9948.066295613713,6645.294951209001,3983.6858761106346
130,12909.412979871937,10615.989947613707,6999.838737516801,4321.484498102405
131,13547.285720495885,10936.447227907342,7455.985136085527,4710.490500587793
132,14493.737667697505,11242.645140169983,7602.517145635218,4652.549312744036
133,13868.93895591048,11127.794213881834,7422.2762352879745,4709.6776142955605
134,12628.119356904184,10314.755697450895,7120.173382336237,4387.548301335684
135,11845.258081930733,9452.460506880565,6448.927054201794,4132.595484357617
136,11799.846566668068,9298.184733516344,6204.63040778055,3978.352739233706
137,12310.896682397632,9594.423643528671,6384.659554436399,4140.912709598486
138,13549.561529788276,10283.336244243237,6871.968448529356,4333.489795491801
139,14763.550017288746,11089.95326072634,7231.653388460545,4569.951934818654
140,14450.95574238465,11735.970513439768,7529.1082291634775,4978.993779889349
141,13674.458291533041,11204.911939707643,7663.267235896564,4508.195146046653
142,12473.66465355849,10938.687774602655,6920.217078022989,4219.1719778504175
143,12172.765679062302,9719.38164490162,6548.5421071101955,4081.5959009790245
144,11552.467018164265,9340.21896669169,5952.650801129174,4041.686044496665
145,12024.845583037612,9701.261410033054,6540.478140389565,4057.1809163502544
146,12888.487688752899,10492.126794834207,6936.595135915613,4436.3353187538505
147,13931.532483893388,11273.991566726467,7379.386226579369,4471.0699424448685
148,14659.046777606134,11959.350532774592,7682.662427826615,4736.548563464791
149,14014.754021102435,10987.739707102062,7377.24250158055,4482.419405670503
150,13006.825146632982,10617.922956811202,6663.449238244138,4417.294243100428
151,11874.416556475737,9740.765118359903,6586.256113711296,3916.7843723012675
152,11367.083962276602,9113.159423764386,6303.021647881333,3820.1447864183037
153,12025.637403340903,9864.746311327419,6436.0003525863785,4089.5310990109338
154,13053.724721864159,10719.265310336026,6834.806994726626,4448.431619241936
155,14486.54364288349,11001.55497737147,7242.92977794704,4649.109238813909
156,14412.011979699177,11497.592636007075,7700.760737453858,4846.1595905316835
157,14266.81890106744,10807.196864863847,7703.099750782775,4714.101794401718
158,12937.287382222501,10191.027959028095,6997.802557201481,4337.159357686907
159,11855.956227435883,9918.631682373618,6297.552651666613,3959.290949840639
160,11551.755859008541,9335.392692909652,6310.482096131718,3970.732955810763
161,11986.045835191435,9514.192868704376,6479.723101081278,4103.863812107306
162,13645.056015709604,10518.379746496857,7100.843773348523,4440.643263393547
163,13783.158790643129,11093.561204539978,7564.487538085227,4700.276222953949
164,14638.132294110741,11408.909687879579,7219.72411295464,4686.750593772796
165,13760.305652504374,11376.46046228225,7555.296118887983,4735.615480104845
166,13331.758447849752,10227.05462021813,6840.129359522934,4362.516678315262
167,12256.095430789277,9553.781715463254,6302.198488413328,4015.0103269398664
168,11760.788240564045,9467.282932910473,6268.414129923997,3909.408981003305
169,12171.758855793152,9934.296780564535,6550.302100149381,4004.506668593493
170,12936.941475178848,10746.575810027405,6761.841936684781,4447.212897056003
171,14160.74435997365,11079.069882035528,7591.0982500805385,4545.815810565934
172,14288.257038189997,11751.839213386666,7807.79107724482,4710.986214804714
173,13691.486729299262,11052.328144089348,7492.647415110743,4647.745724827648
174,12773.568918106661,10869.911886291715,6869.942301827873,4510.563050620973
175,12223.738235097513,9524.372033607886,6369.642880223544,4146.182787014819
176,12190.07810295854,9704.679169303352,6431.6510979803315,3809.6957070665508
177,12240.486931206251,9632.99422539518,6310.7532615616265,4177.070693991233
178,13098.711983976036,10926.831374285277,7151.676364180092,4494.740075219298
179,14138.65234832783,11379.637572499476,7472.981055468757,4576.065628806441
180,14820.10051536626,11319.495326599725,7688.090788536916,4571.5038973096935
181,14119.970672517098,11129.161798700838,7241.617095293843,4679.327192824036
182,13021.95770039974,10668.001746415808,6982.047304821152,4474.870578165737
183,12471.410758542905,9966.656001246074,6587.2943714244075,4196.5860811327775
184,11938.009576815663,9455.815570735573,6144.075388122479,3876.7862891536224
185,12597.105103635446,9786.103773678637,6583.251946047292,4216.652481071169
186,13199.874560509048,10680.920039414286,7026.715181121252,4188.552258824114
187,13736.791121346578,11295.008457862245,7413.514180382464,4659.328889769621
188,14070.986574642038,11274.069464571648,7847.538133869196,4782.043694823824
189,14546.59732336305,11082.145301801926,7179.4207934663145,4802.059250686435
190,13605.059677413601,10570.817751673589,7062.862093278313,4497.724956094204
191,12177.833054033415,10015.055411768331,6729.364885252718,4151.652889703293
192,11765.767173663116,9791.868503496666,6505.648514139742,3845.4579563448724
193,12600.326420796619,9946.687738690165,6580.232603955908,4151.234717120069
194,12882.35189911916,10599.78616017605,6983.760022606595,4436.053291001014
195,13853.169304829755,11453.46506560626,7427.314619024562,4544.702511633202
196,14677.89547253516,11438.55777527056,7681.943575785502,4630.786885700827
197,13994.259515291433,11249.883181756917,7604.798171866434,4799.4703602447435
198,13172.687603987844,10365.515634388692,6912.71675739619,4375.528139905224
199,12202.473051498193,9549.390072162569,6628.2384640346145,3975.938462971269
200,11957.432900757489,9565.181324025296,6604.781411750326,3942.59787382309
201,12608.993913391687,9847.42000832162,6532.583844852093,4117.68783098386
202,13220.84641879699,10702.74855160995,6849.119822044951,4391.68997623758
203,14312.080371005903,11427.547417565735,7333.372985383151,4563.835834481054
204,13921.399456645906,11669.66308422227,7862.449932139918,5021.35666476903
205,14116.334035243532,11429.922367750274,7527.0493669162815,4804.632000235632
206,12974.376407233385,10548.537462798811,7161.795841696275,4369.472815295981
207,11964.828210580281,9892.036221088556,6470.872405720982,4063.7978899661393
208,11689.36402342078,9380.429485745817,6451.197754862163,3994.627024801014
209,12203.452973965348,9901.113281946664,6531.549297734719,4002.663454487382
210,13462.543723799054,10717.685507963693,6947.5694646668,4435.230108195864
211,13779.686842206014,11172.483482565602,7488.890419919445,4592.819416968488
212,14551.318613704772,11645.987817361965,7570.265817030312,4840.631583408387
213,14018.123517816011,11182.919578867039,7849.807552468815,4608.122213526483
214,13133.733066475637,10464.927985328994,7037.273708366295,4308.247514245406
215,12531.939427677553,9607.314599626367,6636.754664155454,4229.97431961994
216,12048.186555235643,9777.327308012422,6289.019927660224,3978.0067457984233
217,12637.027535677793,10056.114933298639,6426.0691943643915,4119.624300158408
218,13203.407837637636,10709.354726446738,7030.604000783774,4237.182195996723
219,13983.469038716823,11792.158803387383,7729.689132926257,4670.510115684901
220,14503.540826278122,11610.90098920768,7689.087657508086,4901.051204529728
221,14249.626410561366,12032.567655996958,7431.441347846939,4745.30351441998
222,13291.106266971372,10547.251857702395,7085.607863297226,4224.586837551824
223,12040.889442079044,9896.508753604025,6629.683234505459,4119.602263522744
224,11963.547437323083,9477.544172720214,6578.299037708415,4009.827801164738
225,12386.853323366659,9937.911473496159,6622.831208059894,4215.719983636908
226,13936.894667486487,10792.455251758685,7167.849095937873,4364.977936012416
227,14740.352679443384,11339.756250366583,7686.101036560267,4523.333133698528
228,14346.624652978418,12091.478112502642,7604.862405537843,4768.242333346996
229,14125.406187664932,11420.012675322305,7431.115339129816,4631.780734984516
230,12880.453767812454,10672.47764748033,6923.293982427021,4488.1072466101305
231,12184.894537919507,9685.120344015628,6401.09189199234,3886.8638081362114
232,12039.9514219503,9651.6582413256,6482.546789004333,3952.3813805276504
233,12651.734902832844,9856.546057333435,6626.913000695096,4235.359081639533
234,13099.96586250645,10505.676351606979,7101.305624086914,4431.90985113754
235,14047.606250144241,11210.225879155792,7197.72845456221,4829.662248776955
236,13995.188680516592,12323.66988935412,8119.651106840563,4714.342147323823
237,14187.519217897217,11327.056478895547,7455.5990071131,4592.592525078098
238,13011.341183243967,10325.147302019175,7380.981434038224,4558.646849865961
239,12222.985725291815,9745.02699551039,6397.719871804483,4126.268452367751
240,11777.156228615753,9580.014604074173,6289.392143827788,4004.047102013393
241,12354.160476145575,10010.258026690319,6310.496005772511,4033.565512639255
242,12851.078117350044,10773.682376781397,7155.081556932079,4448.719890045472
243,13842.695970827828,11563.292968548592,7438.4144531080065,4644.761046733828
244,15275.16646597593,11569.827174329619,7646.308447880666,4999.675551928732
245,13893.928415697776,11486.585403593706,7397.151123900826,5013.056478211287
246,13027.144198744578,10468.754081566369,7214.074403983917,4482.74268270644
247,12832.222928538906,9779.28208147041,6695.262890901121,4073.438082014262
248,12708.623012303757,9432.266005490255,6637.898323209002,3800.718748554164
249,12111.068340205069,9685.516696940946,6523.508112262442,3994.6175933620866
250,13247.023756112603,10903.484676122933,7148.648508040575,4586.77133799631
251,14386.57726318885,11588.606996651095,7424.267923965948,4664.948652441982
252,15187.38306389293,11973.271001188212,7776.78744746399,4856.988970766764
253,14006.944359106841,11440.162080693659,7541.702644998805,4825.415457466829
254,13279.845512195181,10842.117212601124,7183.614019921115,4580.314695441942
255,12594.46111741087,9571.838051370092,6748.752396396605,4117.383831011066
256,12139.265719504201,9793.887554220877,6545.686964868875,3979.0735252446666
257,12332.787451916125,9976.232469230525,6515.632808570918,4148.023816963934
258,13336.011833050045,10831.61008665694,7274.041170465939,4401.315985077445
259,13923.633283374842,11540.918723124587,7629.1767439874375,4717.672948654871
260,14638.915143696318,11534.88759586713,7793.861980637644,4943.382580574089
261,14241.050871943962,11110.697141638757,7527.7067565150655,4790.129206783062
262,13433.89150467958,10545.097586266322,7051.762087733094,4647.289649852558
263,12288.25886433025,10053.334493777378,6858.283259705478,4178.44563235763
264,12172.620013721269,9780.264114312316,6470.952546703721,4112.1754045293455
265,12703.529607920209,9688.545693268954,6663.903637380076,4061.519221042631
266,13440.423844201603,10508.689642731542,7108.531669021168,4513.167287343853
267,14447.136314670752,11310.956073379193,8025.610292626434,4712.922689276657
268,14754.31862097519,11706.660781059269,8065.776913612512,4951.739601175296
269,14346.233110778561,11164.322865138178,7540.969995646448,4847.920127138388
270,13205.412759685065,10414.158108056814,7106.906923684407,4470.712075292629
271,12530.151833175465,9797.341880112637,6612.257965951126,4350.27491545621
272,12060.085446964293,9683.553615567731,6463.386694067221,4142.8998418649835
273,12999.164324879566,9745.791964996766,6560.992008640769,4256.869268224001
274,13848.702906418896,10716.09815917047,7223.494238364378,4543.816078825709
275,14486.531279103441,11743.9538766549,7889.647167192759,4960.861014910786
276,14543.451233955124,11507.460072582486,7669.773523461685,4781.464409784513
277,14055.764243880056,11452.992145579741,7493.994756085697,4923.189507387643
278,13746.069681484343,10961.112740704752,7091.455421285389,4386.681834833873
279,12542.407340693264,9897.97468848126,6596.184079631612,4112.006111110377
280,12224.996569202252,9575.832043566124,6716.104184757815,4081.5576679549968
281,12066.537013739558,10234.975347288317,6801.74055386387,4270.384716440505
282,13703.688855330915,10697.390091528963,7311.057072826346,4381.2412816690785
283,14536.404899840636,11778.9581473102,7642.301714517652,4752.604299739393
284,14470.867036754235,11941.211398537645,7847.892395516731,4942.804335290585
285,14269.631176900371,11445.36413596043,7459.8569039442145,4783.929392338856
286,13525.092991477912,10866.566128908318,7287.724792932924,4561.312154341228
287,12515.900145179694,10066.328581376312,6733.638126349506,4453.9845019098775
288,12063.346097867145,9905.60372273104,6638.050125498917,4078.671510677609
289,12503.212618191508,9913.39119469058,6654.034500011824,4114.972450955737
290,13414.556148230791,10794.890460051556,7170.277922978924,4377.63277936684
291,14479.906124087674,11534.478458827376,7725.30867797057,4780.650771969355
292,15267.21869509442,12031.690378558327,8050.827882238593,4850.619928339372
293,13694.820334681008,11311.897493370745,7472.737177031757,4856.9494538069475
294,13418.63517500125,11005.383805173175,7296.52235809854,4534.796502836277
295,12573.37600300079,10116.79921976052,6679.471557934522,4137.694325526795
296,12232.176760524975,9471.92697481723,6348.120156709223,4214.312832064568
297,12462.532711004593,10287.475652584013,6417.303569197446,4123.747632665427
298,13036.609431777164,11292.026506940625,7186.369761782938,4493.0162254637
299,14561.617213427644,11805.265460059001,7938.981298111678,4883.882854608551
300,15375.907592898338,12229.299390568702,8192.13483042257,5042.538940679808
301,14022.918084685469,11593.134183733047,7770.4210122198265,4945.4545378597495
302,13744.751279751172,10449.871636664695,7488.804223482774,4542.371062653162
303,12473.42858359962,9674.267609423325,6690.743497591204,4273.27701033813
304,12171.578525262763,9798.957130964573,6623.3996228513015,4008.139329911328
305,12318.144688406219,9947.312675048875,6650.432960994099,4271.388783398371
306,13450.008853176258,10634.324446896471,7147.319528934174,4595.198233166582
307,14875.009489461288,11583.882592263579,7627.517943130799,4978.908460154197
308,15068.210659309027,12062.416227270334,7616.440012382836,4799.2089019376945
309,15000.350041055495,11261.443499855557,7931.335369715396,4744.999884433368
310,13859.440367312878,10735.217751846574,7128.971698912193,4587.833222676035
311,12693.621251464485,10370.477853027129,6603.428077880273,3971.9569725218416
312,12639.231743455826,9560.475426643989,6360.012702692043,4111.143158236738
313,12721.434153028502,10264.063999631062,6698.224770055524,4292.67053906782
314,13794.997906583078,10750.97496461836,7492.746089185319,4471.28196132323
315,14443.658259742957,11750.757411159184,8073.752695294628,4801.609663385921
316,14947.172049166493,12203.92632336682,7696.778520037388,4868.875179408688
317,14327.171691825912,11796.203965219629,7694.314333573171,4792.760300671295
318,13838.855891533796,11053.622625324208,7087.758339823858,4478.863833184405
319,12313.528815753038,9856.212385357088,6858.659572957273,4146.163831138057
320,12431.88025815099,10010.3897160398,6565.608251475072,4019.922158012279
321,12590.510039086681,9938.530398358113,6654.823189008646,4190.066234435945
322,13918.983273973196,10936.793780534705,7264.072142394179,4507.796068889089
323,14780.772361278103,11709.84002393375,7692.289982396134,5035.971142490902
324,15505.187442022232,12084.469744779182,8236.496400165439,4947.496892971647
325,14774.920062698899,11728.179048970629,7851.405550640813,4887.439623498517
326,13172.787453137202,10696.697471084462,7350.715773673334,4481.159364624632
327,12621.777652316394,9837.992196293239,6381.106233549528,4163.22239116074
328,11980.274536382522,9985.496735865636,6534.105220835378,3949.8852099556193
329,12535.773155555502,10171.323646499455,7037.247325175222,4089.660889024023
330,14042.91593260407,11155.414783602972,7462.642354286008,4433.95897747992
331,14780.872440029412,11665.377432713194,7496.331651059484,4882.799810470909
332,14784.424213514763,11658.110802435744,7946.682391455393,5105.5810424081055
333,14298.87951537734,11901.430498414928,7596.832486459271,4691.086551184137
334,13639.864048566731,10823.965717650679,7518.616028194339,4493.746175281837
335,12358.869775886325,10202.974892998944,6788.779079409002,4106.928268828378
336,12130.635957870689,9709.16751995924,6456.995793286297,4076.89637847802
337,12775.049573401602,10490.67244916946,6775.732525158539,4322.993616137803
338,13977.539294686507,10737.8837994432,6906.365567703293,4513.253337971171
339,14806.002785513325,11623.349507179882,7632.261588718477,4871.334404938498
340,14339.379117341405,12048.277073935235,8020.802673870344,5155.145464671725
341,14716.949639683979,11446.702327950887,7933.500727139734,4920.622437666744
342,13681.54721333192,11001.740174099989,7003.426947918541,4484.726502865685
343,12800.91879351064,10484.092714292194,6719.489917703179,4245.392144307886
344,12722.23891178688,9762.39321234341,6705.463654751068,4039.969053736083
345,12199.852141213209,10260.405900217804,6589.627053892477,4277.318723891736
346,13531.31744356619,10352.182436799876,7336.514298546181,4611.444164780818
347,14834.725725676713,11720.03169965745,7829.760236128196,4753.521265268028
348,14586.063399136987,11974.572170869591,8308.78776386966,5038.427717626087
349,15094.24600390554,11537.157989458521,7783.451824522361,4875.6596328946325
350,13794.07899557682,11191.495778268474,7277.975552302494,4614.122302908535
351,12940.398646346464,10113.532255385739,6902.682810530106,4312.173621169335
352,12211.378123316574,9846.866706034049,6413.203407990667,4156.794063230538
353,12962.004293433878,10126.56402204248,6772.308170013332,4225.693816959834
354,14018.214803312023,10559.006494608944,7253.240134652875,4660.372888437719
355,14763.864326869547,11490.175368141965,7815.782493605856,4812.939682482031
356,15168.190095590411,12310.090929564172,8188.580270301739,4899.561276981432
357,14774.875669126402,11260.229859385949,7924.422524230212,4585.432652097934
358,13487.934136424776,10811.654955930222,7210.351432985605,4568.5558226160065
359,12716.789711300433,10121.966882966342,6820.956246392803,4181.618521608003
360,12343.549889809141,10250.468195332815,6800.208606484824,4159.937662608153
361,12882.280371512443,10384.618226205928,6704.8984090036965,4093.412975680759
362,14032.112599502994,10882.976334091154,7358.379622923415,4526.318524315959
363,14417.948538596918,12091.274417484236,7825.538388013065,4956.109441616029
364,15094.888060343945,11926.881752048303,8060.6153873967605,4940.346035129651
365,15166.219343612493,12021.652269368746,7599.682106404519,4950.118035481653
366,13552.429374551419,10706.510801245444,7544.095155627358,4534.5870398936995
367,12574.01526032622,10446.93461733863,6712.673115955091,4258.621233175373
368,12460.754107443068,9847.786219538033,6754.784886672382,4186.088055637146
369,13030.830492825107,10040.664397071952,6749.425397818141,4352.871732418207
370,13792.639553242836,10983.6819020176,7262.389643551707,4604.998941544058
371,15156.982603658078,11877.159752689415,8065.480999495596,4841.394161168884
372,15428.361714808261,12014.676792379018,8250.640386287758,5009.827508685116
373,15013.134367574505,11942.503959127796,7907.290458299394,4984.213218112661
374,13942.308024985436,10902.963693229596,7466.34981175229,4502.612358638499
375,13410.974979506,10378.73487391392,6794.91815241483,4256.262624160209
376,12389.03882470536,10040.087185361916,6633.600808187691,4114.691595931895
377,12330.227567982498,10263.422862276553,6759.9782664880695,4272.792042732718
378,14265.80506218755,10960.237101854049,7505.19482214052,4514.434154971657
379,14664.223855337706,11875.644246989104,7783.70877572765,4750.5119067186315
380,15237.351836142681,12297.498834251348,8349.95676911413,5120.966492270857
381,15187.319291138088,12327.984261018859,7843.314731887783,5028.359087102186
382,13379.376165397662,11265.611344790275,7374.925013344173,4442.2915838842855
383,12523.383217244102,10476.52805539976,6954.584418903959,4313.23541210935
384,12070.584499842971,10592.170125259843,6653.809651917765,4246.695295614502
385,12671.2571024169,10406.901119053193,6826.156448774871,4343.0717998932305
386,13977.317991607804,11191.831877177114,7385.1576450609455,4580.008994439248
387,14990.750351587852,12035.284710238895,8053.558059500373,4851.760647993881
388,15325.253527090194,11946.788487464459,8020.7937477875375,5088.574405315618
389,14416.047600304639,11762.811131624834,7892.142089189676,4969.580140380045
390,13215.338057640827,10972.180726610994,7391.115162328177,4627.346525769595
391,12889.75612975969,10434.023751510234,6985.814972179622,4276.457284511324
392,12382.159516401462,9965.248405046283,6653.409578005087,4076.479772305557
393,13025.489010881785,10354.067823310072,7132.637283968507,4338.671997904091
394,14083.993760797595,11352.862612427512,7384.278245509594,4673.266340266004
395,14912.222034667318,12102.260877675397,7893.553921833161,4976.944972379647
396,15510.170342472991,12182.792279419424,8120.344139454706,5103.940173931228
397,14939.278507644416,11737.467690539617,7722.404101658895,5123.5173055848845
398,14036.246439197197,11363.489392721436,7253.878893185612,4571.855003590591
399,12725.001045538322,10485.339866936712,6810.623315614811,4412.56374876826
400,12485.551327536858,9702.414317893266,6834.781730907792,4115.536387455887
401,12989.27395452157,10285.85667224384,6895.884182057037,4408.43823145079
402,14151.33073870646,11175.150235977331,7353.544695298169,4755.429553168349
403,14789.950250245065,12111.638862173226,8145.616227020738,4939.990216056727
404,15474.768670221902,12475.120214445564,8421.473840418224,5274.630390702011
405,14828.083943177411,11993.590901138072,8150.203350062274,5015.7281734300395
406,13890.11842313236,11268.652094585901,7298.826665511607,4559.522075867727
407,13153.007008698962,10363.961015672388,6832.107055211028,4280.511786775858
408,12060.601690071684,9913.617194386763,6942.383332060642,4281.963428993006
409,12633.794545490638,10321.863678852878,6950.748930009977,4403.182328009551
410,13543.274306148818,11169.850475858868,7403.896750895609,4553.8900804052155
411,14246.454135894683,11946.845428671719,8084.597535472739,4967.433552819528
412,15144.449092680634,11818.991906933488,8353.071227116638,5138.401892902848
413,15167.91129557758,11860.097975472949,7879.001447080606,4930.736533809096
414,13877.489284430452,11178.160919870495,7476.408753441402,4871.722888652758
415,13021.409266386549,10317.691331712096,7045.575301042858,4343.571655811695
416,12866.651427804287,10024.139057373404,6560.064576365268,4192.256128652089
417,13347.391791585726,10503.228216596883,6936.185070606531,4437.269607099865
418,13972.137134959956,10951.647789685396,7295.810496798494,4629.762131545541
419,15386.388138541275,11594.4342288814,7832.604923391559,5094.224454310292
420,15418.990129838141,12226.769051253066,8115.894961860587,4959.09441834891
421,14729.932870809933,12167.818145077377,8066.0182652923195,4948.303002184644
422,13825.153120961288,11570.969125974572,7414.065329110045,4761.681673386389
423,12617.13389953901,10564.418740733143,6844.544127685605,4470.151722616663
424,12399.399972097244,9802.346458422431,6739.54428753979,4142.797818248494
425,12941.117915466986,10379.098673507866,6792.239135058411,4267.4940756086
426,14251.680683343433,11278.597841400502,7544.8239901924535,4728.47929414706
427,15534.913436238374,12057.121918098854,8190.872330423857,4943.641897897076
428,15002.370142367574,12476.238173967451,8215.701234619895,5115.334425656594
429,15136.051050326465,11794.091979696545,7977.1696079373105,5093.766331438981
430,13734.356225907235,11235.578466226316,7536.540964570491,4624.540199586616
431,13158.197219174392,10515.217959380683,6669.67962646187,4174.028029612707
432,12622.004443762591,10291.330635359209,6821.895155861665,4108.624574422566
433,12588.539315974647,10285.16996797569,7401.428252187387,4356.543705561337
434,14322.375911113537,11171.397767688346,7480.967795118267,4512.423606441013
435,14873.426501945962,11393.158039631433,8010.522396949443,4988.706968581979
436,15302.284373183435,12220.157797689837,8371.989255170185,5012.267428111132
437,14733.48419343775,11918.153486779993,8293.882060331616,5183.134922342608
438,13877.312736995884,11019.664342166327,7645.600523635867,4890.069802928135
439,13178.854456743988,10488.24839561975,6668.630267978892,4263.493155620734
440,12638.968012666477,10138.232994140702,6842.636530365574,4250.712233886226
441,13185.976778694458,10006.368095831058,7345.9771300879875,4282.748318093013
442,14198.689752982953,11325.92867305657,7611.807317932043,4669.815245376553
443,15492.102287622472,11850.563067071946,7863.94541331453,5212.615606745958
444,15400.010210790664,12525.553734567715,8316.650676222742,5120.528271124261
445,14647.618673819265,11765.18804531032,7843.646096391452,5002.363362132613
446,14397.537285065227,11284.089487143232,7703.584062252883,4610.307294076756
447,13013.019173156932,10420.544123755435,6853.029057109974,4466.722265349928
448,13002.56233288325,10236.90788114003,6793.556130706736,3962.9732520100893
449,13233.653330301473,10532.566970548503,6884.0811193118,4338.8836943388515
450,14095.191949487185,11248.1091362124,7454.830103761012,4706.429284714201
451,15237.109294747857,11733.307949901937,8310.034322266767,4977.165408431656
452,16152.071723985413,12068.96387345872,8308.07941421474,5271.3225703171465
453,15760.117897036682,11963.885155264808,7979.907590870051,5165.109922303491
454,14151.86757707102,11303.933653555032,7364.5675776500575,4577.717073553658
455,13175.031356128125,10378.555174253363,6742.0460678314685,4560.943063913275
456,13025.777190951789,10328.60255679639,6630.50587231236,4129.446524553344
457,12943.59818149028,10474.205113349386,7037.740885942836,4501.870643708647
458,14262.499397174463,11115.737168837604,7704.46995595721,4736.858438025263
459,15162.11036980242,12068.46636705223,7999.971719082858,5005.711551550445
460,15682.776517412038,12524.265567244354,8573.049628318404,5152.444214366511
461,14917.113754410126,12214.821504697613,7974.542998772687,5053.263127914491
462,13717.696125671884,11760.305431300882,7520.360643481077,4742.3925210377565
463,12620.41271383377,10392.113148478164,6870.401163404777,4307.994060021814
464,12498.11742132823,10212.015290968999,6953.130648432384,4241.330997530121
465,13078.74928995055,10649.866737437973,7335.239514303782,4332.127650098578
466,14120.937517962466,11358.059698964018,7308.652641816046,4619.68396573515
467,15797.871598045343,12045.076123009978,8055.107428032493,4986.671906204815
468,15970.266819094919,12112.415620243086,8543.939459610812,5088.430845991429
469,14915.977818645873,12042.59008240795,7876.5325315765995,5026.939949171699
470,14303.007332868465,11119.365145635511,7661.447936902513,4775.696058201993
471,13092.370743685959,10195.215605945597,7211.894818684241,4410.568407464244
472,12743.625053990874,10090.047611341766,6846.169890954667,4440.866853926903
473,13282.663426612715,10365.181391377131,7135.601193475963,4216.189093225149
474,14416.920511622273,11525.474063810498,7862.4526251650495,4791.415722068611
475,15144.07697727292,12344.669959004543,8448.91098082066,5083.163979769349
476,15997.927653730638,12305.161692718922,8344.115708372074,5306.724773081114
477,14899.299242713443,12134.541747931937,8045.432050745096,5155.340211878836
478,14242.378913580013,10969.059722076354,7455.228047227077,4731.193977699619
479,13921.145037768654,10482.21983848684,7195.833693706145,4426.436291311406
480,12906.75788106732,10361.570181329653,6665.012418228726,4219.403881863176
481,13647.90302304247,10789.196516278655,7040.307077191929,4476.812649983938
482,14303.276195093556,11258.830203557232,7630.114982730507,4580.214536622867
483,15464.252928108752,12486.621856747859,8070.88260040148,5174.730612606935
484,15687.022147685604,12183.0264574714,8422.799112295885,5232.526291493563
485,15234.59038632674,11924.198208950787,8571.065670158965,5045.926139210661
486,14054.567624239657,11583.825714917215,7595.958214025306,4736.915021720832
487,13381.778078083322,10968.825625763286,7014.432561915001,4408.451250203042
488,12663.135375374815,10407.73408999415,7010.205581658417,4405.595243206392
489,13478.84910678833,10632.837785378204,7128.276010564644,4720.668050889821
490,14624.621628944658,10948.394588641413,7853.855037181088,4887.716696338485
491,15438.424501410016,11764.921001190769,8200.829355705795,5050.930080503666
492,15655.178410964716,12628.857488227946,8355.781285883317,5314.547431885341
493,15465.224954541374,12173.05667341514,7882.306521216647,5177.488203028308
494,14225.560771334629,11197.880286150525,7386.790375077502,4683.024526370448
495,13550.668578555757,10655.370993316179,6833.823226372303,4322.120750499631
496,12442.740734230736,10356.450720700317,6940.70006642542,4299.825522593518
497,13246.637413285163,10870.439274176622,6918.831101802857,4517.195283159837
498,13779.515070430689,11512.097503816092,7846.020370773805,4629.4320241350215
499,14906.224974852374,12594.543724829164,8199.985388240715,5048.045247326316
500,16216.604724897634,12630.823883668407,8378.086002839305,5322.267881552097
501,15640.77989712798,12264.186733806891,8056.719640648606,5126.166551808556
502,14144.410539398032,11725.113272236238,7749.07422304453,4919.136986504018
503,12935.39935002605,10460.143127640453,6998.172549408289,4319.9024736153015
504,12181.514170704384,10942.549087718957,6770.179159544671,4519.487266714448
505,13225.363919447627,10776.841097477749,7300.5246457951835,4319.807157038467
506,15084.597326898542,11598.145830729929,7728.074985862911,4601.39272436121
507,15539.478110870914,12453.81857067423,8177.654399398665,5129.111479791084
508,15649.777627978856,13136.870975510084,8549.302143944578,5155.934706366047
509,15548.781772908329,12519.732221398508,8217.726952717483,5131.181680862399
510,13938.909830744984,11140.976171882074,7732.432389814347,4788.959453346373
511,13291.193808579523,10996.807955485667,7014.541679962689,4439.4498259028605
512,13008.739718132734,10315.514390452961,7210.936285846679,4254.723550743198
513,13382.337064322202,10747.320442212049,7066.677534192253,4507.140045133924
514,14653.609849791881,11245.102937283877,7933.0026446603815,4777.966813354919
515,15551.953076906393,12486.430195847923,8206.477527129198,5262.140555077704
516,16080.10054764176,12529.024353716499,8599.541837231733,5270.252551460038
517,15232.843869817842,12381.145742174533,8358.558727395904,5049.166592674879
518,14684.48300297928,11474.791949721968,7870.043869692087,4646.178410237755
519,13842.153098202089,11137.226823893512,7029.356306371401,4453.092461888554
520,12764.124983438498,10826.18952972135,7091.579653166687,4228.756953159953
521,13201.680813741206,10762.241381829968,7432.870811815415,4359.140299325652
522,14849.374886977519,11585.19396137375,7673.68363536781,4871.852810986373
523,15426.412032319453,12296.01081935632,8264.7588162352,4978.368489446472
524,16355.96079375341,13008.960230464761,8396.123556687297,5452.874880015969
525,15348.614569746584,12307.042341651013,8201.801529353714,5178.380053480908
526,14883.872360511928,11472.888297653722,7977.617048304614,4816.7681230232765
527,13475.64288233336,10962.680253842804,7024.189050212638,4387.382480850725
528,13118.009803951183,10328.085053194533,6829.175706591486,4416.706471530264
529,13897.025564200687,10772.118955280037,7418.385151421949,4491.513674017551
530,14395.758261834535,11233.660056751722,7830.295514978319,4767.233095048157
531,15233.79148682635,12595.755895375663,8631.705537090556,5196.026317596799
532,15807.64559602773,13255.927759139518,8430.42540001133,5137.970215529718
533,15666.488274163845,12599.987676789098,8301.462487289216,5006.075510920918
534,14046.585277089896,11939.694508216922,7631.5047156387645,4725.269157580212
535,13647.12645853855,10597.835130704454,7207.437074021713,4523.174594492701
536,12943.670561085819,10517.20628910395,6730.876920394557,4361.270235628401
537,13820.636781748413,10604.508510935588,7304.302942515772,4597.977012155403
538,13842.335094133101,11577.829935876258,7804.038149753666,4757.0030507593765
539,15321.660919853208,12645.565108944127,8292.599775074208,5248.4849851158715
540,15452.954032149726,12819.946731028702,8462.67166770436,5318.648390329439
541,15309.312388646566,12101.39549848845,8153.588581560252,5090.981349062275
542,14610.528763043123,11324.914776839569,7866.726493454009,4883.516967113371
543,13462.05785108907,10509.826154424616,7036.824916131533,4497.5498610203085
544,13052.360512210587,10598.22934354973,7068.34695106495,4317.924873368903
545,13502.650763697859,11283.93399664585,7524.148006870589,4519.051540705299
546,14635.78363556781,11978.949663669799,8005.1006306381805,4846.242645199373
547,15292.394845848903,12012.306284784794,8073.272869298367,5186.410189866151
548,16260.813399512774,13191.882778009693,8459.741995179953,5300.609125232476
549,15814.050640041662,12719.596178960892,8394.003593063751,5066.6238144376875
550,14688.739935061885,11300.791137436101,7763.200335104424,4866.095416483395
551,13696.549968916685,10770.90751283695,7022.216361437473,4442.769542855228
552,13231.107881211152,10753.057909809382,7069.063258510233,4294.906996677349
553,14133.956877952724,10984.554871267863,7241.8464002630335,4505.267684797306
554,14589.133512823899,11385.562132172237,8092.870432721402,4943.046790561151
555,15551.89327313139,12671.308692772374,8303.332042796255,5235.362540348981
556,15833.77453500202,12311.038529387979,8774.179771829547,5301.758699942418
557,15324.94114040176,12462.61088455049,8134.106713822827,5156.3965284364585
558,14250.841516151802,11957.76469418232,7634.192921996013,4933.47781129088
559,13339.764450043704,10868.94330421124,7347.841752783472,4310.057564251309
560,13168.882652665414,10444.743690795483,7185.7915549667,4465.943348989412
561,13707.735263294022,11087.115603990931,7123.181260188071,4368.779108813615
562,14667.792645887648,11950.769697516123,7818.592631691508,4746.003742545874
563,15448.706585192518,12879.98157479798,8136.216202378992,5175.849828187455
564,16408.270707269017,13119.952153734552,8565.15591208009,5605.883535270714
565,15920.926592709282,12822.581508404575,8507.479013433607,5405.084245161735
566,14606.019242670533,11894.070783403797,7746.84688573403,4953.2819006953405
567,13438.884159947818,10951.206255418552,7226.066544127304,4571.264647919337
568,13367.036880876336,10596.54421211268,6892.398482343417,4243.183191491721
569,13703.628959231015,10870.016540761095,7186.811622905265,4565.035236737656
570,14265.63045586227,11467.92138736412,8110.770788670772,4843.249715894345
571,15708.555505926432,12343.521698249126,8401.538187726608,5157.672930115602
572,16244.926245254917,12855.269306216049,8446.0183771784,5403.4227084649365
573,15446.899079159051,12644.722068020106,8336.488066781962,5193.910450997247
574,14746.903014542571,12091.572686282369,7584.940083734397,4982.180829897898
575,13255.06994743267,10912.71275284039,7133.541968733659,4374.566222830198
576,13610.843833174578,10818.105566186478,7262.532120274108,4425.488868522333
577,14029.635415824969,11186.776074492798,7279.461723149151,4482.44503732145
578,14655.142656363256,11729.079871349597,8152.812430827338,4869.619006265637
579,15885.708342832575,12766.91605785956,8395.19591721133,5289.05092063022
580,15421.55059454965,12898.855919662965,8635.107308321549,5280.140603067225
581,15406.330357383282,12950.477572496564,8519.05001777918,5274.289803221748
582,14642.987379463902,11933.476314921,7435.846729639615,4888.993017212144
583,13394.489644629379,10689.671964543295,7330.187139086929,4502.384831094959
584,13481.12306563383,10667.325002707927,7081.705205221529,4388.709807580076
585,14271.972928624622,11340.904358783053,7536.877515477167,4560.447904591026
586,14420.495758781146,11771.594164485918,8028.239624136517,4847.077554375213
587,15547.433890153692,12763.092690459594,8242.001606162965,5271.507189740899
588,16321.319641601396,13137.74192324026,8879.141198006639,5384.814899173683
589,16321.786300638507,12387.56046736873,8388.971823470902,5206.320861660863
590,14406.980185975555,11935.091277573165,7733.803462765142,5079.1992188098875
591,13792.118649917991,10672.952867297055,7348.194325379125,4612.579161940545
592,13811.3309849156,10527.34474453534,7078.335740327923,4407.973806946858
593,13305.045177183081,11244.500971566684,7564.25022334613,4599.911852881921
594,14427.214149331081,11929.780806569595,7950.639009974663,4834.168443065524
595,15719.248983020669,12605.617040033656,8490.011194581906,5238.358246641498
596,16117.658184650276,13146.135562807904,8842.996360095556,5394.324525487921
597,16111.21496428274,12667.607147863651,8640.043001616445,5152.746652136252
598,14878.142278474017,11848.243275733807,8020.602357701331,4973.762323554717
599,13271.140731559139,11152.27767804081,7546.784439324552,4540.151805639988
600,13498.399704304511,10533.050083767686,7212.4390638464165,4421.896530924632
601,13636.132234735544,11045.287975304316,7382.259956337872,4546.188496474262
602,15223.582877016088,11801.984718195905,8113.658424688967,5241.253349756108
603,15695.399385406556,12312.678325774312,8461.873384612703,5228.088057077163
604,16121.79908372316,12823.27872703744,8714.971795055008,5218.031977873153
605,16066.93305917354,13114.750612975868,8769.17037731388,5128.76429090353
606,15071.710380690318,11967.536310939407,8174.266732723832,5023.544814221022
607,13919.115690127257,10744.232022305365,7356.386657731363,4721.406971690578
608,12943.882802069144,10386.235801516379,7079.4450353870425,4404.270098346535
609,13980.243695188918,11040.304417554824,7592.6203814240225,4728.400571698536
610,14575.96591192988,12278.868201505125,8065.13172069593,5034.870040131695
611,16011.29191114635,12701.422876984241,8553.00653509356,5291.970341698874
612,15906.046848480353,13440.169252469117,8675.651077273646,5428.98651180927
613,16078.557783854138,12838.778233376699,8555.74593454946,5331.317112472628
614,14643.749713971503,12019.308980375898,7934.609939753471,5048.351422134784
615,13476.595346945538,10769.528242565691,7278.737901138168,4647.103694035413
616,13622.032554314175,10945.696358252342,7181.310810913778,4416.167172231616
617,13934.387115382737,11019.580106393,7435.19056181759,4606.3505945291545
618,14739.309366626085,12144.113762749295,7898.940976222235,5171.287162537721
619,16441.466125423653,12574.05060381675,8675.496986320708,5352.670550297065
620,16270.142026458228,13178.344901504011,8980.22677234006,5566.734228261727
621,15987.995258942317,12872.175439846484,8686.757583592163,5383.419295658993
622,15002.808868610877,11901.263977800854,7914.7225383695195,5001.3784244712415
623,13695.504940406547,11183.65374831208,7507.729461559696,4632.504999710018
624,13592.021304611359,10714.721167828553,7192.607029876244,4568.937604964058
625,13755.012928261516,10978.293061935494,7231.855075979167,4701.059690862165
626,14838.097307451655,12353.337083528317,8086.7027548433125,5013.411193297916
627,16455.7601598845,13084.207223108853,8568.538510413811,5265.640399098955
628,16114.890189112673,12965.567904738107,9232.564225470172,5528.1009432246265
629,15246.175689237485,12961.049484731544,8792.574673350873,5332.574410972996
630,15443.30321370215,11791.233257634094,8092.834206980164,4956.343983530453
631,14612.232299541403,10859.141390435834,7452.0717284787215,4882.742506215165
632,13390.57729832868,11023.30283934218,7223.576004728355,4361.485382306296
633,13399.374955411602,10771.407482047473,7285.07971980569,4735.520185887534
634,14906.854807141217,12222.445419258369,7721.762043648014,4913.732905574617
635,15968.721581164715,12783.585942542864,8416.204088087905,5367.600631729371
636,16437.325132462654,13144.151696786741,8791.601804802005,5782.54462709992
637,15703.02523216722,12953.82213891733,8204.977682808982,5250.51151468843
638,15173.868342742944,12139.487714878622,7912.90851323636,4927.612734517274
639,14085.565559150591,10967.173008871356,7397.497911428173,4644.819076514605
640,13130.325717549256,10983.314653177895,7187.488903524199,4435.172612680721
641,14170.761370082546,11205.615254269776,7354.866731597651,4740.810286120568
642,15656.125557829546,11728.75253772614,7965.87273071192,4959.319057827165
643,16157.507399929389,12837.937627889567,8883.891233202192,5437.582600412962
644,16430.99833134441,13599.681652622869,8939.56010007156,5367.612697532808
645,16056.397770211179,13313.651008625036,8491.56701078549,5173.417392706204
646,15223.783659964769,12203.592197988177,8009.692145373323,4989.952395221615
647,13491.597071889944,10914.097888299842,7449.289326125225,4512.307639745708
648,13614.318426353686,10962.281256119606,7126.018777998413,4660.584317042773
649,13901.89376500917,11399.796449207937,7357.750154859745,4527.540309708664
650,15634.658360210415,12237.028098298155,8203.824589968282,4921.511757227752
651,16087.34979530245,13117.619817782634,8537.625997421168,5425.710466797028
652,17138.438263724962,13364.551406319362,8651.775179178181,5463.564765811327
653,15787.218601993556,12896.164278011736,8602.483438062787,5217.780243447115
654,15254.536024505283,11915.196826275933,8060.2849845093115,5230.86590753489
655,14100.816344534736,10783.568540019389,7177.871211596908,4576.875978263431
656,13368.070242049287,10957.554525628875,7249.836333505326,4517.043307404382
657,14097.110068203503,11279.633709319052,7621.934098967682,4662.833252813655
658,15482.716444150463,12227.769750940313,8134.699317808726,5110.295654444851
659,16080.205576630833,12601.642969488696,9016.96133411875,5444.893570362761
660,16065.087743980768,13473.80985073671,9090.03819059725,5450.93390460072
661,16179.331968873961,13480.059208008945,8882.15333335361,5359.848893442472
662,14843.321097721417,12111.88921689575,8513.4262985152,5015.846802155685
663,13951.092318893307,11223.957480927538,7605.478387615602,4752.562729364227
664,13617.06887227937,10978.893267962627,7298.031074811384,4440.207490083405
665,13602.778101563166,11724.50801603084,7657.315442043764,4883.875978828194
666,14665.105703850724,11875.633445229156,7992.161639049012,4974.899976464117
667,16382.856333155585,13033.886735789163,8672.724950914446,5407.857534941254
668,16496.00860301559,13122.94051807994,8775.642616026258,5427.846297285144
669,15394.080062260375,12839.11484119303,8722.970271691082,5268.37425702094
670,15392.688634134758,12111.819864745496,7977.180987824167,4963.256537244835
671,14159.915638150707,11570.15305044097,7407.848467052295,4603.279153142279
672,13478.847106677813,11333.293169845758,7353.149890449618,4520.262351430798
673,13747.234990023506,11396.504670980949,7509.438145305016,4614.213975283783
674,15447.3964186451,12063.188444177236,7790.777601574399,5134.925736541125
675,16381.420911561887,13663.026665369622,8423.565297601755,5337.670011978594
676,17509.160216483197,13255.880434885656,8708.950944164044,5471.333449640134
677,16404.46841246757,12865.54869535008,8522.921824488498,5379.967812638333
678,15311.231536550744,11723.257332650996,8170.320510836177,5165.037724838502
679,14071.946321276426,11610.651507440094,7563.150948177081,4726.586934432781
680,13932.72096609814,11179.400217374516,7467.122436375837,4560.482832930533
681,14331.875829035293,11871.513534252665,7662.950500374772,4583.074240659674
682,15613.303795616708,11846.940011087798,8297.8788702689,4961.288199370712
683,16138.996819278376,13427.73580824956,8803.99442983915,5297.349844357298
684,16609.270118258573,13422.943488997978,8973.568521957654,5731.035721559378
685,16152.768092368982,13257.581457976892,8889.402588565239,5494.033966588195
686,15472.88832060133,11784.000551210844,8273.103116082937,4989.831704137772
687,14579.102532696592,11656.421395184241,7606.073188834833,4665.047537299806
688,13617.300526867491,11167.687929791673,7516.15936808885,4505.525026445141
689,14070.126360509346,11343.711797655347,7213.288641192106,4646.421144429091
690,15366.39022559078,12373.99324431475,8096.9375617700625,5137.016115101547
691,16269.888000322286,12879.94593190032,8666.804386402619,5418.7424850121215
692,17117.357619822084,13282.281473258117,9165.204836038305,5832.227945157905
693,15613.910676097972,12958.963615665192,8994.190602097013,5586.375750488907
694,15017.984640065552,11763.702133429731,7908.037197201268,5223.46521879461
695,13968.622503864084,11548.209422210572,7781.968781581643,4793.741075305963
696,13138.59269740314,11285.075839953024,7176.099372669053,4553.840556234813
697,13952.194486995531,11221.459546334829,7414.223466465212,4798.82136872651
698,15028.676984646681,12332.391345399734,8126.476915278599,5067.357499772415
699,16325.450678421832,13043.461472252657,8686.43278640742,5641.942586155209
700,17214.60664148327,13560.260870612334,8701.27858503951,5658.6414522543155
701,16311.040690997228,12948.512966498018,8855.693996024833,5492.462428619559
702,14993.265223292665,12030.713833598304,8275.677335227469,5115.928011013912
703,14210.171012042136,11620.576326265647,7747.349328531464,4907.176614130365
704,14102.3090577743,11035.864915342077,7302.7912216452405,4472.134179540671
705,13983.60210558473,11871.016010834099,7600.369989598236,4928.77897803861
706,15067.6994431773,12289.127526044187,8180.189554094341,5096.685357135441
707,16615.971460014865,12902.441284370883,9059.819685069244,5323.425733601539
708,16807.115256603665,13836.941237161203,8493.314548728522,5542.646508723693
709,16645.200019886986,13311.773345438873,8596.217307481478,5296.6235725664665
710,15343.006047040395,12456.243228680163,8186.077639665826,5182.610265079734
711,14462.1266102218,11681.27268421874,7441.246175425212,4655.273978906598
712,13560.216803899108,10932.867941341576,7346.842696534969,4631.192999081612
713,14294.041225141864,11408.8870037052,7606.104287272642,4873.942039380443
714,15320.57853112402,12266.12244546421,8097.618224695948,5059.541486889935
715,16072.72705660869,12838.451715091815,8797.10008881727,5461.663715849435
716,16394.746062901824,13467.784638887953,9139.50180155571,5494.262763742502
717,16699.253616302238,13530.891607630245,8744.256241337023,5448.457227312977
718,15277.418651577565,12366.752362478366,8131.177515960982,5392.4859096630025
719,14005.175848538689,11130.072543123559,7600.051393525386,4839.982256409756
720,13854.457584946711,10759.37759974096,7402.18377878199,4602.554595411224
721,14656.258941895887,11848.099778006303,7378.147520268434,4719.185976834873
722,14719.970433406503,12316.519499051688,8301.80572129513,5136.786321659882
723,16019.803627795085,13040.231038391234,8728.084914179766,5519.023473907653
724,16652.70984305001,13498.31278584696,9276.75823150699,5607.887845983821
725,16996.71852903291,12820.950635533962,8911.643455763151,5563.062048709391
726,15510.679760834862,12689.99403624094,8418.368382476583,5043.133319115456
727,14552.860914434235,11376.185155809562,7489.64845237991,4686.057894328037
728,13598.022152598842,11436.714930468173,7366.38784518707,4672.788166725808
729,14046.478875688428,11506.428690305562,7472.616191628373,4677.455873642292
730,15599.96242709933,12722.831097524782,8129.823497048391,5228.972970973378
731,16574.071593922377,13311.814102009765,9050.31666657736,5516.682991819022
732,17194.288613049575,13838.29040633744,9340.5906842325,5461.955143631899
733,16492.64019367446,13434.292580959927,8626.47221559847,5530.3439650627815
734,15547.495426486556,12523.380188550971,8170.54509742451,4980.129245107941
735,14413.630737477852,11574.541457113564,7651.358476984583,4855.813403552971
736,14166.37869317428,11107.542839889307,7526.809549850278,4626.667598331842
737,14635.828283298157,11964.103584798766,7411.41987780988,4978.8640751051225
738,14997.185005967758,12174.548169178932,8001.288037677921,5277.138629700245
739,15849.409556673263,13277.376643300251,8937.493781355088,5414.413684988997
740,17390.83601419775,13643.465285242612,8738.486722309635,5453.404510014351
741,16989.503945292076,13383.090801103017,8771.731419972344,5448.22285654693
742,15182.94407919399,12292.954156495467,8293.103824800035,5040.249921116445
743,13867.5983165475,11595.21903686688,7745.650897391722,4976.430279627877
744,14011.009047877751,11148.874223216506,7436.628577731212,4660.142563037281
745,14707.176885429928,11185.251428353902,7644.139866833544,4902.640690915385
746,16095.598738800873,12431.985602853325,8426.376482278012,5149.481046504969
747,16807.42537780599,13015.579346589166,8922.953706269589,5525.289601130279
748,16963.657012710282,13198.301789774368,8997.096299148536,5693.187570980735
749,16338.490393864466,13344.948818725463,8879.038610839989,5667.935479562487
750,15540.572101030162,12550.894981697615,8349.909211083774,5211.282695207814
751,14351.962991210075,11672.379429364606,7965.094519562247,4711.019056925188
752,13732.524450216468,11340.873667453834,7593.349238297553,4823.982990106899
753,15066.301675575101,11131.072864560947,7906.57609772486,4796.166131612549
754,16130.608623154349,12120.48042285034,8204.984676075464,5144.218180480121
755,17054.722675777266,13867.22701354863,8800.537509006803,5244.048156892975
756,16816.479236057767,13418.547046650328,9094.052697319572,5783.123357927989
757,16960.994710686362,13503.64575120506,8868.2387631311,5569.8403138438425
758,15773.78271886968,12288.456077740993,8138.962301022138,5201.89028218253
759,14601.359824163517,11597.056611536727,7914.50771661145,4785.551523869084
760,14401.889085982548,11098.209423380482,7626.106515145468,4629.6902757397975
761,14692.336408444206,11736.731145936114,7690.283762485821,4800.24670504164
762,15842.966506214483,12523.689557847374,8433.211935581763,5252.174110920612
763,16928.76270214699,13252.770842092023,8954.85504728038,5643.167346680602
764,17290.145314207082,13449.921838481245,9290.842638202843,5697.915294980175
765,16119.54334199801,13444.284549175056,8675.418667482616,5677.693314181467
766,15638.015542211368,12186.599056064164,8302.09328811915,5195.749034957397
767,14346.59299732503,11705.612088607919,7728.606384922456,4787.22376504615
768,13723.666796877438,11859.211591728614,7605.25154132222,4713.355775940979
769,15031.68533466816,11948.180595556067,7658.531519784693,4715.716575445965
770,16190.229391454091,12699.13217889807,7928.881537267958,5240.640682728068
771,17211.13522033872,13381.563850830256,8743.0140989146,5412.945955411265
772,17301.858866018163,13237.216399020848,9169.587428351262,5620.056102161363
773,17208.254764686822,13050.022196828455,8947.76071743904,5359.717824086602
774,15652.857899050796,12840.460939994122,8627.236181191282,5198.092356925128
775,14601.511729845848,11450.261623653254,7846.4107504593085,5003.563630932668
776,13808.724593413232,11136.025706221606,7541.592265590069,4694.802988500846
777,14692.637964165851,11622.88520465885,7769.310200492695,4921.509835719833
778,15705.0171168101,12282.308846206139,8550.65534551397,5474.681364738623
779,16357.678352440316,13106.534362627033,8851.746452036123,5643.656647038955
780,17237.012235366157,13789.809401208158,9176.676796588927,5663.536750439757
781,16768.46404490857,13196.62117925665,8762.324503524913,5528.147406932077
782,16250.006260324799,12362.879462692172,8603.314147059766,5228.759749839379
783,14837.597077746976,11479.322436705936,7835.375076447031,4797.462358639292
784,14153.8102549117,11438.723977179314,7440.178075372338,4664.2086899672
785,14683.783916888473,11634.60057824865,7774.739543475009,4966.331802434254
786,15736.759636548108,12533.362807546064,8470.99736402248,5348.512967564004
787,16766.31096121611,13628.494299334565,8933.448210754801,5426.711356427283
788,16920.727762084647,13796.808406108783,9125.4760012428,5670.711748697501
789,16783.77254955007,13392.755690133123,8860.982125047658,5559.467917251633
790,15488.240818759386,12696.634567739873,8442.371054102116,5303.748177431671
791,14245.713597616013,11845.075806600993,7736.774219672074,4981.704773335778
792,14328.50199890778,11313.41086361076,7495.87549942664,4983.316748009794
793,14759.668729336086,11734.94153036724,7601.9906747194855,4836.22348576677
794,15196.276809177973,12410.412168345703,8418.07890309766,5209.464533844744
795,16832.38317335558,13266.661300960362,8966.734799432097,5690.804784409556
796,17680.5861987779,14081.630635560727,9186.054036864565,5699.613200955412
797,17231.248559806892,13619.154724478823,9035.128820747468,5608.738351310987
798,16082.758531109777,12722.345095857523,8530.7670709736,5209.537090828451
799,14656.46451808746,11781.863521361676,7920.296667551587,4625.726950730463
800,13975.927578491775,11383.464673753426,7665.785632532841,4750.410765970694
801,14360.692708570086,11906.633578393,7791.032724691046,4875.101541338104
802,15904.63728000972,12872.949245617758,8328.87880231538,5399.124257681645
803,17040.993969278057,13776.742006843986,8831.782566130298,5638.186041856541
804,17822.70493385391,13872.26189949597,9156.91860423663,5646.438303510676
805,17284.77351120772,13905.48547120771,9023.65210496786,5608.465997315919
806,15753.998202605768,12694.356422700681,8291.931392112996,5045.0553162519645
807,14313.571556951212,11891.59406047358,7843.755587834624,4774.448051779068
808,14157.755165761782,11463.263895957629,7452.5665592779105,4809.931592658299
809,14776.317067746515,11828.06276092257,7585.9486856744215,4879.872606349952
810,15767.893066788456,12479.13077908519,8582.04534009066,5374.660340175231
811,16755.44134942575,13751.312211038628,8954.94598694227,5428.177703050902
812,17503.14836986411,14724.870531893195,9132.548415888976,5776.87286934584
813,16780.507793538603,13459.437967227364,8842.943575541141,5596.7171688196395
814,15633.010881329428,12683.48785449869,8515.108970202877,5378.179275633515
815,14804.041591513847,11664.88180255866,8062.379201815388,4970.118765651284
816,14166.15153098506,11313.264369448612,7555.116104653018,4821.469350272631
817,14817.713738123755,12160.963463382775,7830.48056548857,5066.769318120707
818,15954.445286636123,12523.337636363902,8644.176122329238,5250.309477828621
819,16602.588968357577,13462.93697957844,8733.109703055668,5814.471869249807
820,17286.52030357015,13520.270818461697,9675.27027787032,5696.66488388822
821,17478.31125425394,13385.862926177591,9504.136070826724,5540.828134759349
822,15498.951090783516,12260.458933339756,8004.732434384129,5368.876813934573
823,14121.491781520512,11945.641737693504,7849.049976724027,4767.317997691183
824,13780.040893861691,12091.564194209119,7523.843846032742,4825.657739297681
825,14787.415664232818,11736.34393669469,7840.29398099861,4936.2524092513495
826,15913.181740333754,12298.565878176758,8410.812537981086,5414.756304721256
827,16987.83121420131,13867.509041655865,9228.978826012555,5669.213465349674
828,17918.495807161264,13791.48070452371,9308.958681833845,5837.764274336733
829,16117.630175387207,13976.309667593836,8916.0896207168,5733.772868324976
830,16029.281459322352,12650.91508319055,8452.57683465964,5230.8603493674755
831,15240.335471686627,11673.649405692753,7963.183701101604,4856.691219548392
832,14021.260870498569,11435.009338967971,7469.446254774363,4826.976371866335
833,14699.139113388732,12028.903061373272,7639.456844181774,4934.324774201888
834,15698.683454599444,12692.951909759693,8839.42380042428,5269.6148788204955
835,16760.4676736578,13516.94525665078,8984.774072234093,5679.155155541822
836,17418.150040954966,13970.266919584674,9325.008636161943,6030.562728440684
837,17552.942181433988,13305.294689590452,9029.305368628617,5638.1707679884785
838,16524.396177018203,12852.199074855158,8593.81416419945,5262.739387186504
839,14712.134051641333,11425.890357760198,8179.6315880800685,4768.616333935597
840,14924.127607012962,11398.93878620004,7756.329307342562,4788.064314745654
841,14854.792844971045,12055.744417168491,7676.507458382456,5013.083114820908
842,16534.005351544183,12856.449122902462,8283.494606668273,5413.629798005959
843,17071.34520997863,13844.150038643067,9048.953316826924,5713.425634826914
844,17617.176246259656,14038.608868541762,9320.990100807352,5969.006970669003
845,17228.27552458308,14002.711102548546,8807.594583672271,5784.462631833492
846,16989.3090498611,13015.330614556795,8658.93543634193,5443.101582809062
847,15096.964326217885,11981.346509174215,7744.916733873278,5045.485016984516
848,14203.863816992229,11739.951826274848,7913.580892071923,4953.352932285166
849,15164.849765140038,12079.853728787297,8223.059934812514,4942.01801392519
850,15892.667979594331,12694.250276042454,8495.484056446949,5194.543806777471
851,16972.59788941729,13343.82988071287,9221.852350371119,5789.339439784273
852,17929.365528149632,14205.931075971243,9160.2620748508,5961.422860658362
853,17151.145485818106,13862.155017464283,9255.622073112425,5892.899606340206
854,16097.70775871485,13086.122228545872,8452.805115250609,5472.915720916142
855,14880.704030632654,11678.366817142347,7761.630365539916,5151.793696090461
856,14535.885682342274,11341.548615894873,7656.073033923425,4872.562293075571
857,15035.290281943267,12036.565373509453,7877.17585882506,4992.267450100166
858,15421.493360132446,12816.122789129753,8500.617355098446,5199.534251528268
859,17406.398367334597,13223.639278307412,9335.284951437561,5761.081539299291
860,17300.687351219898,14223.743798659429,9264.061841238934,5817.427738406593
861,16681.89973252272,13232.80203135402,9479.17990050745,5750.020838102484
862,16024.246291717662,12591.754653670554,8329.509221789158,5353.493065842328
863,14933.618287255058,12249.288377939267,8208.134875232252,5016.411692340229
864,14268.743164592915,11998.02834424802,7560.143636245941,4813.756538911121
865,15188.642599715624,11661.663087316858,7968.011797573899,5073.238329770609
866,15645.584080131537,12776.990071707514,8490.4170667549,5067.179956977878
867,17073.874989718828,13782.921170067417,9117.673945565588,5759.796100593731
868,17477.997837248946,14651.905163154286,9583.095554785936,6036.7278908719245
869,17197.93835522984,13635.434160822504,9456.179782091098,5952.5989516063455
870,16166.818005298412,12739.049927973516,8778.643228061997,5437.50273386047
871,14639.159918665378,12322.475312650307,7903.653961712495,5147.926291930359
872,14709.93595162719,11512.965934541508,7761.775529833384,4849.628858243615
873,14990.640753530584,12150.42275655708,7860.049983181482,4990.8775879969635
874,15501.372255771776,12508.024103771495,8422.132130953552,5427.1944144502295
875,16574.49192447,13752.91067021391,8989.19234214537,5749.704109108426
876,17717.728013179905,13707.091077659803,9369.066760971631,5814.931409078405
877,17173.97969661231,13508.868151320352,9246.042336784112,5690.8180917884965
878,16077.67096923105,13105.121891514571,8263.98405265628,5250.879063316471
879,14963.396665900005,11965.46572861074,7977.544353296093,5043.330157702408
880,14595.60661529484,11549.860926970128,7984.32924860518,4844.45637845944
881,15287.270633562872,11822.601424094402,8181.0982664506255,4964.93784055453
882,15785.744748351886,12858.609553366356,8509.63169310144,5320.5109987835085
883,16880.92251103354,13912.16022917033,8961.690231102575,5820.235975174875
884,17370.634680034105,14486.457591546021,9558.55080096502,6012.053185203961
885,17385.98368839466,13102.822356531073,8791.953584516928,5631.751771072884
886,16546.490922377572,12700.753678414128,8801.58266657049,5242.909624266136
887,14873.49337513636,12040.526852348397,7967.3769001078135,5096.443045997935
888,13831.425782885359,11624.902264352786,8049.7003753805175,4719.826699818141
889,14521.401976547637,12124.028146852921,7741.0638309988235,5066.121878565017
890,15908.15300073378,13011.39901333724,8786.535854410737,5566.947358054375
891,17128.404842262837,13772.803275893413,9219.627031248792,5960.858535728573
892,17650.10441065758,14086.3534366946,9428.069194987464,6019.356392544148
893,17334.985952739895,13789.256424218489,8985.099752936349,5855.724928649522
894,16076.818437046639,13239.491965506053,8730.902163970813,5635.432703130442
895,15349.260219652682,11850.922836720541,8126.425408098421,4777.285204724714
896,14392.205917167596,11656.907318616726,8058.848801313644,4817.99077750777
897,14804.451806575535,12095.59491532088,8196.248478481328,5106.6311077777555
898,16365.767985748438,13373.114699247542,8542.914503013108,5367.053245551855
899,16823.692246490406,13802.016233294988,9071.088911421419,5929.046264515908
900,17970.539041874898,14538.80257723452,9249.875189763776,5939.175970533506
901,17392.367742550297,14227.545214199057,9529.693955848796,5800.833619509922
902,16162.709271992106,12951.87348069737,8511.05043741831,5373.819766381308
903,15542.77930291341,12000.615100246789,8272.120842906374,4968.943531745515
904,14436.764459656542,11617.979914034042,7878.505988191476,4819.573661043169
905,15716.407784333622,12013.757830698003,8103.478007670689,5058.76312071317
906,16169.745886662367,13216.389971776483,8609.754848375083,5330.451532701482
907,16947.34611076843,13977.50711413701,9398.044705439761,5907.695134187378
908,17892.262851076513,14361.08570412188,9526.266128995167,6033.568258695344
909,17017.180499468275,13600.115474382254,9206.990855686206,5924.647420283082
910,15998.764358808534,12742.94482051193,8783.51108459953,5292.079184074231
911,15214.287168876404,12593.207528617755,8027.180710306749,4860.458285640231
912,14810.329618913822,11676.381406042205,7687.305465877672,4882.114944476229
913,14936.060597606773,11911.92005257529,8163.037743834723,5333.700398919777
914,16596.480885513025,13392.723191845827,8668.934143846636,5562.4106361034555
915,17829.313128571946,14019.292941725782,9384.69054307443,5744.222097703894
916,18416.857185522822,14487.676975217748,9461.376819312578,6018.19471796808
917,17610.41093127627,13902.231142329714,9069.066806425808,5893.159322171048
918,16718.877150337976,12937.080285981525,8981.252408636068,5276.555472855381
919,14555.343503646176,12058.36777971354,8315.778162246763,5179.516185850873
920,14582.807857094029,11416.204729690102,7965.616664770814,4875.659273455786
921,14890.96831596871,12101.669689105425,8019.30670579924,5042.084204933484
922,16345.684462182819,13122.678130022587,8644.72325817635,5438.185883084284
923,17260.31701406633,14484.833863911885,9569.37097152278,5953.178627859881
924,17877.87161521272,14374.666246506587,9498.956953367166,5888.853123131384
925,18117.115951522905,13315.82175874493,9194.121961514687,5621.265403091449
926,16251.448877657222,13020.918864806301,9022.615342124298,5470.7093222168005
927,15279.145673890005,12787.208093348967,8074.2857525940035,4844.784865472811
928,14636.014282868733,11967.286475941533,8119.675431537732,4871.923686498164
929,15205.845313989315,11949.297809131316,7871.052171125469,5181.085742985645
930,16340.10107241154,13225.029285475566,8803.977886684153,5509.120444551541
931,17650.27003860923,13787.046934949361,9716.278308890223,5952.701004092422
932,18390.805491708827,13988.26989477099,9590.742467879836,6064.975668865891
933,18069.786612852058,13897.225801993292,9280.559385375835,6112.238438493554
934,16439.307339883333,13094.433977721907,8510.16388003768,5381.97342538146
935,15361.874528482706,11691.488918269411,8272.80830844,5101.24998112248
936,14393.071129906757,11514.85884894295,7736.134705117318,4867.692131582305
937,15184.869783367792,12171.799295018882,8097.472481159064,5167.564787599171
938,16676.90629480087,12988.355702252613,8514.623893370737,5449.638161663441
939,17830.08990727579,14131.947781622992,9638.549735488108,6043.016439642849
940,18082.185066938207,14054.843500170155,9825.001117618893,5938.274340436785
941,17837.24961193201,14221.488070066242,9341.583881922195,6006.594142499477
942,16529.740879054214,12785.225741820199,8528.6538640769,5521.0852809170465
943,15576.776395343562,12569.101764474795,8362.067694288615,5067.243003238224
944,14845.061432341206,11402.532010722669,7814.19958417659,4973.256596253492
945,15131.561290613225,11925.574336071692,7948.326416955984,5106.537083604877
946,16509.758464355895,13229.199609354324,8438.21034141277,5505.451836127477
947,16530.052633852334,14514.948444503156,9243.935653401724,5828.8608141654
948,18177.70755035168,14522.584394698493,9341.197281439741,5928.812887609845
949,16277.965814565685,14205.519558289598,9248.270544717585,5813.8535180651525
950,15834.322795381826,13124.28571941098,8876.67486429606,5282.515640625519
951,15377.6768511666,11941.705747003103,8066.9632938112545,5165.534487174967
952,14927.972551768285,11713.43947269899,7942.368743772658,4807.156393960059
953,14913.007386957262,11918.318336774024,8025.114062764097,5067.1684296992
954,16195.729895686933,12807.636539124027,8773.939664401372,5547.5555610925685
955,18073.67638313861,14186.261333146474,9742.564937492425,5962.268037255826
956,17897.74036646404,14133.374307140422,9571.591089648036,5810.413360984489
957,18380.605243105172,14163.126451215812,9454.257685485063,5853.054879376777
958,16429.091823897543,12801.560752904634,8488.159527035108,5526.930745095408
959,15392.563493455256,12286.775329420356,8390.477019932647,5094.616482934315
960,15292.50542621001,11734.954497670455,7825.116316302601,5070.56109101145
961,15335.642671676214,12580.687564323225,8329.02934345778,5014.720024743492
962,16129.4565709924,13252.784796026917,8756.729064772562,5261.632028024948
963,17584.59787858311,14447.0750412573,9514.044596138248,5969.628315950654
964,18092.463260897788,14265.386459713309,9785.779504052642,5970.291810784726
965,17142.248720709416,14114.449282892156,9314.028492173347,5667.816064718687
966,16375.199579940501,12909.163255137644,8970.058329974741,5469.078694384913
967,15068.51513506118,12135.226826474687,8033.80162060659,5224.000492206799
968,15114.155973598961,11809.614851273338,8037.705612736435,4821.627174252739
969,15333.359279582139,12080.2475053887,8108.358354531482,5346.210014476424
970,16395.419330712106,12870.269750993682,8855.441525029386,5404.12223219404
971,17617.111488350605,13724.401382885904,9328.787957655235,5895.108776190789
972,18218.483396171425,13831.039930860721,9683.026405670751,5898.434760590799
973,17872.39568840216,13825.29274148891,9213.406753362979,5889.765256714617
974,16158.999232599763,13356.487028689204,8837.501673946328,5481.523798670991
975,15003.552510302743,11866.307484044177,8179.356736576523,4955.429791283388
976,15194.185992126664,11567.18794387936,7842.748049210088,5235.302992974142
977,15222.95106577294,12719.459073042906,8177.408839663467,5065.823582379433
978,16049.444409724,13045.785356763348,8832.942141918715,5451.3841516462035
979,17842.442289759805,14239.214859535969,9315.97357676941,6009.406191408577
980,18337.62957463984,14722.125077314044,9665.311480977112,6276.173631084192
981,17144.033517662087,14335.842596702487,9242.55393672212,6027.96425238446
982,16593.307418551707,12811.681354280448,9222.619181144002,5373.5627777863865
983,15575.351811176055,12222.881181324976,8359.826250306856,5138.400907652658
984,15002.78373711868,11527.465828924338,7985.395349129814,4776.986965163611
985,15570.244799466267,12902.54868900602,8392.717296725783,5217.729885346683
986,16081.17168318638,12814.47743295219,8475.146503011638,5334.918853532074
987,17833.131401241815,13875.656772649825,8965.125071760382,5810.416876045333
988,18090.299248966876,14257.333924627696,9629.392007504219,6066.430074079715
989,17544.777676021673,13748.43713865562,9187.94129824208,5957.837203251424
990,16833.950702900496,13594.772441334784,8782.704985229164,5486.506975252194
991,15830.802641749111,12896.676335986049,8234.209196680396,5281.014892061101
992,15451.714053620026,11819.579039520002,8101.86057921722,5044.055258458106
993,15806.847080494923,11996.079247733906,8027.312414740682,5200.145616354463
994,16537.407029457496,12665.835966983906,8909.999502515908,5388.754934617599
995,17870.91004314257,14127.269459584735,9467.110216887557,6116.28494609639
996,18510.760758972265,14492.644152434628,9790.863632863196,5979.447729008518
997,17788.732356230998,14011.656090334945,9365.99997266553,6120.801178033867
998,16617.12637674484,13317.729389179945,9083.870304224258,5748.029868553631
999,15655.584170246566,12418.852623721956,8197.308510478631,5186.58499404937
1000,14923.389695744549,12030.119260429004,8251.343736464267,5083.164324727154
1001,15202.324153661648,12263.843211377978,8097.8514187808105,4825.372706258582
1002,16463.612167790558,12988.369528079771,8985.52763302761,5512.160603757124
1003,18000.46799943453,14409.453278059542,9468.746223659995,6055.644596285445
1004,18262.44337092087,14612.736402395773,9675.546538462291,6199.668751501432
1005,17896.05685228514,14472.739621901876,9599.947178736613,5780.499027269983
1006,16823.710157652156,13490.841501868385,8801.010379163561,5501.234824202813
1007,15311.68719404677,11990.930496765877,7789.867886966756,4881.585240905394
1008,15191.72998797013,11628.884475487943,7492.607744462178,5029.663688855063
1009,15569.48846130483,12175.127508945698,8451.012040814048,4956.789560452408
1010,16217.544729298465,13021.538604982443,9086.580659982432,5668.0517662710745
1011,18317.565930239838,14458.336180483966,9853.884969692308,6075.044919618692
1012,18107.83636239048,14735.628187130642,9751.790295646344,6039.1619821754375
1013,17214.64429008418,14556.31003450667,9249.978223687325,5996.535383943942
1014,16280.65518903088,13408.045056691828,8793.952326819743,5518.666623355063
1015,15136.855727710585,12413.512497311898,8243.16724176465,5175.723065515728
1016,15004.86021798036,12279.10378494687,7833.240070561091,4881.763001929087
1017,15392.256181079041,12497.938899356064,8526.573124801325,5223.236887790803
1018,16542.49167304713,13341.897846440754,9280.348133275786,5369.339910858386
1019,18053.367484508857,14688.281452534882,9601.562670575868,5726.571135792969
1020,18444.68853228166,14689.887815515776,9768.627531149246,6091.827404477559
1021,17945.07014672469,14179.04834060357,9264.270106606073,5919.004437461365
1022,16791.199605948234,13100.49167770589,9157.224422432671,5581.796770198619
1023,15667.742618856575,12555.711068816154,8267.010157257368,5091.99171257924
1024,14379.700491812402,12307.236667223162,7960.424630278797,5192.933956160519
1025,15388.200002408537,12388.400961004672,8346.85859229673,5183.658615176896
1026,15953.339155113414,13693.62066026589,8792.15241667127,5586.12658644831
1027,17873.070643332867,13725.194439173363,9553.415610771883,5976.880863543616
1028,18347.055731518678,14662.724726613149,9503.683452670373,6238.93296163051
1029,18233.65800002214,14276.694276512093,9732.534172423595,6021.981836232917
1030,17076.898353512384,13150.521506328409,8877.788927453143,5609.383481243409
1031,15564.049562785023,12992.19031141706,8458.90144680651,5243.119000664953
1032,14885.104989463196,12012.531507120275,7986.712172537479,4828.962289042426
1033,15675.523564165147,12318.626190489926,8257.382663089527,4990.0233989621165
1034,16529.79824239431,13371.890102456466,8693.932805305314,5560.258345003562
1035,17886.995735333443,13736.79006668216,9684.958358122723,5938.9253828611545
1036,18739.2476089881,14478.022362942458,9629.282155838597,6196.635982187271
1037,17687.951324612208,14591.398349150651,9447.18741920189,5964.885000185185
1038,16975.384446485226,13196.833985106545,8910.153578042415,5633.534323197542
1039,15735.213710711152,12214.014717611559,8300.011736171806,5046.042595269429
1040,14770.518679096793,12361.95477452486,7756.935813954151,5018.276391880833
1041,15850.954300784986,12771.902797980278,8254.047007709056,5043.697361575263
1042,16964.940192766408,13523.344486556749,9065.219313347976,5620.211727059139
1043,17950.775211814525,14200.955925433575,9481.975353802049,5747.098358077694
1044,18123.701078299968,14652.924593550326,9771.509907429901,6177.503259762564
1045,17606.415938453185,14100.913364154356,9585.303656141617,5795.978680715154
1046,16551.268737284114,13118.64698508623,8900.818143267548,5534.28196128137
1047,15716.836407781151,12178.668791678967,8121.417957746002,5275.46624127309
1048,14791.880653911207,11914.954131494094,8036.873085591207,5049.5591178798495
1049,15707.110033200117,12198.904996178971,8469.564101408221,5019.458081813502
1050,16339.536855320466,12985.317809290334,8748.481392192645,5510.112511924174
1051,17867.248419465555,14415.355109871733,9496.588012389679,5800.587138036351
1052,18471.65109596427,14814.167955230649,9558.362066990765,5935.500827250972
1053,18817.805833834496,14840.584464448413,9748.398315726485,5994.229600126564
1054,16294.108852130352,13225.357263908476,8919.848106776279,5647.809699751719
1055,16029.271872909678,12530.457605568858,8163.250332774786,5236.024485325045
1056,15146.922353573957,12156.891653536391,8069.083860553086,5094.559439985305
1057,15721.35800662581,12411.173149145667,8116.144537206229,5196.471441280477
1058,16819.34440628284,13623.536430553313,8764.156971829201,5562.626668600785
1059,18125.926949117373,14595.747117553341,9302.116110081019,5860.1828652208205
1060,18400.857366026292,14862.7639191059,9634.019740825706,6098.37809769932
1061,18488.599575266468,14299.415581517664,9842.052565282534,5830.445445296465
1062,16626.43941033216,13327.714628194355,8817.919292862516,5498.665489811067
1063,15946.230464456085,12133.26209304177,8393.88108849084,5206.953945172558
1064,14927.86406626237,11903.201793464657,7930.56669537074,5029.041716243401
1065,15596.089969227001,12336.52377722772,8454.457320957503,5524.005114630863
1066,16442.817374223596,13140.271275285102,8777.725893128854,5450.264233013348
1067,18154.94701108421,14519.61100141603,9602.844561543929,5982.068273485547
1068,19017.58461063299,15140.5783800432,9868.216585683675,5985.687127532292
1069,17963.383750091718,14131.580318383083,10042.037051767718,5950.561193645762
1070,16736.896794582677,13518.652905038885,9074.626110961364,5562.139293367722
1071,15266.813714781925,12233.564426352174,8229.196636349507,5292.92032020084
1072,15073.921340286586,12040.812504114812,8187.117624706458,5002.392429838952
1073,15138.083039073566,12336.24414455553,8695.91764360736,5192.119151341098
1074,16518.761860346047,13622.809887697262,8681.364776185841,5560.3842004932185
1075,18097.452488562976,14216.928582813616,9446.495685905928,5836.972833902091
1076,18996.81984739889,15106.43736288404,9824.462144659594,6089.056554788338
1077,19027.938272662777,14341.761044789706,9528.242710760192,5959.373563798784
1078,16628.565705386813,13285.886979714847,8914.12471768787,5616.935571415409
1079,16085.040088630676,12195.399449879409,8121.772388681274,5270.327910191755
1080,15237.412786517936,12192.223441389802,8314.27599604275,5030.7813279202455
1081,15609.604368715689,12749.835227782185,8112.795341861497,5192.666550079796
1082,16994.092059411458,13552.337869648707,8949.790531332681,5422.821984193434
1083,18062.01760526444,15077.94768575931,9822.403994454018,6078.137093251057
1084,18574.07409013419,15250.499122980027,9878.38189707789,6091.736936224511
1085,17892.354556171205,14342.979596562478,9432.703689286016,6103.078598973451
1086,16377.206203289612,13392.92613694419,8743.39402862976,5763.972778027124
1087,15173.596209002551,12643.237171793553,8311.970219838657,5199.374123442293
1088,15381.486434208378,11942.916475302589,7975.060851042617,4957.459782772271
1089,15590.477452242669,12834.335059872215,8395.51169224268,5223.9998463037855
1090,16669.011918141856,13593.711115061373,8745.2162873245,5662.595632447842
1091,18066.105266245544,14524.544824744966,9790.266846441504,5983.015852383937
1092,18852.18079847696,15049.684246624682,9920.017435035796,6115.936141112767
1093,18128.19091336304,14948.338529703597,9670.193566554453,6088.871510313071
1094,16648.779216662955,13542.251762401154,9256.723772679235,5679.339383937429
1095,16061.732964906894,12513.433672631896,8287.982314566168,5189.552672390216
1096,15682.395799403415,12528.776798257071,7990.171360793126,4899.780549683963
1097,15852.250685731204,12800.593799399412,8280.013264633399,5280.088314921228
1098,17220.322042164677,13426.364392230056,8974.053642567693,5544.055644452461
1099,18535.02978598989,14470.135339670904,9628.207844483468,6054.441240301997
1100,19000.487451494268,14922.508940408406,9744.978378893271,6212.234061726192
1101,18307.92256769962,14573.333308292595,9255.472600243736,5800.843634985453
1102,17093.52969613281,13146.475384980577,8907.676792803293,5639.594354011159
1103,15860.131804569843,12170.193897901394,8431.97507566111,5286.173968749599
1104,14886.830717619752,11960.593981197488,8139.924819120595,5138.28000482695
1105,15936.477643686836,12330.385854854374,8583.078682074249,5251.0380465501175
1106,16453.49553974719,13355.456225959799,9372.54169816274,5414.440516851516
1107,17820.18229620487,14670.255933955383,9804.241767772239,6190.153397979775
1108,19088.309471697106,14832.35561213641,10196.09928120272,6252.074946389964
1109,18412.247055120555,14543.263829875441,9805.678915571998,5890.720228343483
1110,17415.18868482447,13198.382323668911,9328.23882948087,5548.544697195816
1111,15630.829307710295,12456.894219762991,8692.262287909543,5262.967546174851
1112,14887.814682441705,12334.38509648143,8282.076309057928,5148.727200455248
1113,15659.264974826303,12737.728746839932,8510.521104823803,5193.789665090903
1114,16966.771231323615,13349.476842136071,8993.449698604862,5737.259481442232
1115,18158.148117669363,14550.49982098716,9661.076851225924,5826.48933014235
1116,19047.746769522506,15555.624805643018,9866.44981997483,6079.038541616554
1117,17998.514488804492,14498.501400949384,9789.209228207645,5793.663175816515
1118,17051.433400901908,13357.980035057262,8900.414449587895,5542.772566529865
1119,15423.810640913127,12544.197955014131,8359.887662765559,5403.173336892025
1120,15394.00532207085,12227.780241500728,7753.57944664159,5294.833464494931
1121,15754.084551788652,12564.382189963846,8691.192262328375,5275.671910588584
1122,16697.56343112422,13552.917152314225,9001.081642596404,5578.442203226991
1123,18064.840257321543,14101.171438275669,9768.44171495143,6023.330386347324
1124,18578.268142731496,14630.361555996273,10234.997397681502,6274.493808631678
1125,18052.379695986987,14476.990720373402,9738.377408993207,5861.024121310837
1126,17552.324425586885,13516.596066678037,9302.112340957536,5585.8930777248415
1127,15722.088560879483,12459.776305296618,8193.00300723985,5401.728531829377
1128,15199.176876686448,12175.686178432716,8536.54186346686,4984.74795626072
1129,15109.175462450665,12631.990111582034,8593.937787324177,5178.163023122503
1130,16667.2488348782,13818.109374110009,9088.940174439704,5658.411487663846
1131,18075.16509140879,14507.771962262463,9967.288427594489,6091.2227609861275
1132,18411.76431992801,15053.471841390223,9723.474334137592,6144.827519976222
1133,18672.90384375032,14379.155307888153,9635.13756456537,6066.246689161476
1134,16914.773960635626,13731.947423281816,9312.510276214116,5725.700070154601
1135,16177.137101270368,12711.402851521307,8096.98353888578,5463.137895467576
1136,15309.106276847075,12444.006116894085,8246.201252538882,5083.876859581328
1137,15799.592386646362,12810.493921722918,8509.80035207172,5258.265846672475
1138,16958.980370609872,13751.355420690405,9417.739428169041,5836.051431936482
1139,18191.847460444038,14523.728941992245,9394.438614836119,5996.89156246404
1140,19330.486213629523,15023.69272100421,10287.83197370447,6064.358373548095
1141,17346.57033135574,14861.904652949865,9593.027026224001,6093.836420035672
1142,16309.060603736401,13414.070415370088,8979.875021382648,5784.939305586704
1143,15616.327590325545,12471.53075908044,8214.390033949298,5300.613505222136
1144,15310.709577991249,12289.44236611508,7985.729736318298,5092.187761563513
1145,16022.518007937077,12748.519433987702,8497.030901949907,5115.521726387695
1146,17167.87351195725,13381.3177093096,8868.59220572908,5662.368121148029
1147,18069.592802954965,14545.84299149714,9855.53929778429,6219.545011877428
1148,19088.93216555431,14937.987121526701,9845.121624692973,6081.968376494491
1149,18584.71907876486,13922.197840600276,9476.136542404683,6040.13231226793
1150,17069.563305762837,13545.8124114854,8974.629050420825,5625.053099331978
1151,16108.668702773195,12603.726611333173,8485.767196235698,5194.616222857045
1152,15405.300576038111,12218.10650804941,8126.272933491748,5132.574936462165
1153,15642.72140554568,13014.707916814672,8443.308389708858,5320.214675879417
1154,17261.76449905529,13288.168265229975,9205.982150860866,5723.84660939005
1155,18268.285054937507,14341.869022530054,9932.035585269341,5957.285012325299
1156,18727.088217509583,14198.58895683648,9925.57113098869,6036.704428337344
1157,18764.938800013115,14442.109942477337,9518.548949492919,6107.872047347559
1158,16189.688208057298,13511.567518815653,9093.375126824267,5617.304142281978
1159,15371.812875659823,12527.21459754295,8516.957858964357,5467.344952441192
1160,14972.588040227873,12541.172270232868,7940.612676335586,5304.915426665846
1161,15720.765318330214,12886.710004650622,8295.331046702555,5488.766611578896
1162,16954.006637168764,13653.85269334478,8957.691173242092,5573.458865906434
1163,17695.700638413236,14488.403223852321,9690.618051247517,6151.172514103816
1164,18375.526214840535,15303.659842589153,9845.093183728512,6357.125610856638
1165,17931.612287753866,14590.829061291144,9868.669854899419,6174.16034767932
1166,17878.309598222906,13409.52149349986,8796.654191487156,5639.998907723401
1167,16406.45696847828,12233.80154510819,8178.929708810862,5413.649430352091
1168,15224.692970794053,12172.492669231808,8132.585548859547,5117.0850024755655
1169,15735.430002056419,12871.938707233496,8424.003500322608,5297.100780380195
1170,16664.75339505212,14266.717382586676,8832.297029916579,5510.72599696973
1171,17565.92569083922,14628.310936728338,9622.008176313297,6166.13012919882
1172,18718.607558485703,14780.214097882777,9926.386850559908,6221.582482768777
1173,17898.41189685317,14264.053880455802,9663.58928739275,6144.216358628655
1174,17027.84242285719,13796.063620928384,9124.586761902972,5712.331221320422
1175,15343.403562561947,12233.02660494913,8341.846016449981,5302.683441460199
1176,15130.81261166029,12427.270033994437,8436.855985620621,5116.9730357027665
1177,15912.158967071198,12899.567581540017,8543.950356875182,5371.529226773362
1178,17197.225360315646,13776.920217260365,8958.187500874825,5668.091597361786
1179,18431.993701797586,14559.25252717214,9767.425822497657,5915.789775892707
1180,18283.44401653919,15193.271129414044,10040.524059919106,6331.032293395378
1181,18591.83355825171,14673.491298043029,9985.844319257714,5994.536319287331
1182,16798.958148531932,13445.199926044312,8995.833917144988,5540.008174501328
1183,16065.805402074991,13161.708324559055,8591.187281843539,5180.213929795705
1184,15374.999820012094,12216.085989405881,8208.610613030354,5155.138385552257
1185,15441.631718334444,12900.077586461552,8721.291469731039,5282.695234342672
1186,16978.911581872537,13008.346442302374,9348.329187868521,5452.71567359886
1187,18428.887992272128,15009.812590688176,9795.880241745235,6051.60623144578
1188,19026.087513993698,15478.234810096901,9971.770740139527,6411.731750232019
1189,18243.61190259691,14644.892992045237,9856.303501971403,6043.356349143562
1190,17610.437949931173,13822.338282126271,9080.161017827568,5676.806311327252
1191,16198.697622057922,12844.88636701603,8753.259067627492,5403.321795299612
1192,15312.017013601087,12154.526790282782,8221.426709241816,5211.962738733824
1193,16130.318231265634,12852.637815997557,8406.918585918793,5405.550780789293
1194,17762.53498612761,13459.65104657526,9036.765324536374,5384.28585391219
1195,19028.31036229573,14469.948225576081,9528.610136738429,6315.065124800743
1196,18349.242956383056,15388.185008768616,10144.340569324453,6350.225619590175
1197,17971.063312613387,14933.834656897121,9605.37195540372,6403.925745624946
1198,17609.00966088911,13487.629860682924,9320.920196233383,5611.1868409505505
1199,15555.539045944826,12526.994037766153,8256.510443837517,5110.469783627662
1200,14995.780980355525,12163.458668494084,8235.950425996793,5135.144088404855
1201,15749.832422693888,12910.024709341405,8677.525399211157,5272.2975564594735
1202,17258.51701104903,13417.910253753522,8734.920480585513,5779.473692640787
1203,18287.33836578512,14764.480572006476,10167.762889475978,6239.608284415215
1204,18581.191658766467,15285.878921305846,9955.207540436428,6264.425167005671
1205,18077.769418451902,14634.019810750126,9800.841368600099,6078.88254309986
1206,16870.847767307634,13968.3315129816,9232.149066006676,5764.533246242713
1207,15624.722807842862,12646.150272136356,8605.578645488924,5274.316754354328
1208,16118.252465555086,12279.121374704404,8266.277432642712,5103.339113506239
1209,16011.194865214457,12484.321338475695,8658.125565753538,5415.546385644207
1210,17431.35281515885,13980.82227290787,9229.546932363055,5853.043697117446
1211,18159.31465215109,14446.044644760772,10125.088409887112,6245.4220150771935
1212,18770.28127728361,15177.718028485824,10153.156130338271,6258.986973985501
1213,18076.98252364903,14650.030907762417,10164.945364878076,5851.292244521735
1214,16219.244309244861,13413.567279218034,9299.337644857374,5692.274534832755
1215,15477.82686704399,12578.074060368217,8182.220919064901,5225.066878942015
1216,14867.281373791075,12682.024104825192,8656.779237573739,5128.622323155412
1217,15211.217986865384,12793.71557409412,8397.302858007159,5238.041129111302
1218,16730.11104199285,13435.15432311241,9414.691187131992,5710.922530054491
1219,18838.1572430433,14771.133019342236,9792.897964452999,5990.132299976885
1220,18837.109007798776,15039.014874929386,10268.788226469831,6123.6451359530365
1221,18825.534137326038,15695.68983467328,9652.881211483698,6266.874166687969
1222,17280.7609793374,13790.093531194769,9255.669788654313,5602.493638008072
1223,16177.195274606667,12645.322958346127,8451.866094134028,5309.336822200933
1224,15158.243837292042,12699.821766171857,8492.723852546747,5243.686838717872
1225,16105.754437200576,12281.485209148948,8575.236505214516,5410.063043442922
1226,17401.499616870573,13747.106445258618,9318.712157301858,5808.061863466377
1227,18152.52980029165,15277.480963779612,9370.393792040695,6158.5211134485635
1228,19077.814591587034,15058.26823900082,10045.008931435787,6379.957329317523
1229,18572.277676144673,14182.165201610094,9874.727802896763,6289.547094428521
1230,16963.015012501135,13612.573116749347,9188.392057611427,5765.774700440469
1231,15580.822052371703,13121.916502587743,8664.066510173054,5117.692878730423
1232,15080.480071916441,12449.972317428996,8177.733635572477,5094.336763976644
1233,15976.56051040296,12545.111408814306,8514.415524414173,5390.364898656741
1234,17274.788425952585,13541.86547548527,9369.599516348031,5649.096935844786
1235,18084.84605005766,14536.331715532691,9353.94553768885,6323.847399030418
1236,18888.834199908026,15212.140672009156,10187.371080254774,6284.980344355596
1237,18585.802104294726,15094.347177470674,9735.150328116073,6135.815941890167
1238,17374.736495971283,14019.029677743965,8986.34029379318,5849.537135026431
1239,16443.98472708024,12875.540395868,8563.369431692432,5296.880563337271
1240,15850.354069710123,12035.196300935626,8445.356732166945,5170.037601074735
1241,15639.02208728289,12427.813886609174,8688.145148165013,5415.193853508693
1242,17751.156512431444,13884.85175272401,9134.138223039707,5555.750433666578
1243,18191.959643445596,14313.947011123437,9978.278510964776,6094.102164755454
1244,19284.963606341196,15043.988955392297,10249.688522757386,6401.154627511423
1245,18412.225020240716,14799.258366587508,9789.382940528749,6137.115802089827
1246,17031.358736008835,13425.759010542004,9031.930983210108,5892.294277411807
1247,15381.639951034584,12505.352332587388,8403.123950489162,5151.871864257439
1248,15411.316668054833,12348.215171704429,8385.87577803629,4980.560956604792
1249,15469.6537933739,12902.791705477233,8508.900116403564,5404.483028676753
1250,17515.058988983375,14037.95024244769,8972.330824015877,5826.7269880191825
1251,18955.74833275729,14896.80578767896,9481.434781578995,6108.844446292207
1252,18599.66137743221,15143.001389918094,10248.18965598449,6350.754854205453
1253,18508.75120240579,14498.460614905198,9704.774169054517,6223.947072711493
1254,16933.36094105124,13451.69884367825,9224.630680934364,5634.319130803668
1255,15766.938975800123,12643.597858386702,8727.227457918843,5247.3044382460685
1256,15712.22163533214,12479.526741188565,8036.002850059625,5177.0881301957215
1257,15963.773606137342,12866.916811382687,8512.888023574575,5421.65450136542
1258,17789.877074444066,13175.765785452286,9137.618924919238,5596.943261153367
1259,18229.832047903015,14494.4958068245,9891.821835134075,6111.496914854681
1260,19288.865588096847,15493.172024494837,10335.771311357805,6272.841314296895
1261,18443.227113576904,14749.22194777287,9556.229623009296,6187.078380756107
1262,17465.34197452908,13363.60755518511,9273.409188588403,5729.57840808566
1263,15833.210822469988,13383.058817402503,8696.363572811382,5267.221913944348
1264,15464.799333812203,12376.94595881098,8225.30134395402,5288.900808487138
1265,15947.001372232042,12885.429738492317,8501.325350769539,5270.511622462586
1266,16912.552466091973,13870.077242484225,9250.19022935956,5699.892230664992
1267,18660.256742148547,14624.798401928112,9889.813013110304,5943.400239750284
1268,19166.23114019505,14915.886578143904,10208.287416510017,6216.712040266986
1269,18635.016397035353,15358.29255477008,9932.335424635587,6202.159620747456
1270,17728.879833766572,14036.211818467043,8993.257161137466,5770.148953134305
1271,16447.248217648896,12997.343608983148,8693.5950743968,5391.8588522612
1272,15371.009142209958,12532.517675778758,8452.559155564297,5219.269486678195
1273,16110.465228018202,12536.21633219083,8560.356314093286,5552.951212114632
1274,16993.32189872809,14118.090243658957,8903.313532800197,5650.185789365665
1275,18433.33093865267,14491.227913780784,9803.96878537168,5942.658634180677
1276,18701.683563972387,15228.782976101083,10134.576349165443,6177.006919941476
1277,19021.711619938,14256.49478543551,9601.571066326174,6055.1442690106205
1278,17333.109473881093,13204.448034511639,9111.463934666108,5624.205459136085
1279,15921.423733546326,12874.361087020756,8288.21632583092,5340.369794868695
1280,15863.427485687067,12194.274341208193,8363.595649654018,5293.907048213077
1281,15303.276661259913,12289.065522190265,8560.466887184364,5496.799847892415
1282,16521.60790213224,13920.958923287659,8879.157743320768,5796.233390483231
1283,18725.738698271776,15371.133372969309,9899.691513162259,6407.242960257186
1284,18959.473999733764,15570.274298812585,10088.091189683357,6267.201003535609
1285,18524.68138733105,14669.996473594898,9932.12251371747,5943.510557106282
1286,16758.386156150482,13774.489230783427,9109.472508395049,5859.225562836088
1287,15990.343336230522,13025.442901709059,8395.380967922856,5136.5028753276865
1288,16120.445799573414,12677.78276114219,8138.896162514103,5088.447002091136
1289,16267.596087597529,12715.065816792134,8443.485055700836,5390.088358466708
1290,17279.988393751595,13786.64648063134,9188.277433092446,5728.757639332048
1291,18277.36596771083,14840.116143973899,9863.38544593695,6122.954037269074
1292,18794.196555187,15322.831275742617,10064.763256309645,6165.439822086767
1293,17654.065113283796,14712.164854965153,9751.023239668637,6145.099661759889
1294,17310.275522329877,13744.140157901376,9120.267820294612,5855.742814648374
1295,16274.40841715449,13156.352535076667,8963.44092962794,5336.726995328554
1296,15016.025934955744,12703.741054406437,8141.662610038015,5082.388892733258
1297,15797.415664106518,12929.639827488238,8442.95308875592,5203.249675176435
1298,16828.54719096522,14255.729537479281,9793.19228862654,5649.46825323724
1299,18089.377764235225,14642.35346559178,9920.438211027376,6196.747156555807
1300,18970.352550606345,15652.15404326742,9827.769580936718,6360.102917547408
1301,17676.54854960082,14916.516011282429,10003.403419602337,6050.063472477387
1302,17438.99312750022,14683.49618231249,9020.691722195517,5488.5458902577
1303,16250.562837313093,12501.901789162392,8693.470627403962,5381.223978258704
1304,15431.361717931302,12236.340333895803,8236.700074428863,5076.931534995234
1305,15219.457971936297,12918.48847877848,8465.664314407431,5411.5569476894925
1306,16889.084292312757,13895.52534985654,9486.452627610444,5657.302261155562
1307,18905.987737370557,15336.530292237656,9952.018881678594,6028.822091693816
1308,17902.5706683317,14961.887280539127,10306.466591078,6337.939911944341
1309,18322.778489232755,15027.964123900721,9926.141855458138,6440.353641448485
1310,16825.81270357152,14106.514276067355,9108.971822037944,5830.217719065696
1311,16271.665638148635,12991.730010561434,8645.217354597851,5352.535490113334
1312,15303.826473974712,12172.101550712689,8473.850385680724,5208.210209843421
1313,16147.562948516874,13175.315904915193,8566.035255959616,5152.386083982255
1314,17431.927005609115,14128.630022888592,9524.31371310573,5616.691629681726
1315,19133.610985410978,14941.716925433242,10010.537866682022,5843.0013530439155
1316,18883.730936683798,15230.54462381547,10155.240546618828,6538.893783034772
1317,18594.633778553314,14831.431824480664,9892.617287335257,6339.871029096136
1318,16725.032553019584,13767.877543027582,9218.294075574213,5790.803490985793
1319,16399.515502967166,12978.747903488038,8329.226870288669,5353.812300288635
1320,15280.72366727321,12421.118554438826,8260.684500048577,5011.741239745351
1321,15842.023039919895,12599.849154185915,8582.71121727581,5317.14554324234
1322,17233.146337808317,13503.39695412804,9118.583886143166,5952.954591754408
1323,17882.9130161743,14545.821566729219,9911.78534499342,6169.482083843078
1324,19051.671527680013,15239.323062916937,10118.923415325067,6250.243415198284
1325,18817.114803280503,14759.980479465008,9997.639243670326,5936.950170404989
1326,17341.826114554915,13852.057442534013,9317.050525552342,5905.589910304532
1327,15512.57077669885,12945.748369246974,8573.477040129801,5333.083527950449
1328,15481.153697978925,12259.89430888869,8050.779514512221,4991.435843713996
1329,16262.462619498165,13195.505071755095,8852.566187922805,5242.8089831653815
1330,16596.30113040543,13721.322544141394,9170.691133486382,5601.128119563208
1331,18066.439928031912,14642.61185253829,9831.171280920913,6138.222116374969
1332,19300.91153969484,15321.10480872046,10047.166933791515,6349.01233095448
1333,18563.05193338177,14228.122778505973,9750.912442548733,6092.49789717647
1334,17386.061793749344,13577.073572703985,9480.79751903866,5837.322909118981
1335,16620.60256572658,13071.259602580983,8783.394678174678,5349.967716256767
1336,15667.287675511723,11985.977849101435,8351.886784248487,5283.870803190636
1337,16237.848443562836,13108.156778133807,8529.339407606658,5304.158217224473
1338,18181.49605161064,14214.17233587224,9312.01696681557,6098.967539168021
1339,18387.027715662836,14663.634240726815,9863.063817964552,6085.837703345131
1340,18668.392951916176,15265.478410140982,10079.441494391851,6209.461298457635
1341,18623.983652180235,15103.43279193117,9915.124897759104,6028.985619615591
1342,17397.900695115703,13668.376234005587,9116.966045374586,5724.573332813902
1343,15858.136393395962,13044.100526154827,8590.84269649984,5158.596792007101
1344,15202.953356778093,12252.08796616914,8313.005689092384,5204.978029518866
1345,16769.14745251613,12700.452827109539,8651.710897332814,5139.294280597256
1346,17361.062491771343,13578.054737838838,9085.189957610328,5768.027845925706
1347,18197.47616901079,14875.609794921496,9989.465433391304,5989.618447512539
1348,19320.705324130442,15530.040035448015,9935.590513361833,6276.152361674362
1349,18427.63865107969,14719.95889841791,9736.783854395493,6230.414955553447
1350,17161.076960930543,13447.81957530854,9101.787323113187,6014.37592204005
1351,16208.922406303964,12545.26846848929,8365.334032935574,5227.698100312054
1352,15123.413884484924,12517.64050976876,8447.9385775927,5159.286352596386
1353,16142.807329153733,13296.777211204313,8383.511068447457,5265.907750927304
1354,17909.42861008593,13908.248122098494,9071.125479438999,5649.794309989288
1355,18641.400079412204,14661.030471080969,10097.562162763505,6068.367255328052
1356,18831.65886008609,15412.148062401106,10004.211970901693,6429.050275600484
1357,18281.884903814884,14704.587619775379,9813.175782749977,6096.307151312543
1358,17107.916113330804,13695.17973617332,9013.514488992265,6008.489526114523
1359,15948.337563897618,12577.983549108432,8691.62499631493,5387.7058962755
1360,15407.672461237162,12769.843268702927,8420.209351587504,5070.4577721554415
1361,16323.994946330107,12172.912108925917,8675.80307715548,5304.218044899266
1362,16652.022746048136,14020.1922048203,9298.89425660708,5657.780762327264
1363,18788.15517123665,14638.745559170364,9865.024170145209,6255.092679636664
1364,18830.88621859734,15055.402369083538,10013.854067258393,6117.68698412313
1365,18608.979417105358,15275.895361582263,9689.968808173475,5991.46550170391
1366,16861.168805016372,13602.883388147451,9437.331217930805,5681.965333314089
1367,16456.186444435996,12649.75060598772,8680.224574315582,5416.392402225219
1368,15911.596684487033,12387.475410171357,8165.100059390318,5302.564095709926
1369,16337.712543607618,12930.19725330034,8556.179552990297,5490.890069216558
1370,16727.22776520092,13677.899115360486,9144.679413564338,5810.864006469447
1371,18775.828421179154,14310.551064596726,9628.163919579327,6146.313252436568
1372,19128.434565740434,14917.011873499336,10155.846237181802,6425.45031593234
1373,17876.585398416115,15154.297464274276,9768.57551962039,6015.596666561884
1374,17241.429975696177,13820.488155027993,9024.635149043772,5537.804219502404
1375,16146.936786288588,12939.748581961014,8296.455828559365,5390.0177108237685
1376,15696.7323726793,12354.33178987569,8020.559449309831,5070.612183281283
1377,16086.11960494971,12654.293196646275,8485.44968653962,5336.11856885144
1378,17349.448024179575,14262.16507215918,9183.7989888882,5763.41600318458
1379,19012.9788793475,14719.322472975491,9677.521799490485,6186.771629610651
1380,19439.129377886802,15044.50250648942,10251.102955984728,6443.249290537307
1381,17409.652527703664,15098.841512781188,9837.04266605475,6258.670839985989
1382,17139.469311387682,13599.823645148283,9305.596152118824,5772.083391110356
1383,15976.50733193218,12670.904763035758,8517.681872289546,5295.862759751587
1384,14978.78431260131,12420.730043631462,8148.462459226919,5185.395554421353
1385,16058.08952844302,12822.387986156948,8567.722504209498,5278.926133008183
1386,17678.237838173776,13869.625749886656,8966.357497800516,5726.573761501966
1387,18065.746037325862,15391.679925105494,9955.358504245534,6478.019884119957
1388,19099.872797501692,15279.851887381617,9928.869941838362,6347.119394798761
1389,18128.808973473373,14070.997601518624,10029.97409631275,6211.118119745151
1390,17015.70358486241,13888.028836725818,9136.388901394272,5668.041367134927
1391,16501.48869994517,12832.032906191176,8729.867724571015,5451.630353411051
1392,15352.363815064446,12427.415854469915,8091.894639764227,5252.260901740213
1393,16174.033083288607,12883.773009522014,8431.279251057746,5423.945293380237
1394,16599.91874699056,13788.337832520816,9267.573581029446,5773.143650267216
1395,19152.485676518543,14756.249646342154,10078.399976188344,6282.2208286701225
1396,19198.48944272422,15361.945636450022,10454.480653639292,6484.1061312792835
1397,18397.345183699097,14611.643037367832,9856.00946247715,6189.762799575004
1398,17443.823213211326,13534.760520536032,9535.553923618772,5735.261030150606
1399,15574.013688962092,13596.049053180843,8497.623025177156,5437.537214162393
1400,15885.250057835225,12236.845924508107,8458.268236601378,5079.208569870055
1401,15919.429084066263,12844.277764100207,8384.703344752297,5264.3912284111175
1402,17172.109227988618,13381.363691238164,9273.27388101961,5741.367308109096
1403,18280.174091767178,14803.771426759698,9385.10773167493,5939.580523776961
1404,18746.46960516209,14890.18082101469,9888.67865948502,6426.888772280537
1405,18718.206310802987,14638.667213214389,9938.145704916564,6035.389806336506
1406,17330.73191678608,14082.298171016359,8954.607172991631,5693.296338310299
1407,16232.117428841313,12939.613991546974,8618.707917713033,5318.302076786133
1408,15512.359247308035,12553.173387003113,8424.727365256444,5175.759675019136
1409,16184.435778774903,12362.009785958031,8458.337833504034,5303.299979424877
1410,17094.57638936581,14297.848949759771,9015.95285483541,5738.586259298789
1411,19281.093760402648,14414.378623578907,9750.889058815825,6145.318436461111
1412,18368.235941253257,15634.083298744874,9918.183399312153,6264.4485687964325
1413,18923.454207707222,15068.063899964864,9824.321853966603,6057.511815105404
1414,17710.613723811657,13950.431665603977,9212.899055455882,5870.619082450231
1415,15746.974700578075,12596.855406271556,8491.712431727168,5115.251544131602
1416,16202.92576656095,12446.69789420757,8549.747413518224,5149.175581070413
1417,16335.01980752414,12692.235730124763,8419.040039454696,5288.64744526785
1418,17569.576184053847,13795.870200961324,9447.706740655984,5793.061298312299
1419,18463.856436254926,14689.035082930934,9636.919369263582,5972.259340646052
1420,18875.9458819349,14548.27077940816,10125.816265385882,6256.269662088485
1421,18376.22770408497,15094.025181331775,10074.753776376874,6138.578781143143
1422,17369.442463281466,13765.496442513879,9399.894841252066,5867.892867128418
1423,16464.973496170533,12688.679124524766,8470.145782689435,5374.182656981186
1424,15563.238792797969,12266.580819669132,8362.216196774092,5046.652934777489
1425,15719.786660447293,12901.161484754795,8611.486253845738,5285.184983011612
1426,17514.104319232763,13537.614472837535,9090.103216690803,5845.113352616796
1427,18788.22636386271,14093.013314296079,9960.329239505356,6001.768582478788
1428,19201.162644927284,15285.867192877717,10484.802060457669,6307.73213350644
1429,18723.416624091915,14911.90719631737,9931.943518318378,6148.328983793494
1430,17136.644774332042,13728.970792539474,9293.425667984158,5699.021916757946
1431,15714.167994330928,12515.251641491333,8654.350691074811,5624.976824727078
1432,15232.896176698592,12423.716658879057,8026.1913736303995,5124.702754402565
1433,15483.003731281708,12430.179249748597,8615.412855471677,5383.516895292575
1434,17306.1511216888,13496.522723859114,8999.605638553516,5653.513709478366
1435,18411.702336901715,14532.470177363468,9719.948160466005,6212.38068406502
1436,18780.24829714965,15413.423135793118,10541.985206103695,6425.65096261258
1437,17352.303428744166,14646.986775872292,9786.169032360624,6075.204021106381
1438,16794.83556975588,13656.19108614118,9050.422206396868,5735.226774269628
1439,16365.38297922796,13305.860071914063,8733.623767926856,5239.986552213325
1440,15290.556869264918,12484.627218138095,8108.176329176975,5047.286300053516
1441,16116.255312930954,12887.475078446714,8457.428243083485,5444.217380716523
1442,16739.476240717082,13672.85628351675,9412.542143016006,5675.867774769425
1443,18966.383705880595,14572.8110787805,9840.89390739253,5848.65475190873
1444,18885.6633549962,14489.600974733543,9785.963619864515,6536.315469937075
1445,18542.85005424665,15034.479283549712,9939.45905972872,6046.719935102427
1446,18019.30669771943,13898.213363816472,9110.321763558894,5711.180142397804
1447,16486.146683673014,12754.81886147504,8796.60732253057,5508.659357835318
1448,15395.449624703924,12358.329812499374,8161.39967115913,5148.837786192812
1449,15804.776211139497,12984.022174795866,8709.770384692245,5314.097343585527
1450,17099.52183089318,13341.12340681221,9505.512685417954,5596.269551091211
1451,18616.56206895634,14568.970802523778,9661.329736239502,5942.024247583566
1452,18892.89958587219,14801.98128781763,10058.44382186124,6289.913415901533
1453,18282.95142760106,15265.245813319909,9904.99422900776,6187.449764887652
1454,17716.63503052268,14010.410503824043,9022.111552261405,5772.2520903465875
1455,15958.007215335429,12231.93657434967,8576.536954899391,5280.19696763267
1456,16195.841493610464,12011.955656774313,8220.835029723801,5163.3303488395695
1457,16016.630194012967,12756.237773495277,8484.935536284835,5133.387642336919
1458,17818.427829901582,13633.25787365622,9184.517150076941,5787.48875951242
1459,18552.287657860415,14346.18162447404,9838.347415845961,6160.036854113934
1460,19289.01567941737,15728.494922511705,10126.171340242297,6557.185510338657
1461,18153.69048045313,14828.63224623238,9706.683302782976,6141.134053472172
1462,16910.367099354444,13894.005479001189,9073.65646234133,5626.591556458657
1463,16134.607087357363,12613.073342483256,8506.504744563143,5323.798737204818
1464,15782.406695473754,12559.988596709156,8246.702721455544,5124.9860028207295
1465,15992.947282846737,12686.795448693347,8447.906281234687,5373.004860188751
1466,16753.606732369,13678.860976076889,9230.63104769526,5735.090823186375
1467,17911.065616132877,14909.568950052077,9463.306451998886,5982.66810533536
1468,18375.722540900253,14639.484748182222,9940.950175991542,6098.934647898205
1469,17761.05826513112,15200.043759356196,9764.739095862173,6169.593125820114
1470,17233.67799572516,13807.000899396107,9014.180371911581,5890.568382853449
1471,16339.647104734839,13111.578471830473,8800.413638417805,5335.146984021843
1472,15464.38889561519,12108.668713402092,8252.999814687324,5240.049930197152
1473,15249.878412402248,12541.638322492936,8548.485235253647,5431.8244361389025
1474,17121.69292715404,13430.294544217313,9077.950745935203,5759.658130171401
1475,18342.670711155686,14795.76934162037,9811.616913293412,6034.271375833915
1476,19698.531271229018,15144.75370634331,9838.123241670319,6326.6141335404445
1477,17866.286964635063,14585.329259110917,9781.380111581462,6282.284833745907
1478,17052.972345343038,13470.947523498233,8994.759296727567,5789.804446114105
1479,16516.85833841813,12453.874121134651,8471.108922315472,5403.653782544814
1480,15599.207979831635,12356.066173465382,7823.2234768547005,5105.684676008634
1481,16143.047488045497,12651.645413297032,8321.637878906353,5299.532534458406
1482,17217.226320178695,13553.851834437806,9429.761316635075,5712.356796426551
1483,18513.887992277043,15169.292456545169,9972.256136093145,6124.544479668545
1484,19189.514701393884,15091.627260421106,10343.534944190767,6445.677516976794
1485,18094.748305749585,15087.76311674411,10081.595687696885,5843.036478084904
1486,17479.523358817118,13595.725907921516,9284.837166423566,5729.4505554087455
1487,15524.851394886453,12833.080117139969,8436.595838255798,5312.607182620159
1488,15552.500314778967,12347.107705109358,8069.597864241972,5009.068604629929
1489,16010.893507727515,12329.750974631694,8703.872760181584,5389.402319113151
1490,16956.200697022647,14126.59000901177,9167.988558379826,5639.682373268099
1491,18373.41622770456,14665.655135028115,10292.611475003992,6083.49946328391
1492,18649.461301748237,15333.204514212626,9998.23738604,6527.6197865792155
1493,17987.761082953453,14484.22716805978,10190.433035304779,6251.019306061966
1494,17046.39292927651,13688.966718393382,9127.452429223451,5788.354124033639
1495,15601.603704734058,12541.814791890307,8736.08747629715,5358.452861723199
1496,15541.092497748685,12658.491685853412,8514.874462233623,5130.181921879472
1497,15577.186335075596,12834.580467348631,8329.45446971436,5527.160740978038
1498,17401.424522693953,13826.453344189955,9061.702256685527,5810.7909118915795
1499,17936.223682646836,15095.449205907922,9595.084498391127,6031.639033358661
1500,18659.074882152607,15447.436138168858,9817.907208547105,6114.7829489150035
1501,18140.823211787498,14921.198293922922,9928.208415153558,6192.855361799168
1502,17611.828986943132,13335.408235102037,9114.476574219721,5712.648008799117
1503,16049.246200572188,12577.669398176082,8512.331914215472,5162.7554064971
1504,15365.857868084515,12097.10397232983,8321.532165157327,5187.825343141975
1505,16092.318203756777,12932.18715919704,8182.134874516271,5282.554015734729
1506,16423.193019814393,13763.44117045468,9379.751699431677,5775.918515851389
1507,18342.335054389026,14278.10143959902,9722.665342314507,6173.454329863239
1508,19613.837215273605,15031.33183103408,10165.965908070237,6210.306297518669
1509,18406.764930565972,14247.670962233302,9912.573437115958,6196.843198004342
1510,17169.0707306179,13702.04324082735,9395.119908804674,5658.347599977826
1511,16108.063243837367,12324.70268899868,8479.98809342334,5265.148939540948
1512,15696.644598166,12466.821735731428,7874.924826908694,5085.425032257878
1513,15286.185900596076,12834.104351418016,8501.57973625972,5427.474527796088
1514,16557.320189473532,14230.09778414352,9174.715217475472,5679.222685105046
1515,18422.51450698916,14925.158316962197,9581.802364654097,6282.972112010283
1516,18577.726552549084,14950.223969865243,10081.488326806246,6506.489549965997
1517,18826.748570248972,14916.41031250889,9713.54500690599,6024.771934190299
1518,17025.810770355125,13323.893846442537,8892.631273963585,5377.619257561623
1519,15306.227566628171,12492.62000553081,8605.920669603527,5418.296412893836
1520,15018.31247068953,12409.407831456921,8125.526116707494,5101.233930497126
1521,15035.582314409286,12179.024644318179,8416.664321948665,5211.643267695675
1522,17041.042310778415,13686.790254931258,9046.834323791132,5639.873738604148
1523,18262.796475602936,14366.23883409119,10018.580087517348,6059.926301118934
1524,18673.45287165804,15097.194257337427,10036.225106782382,6440.647746756188
1525,18727.42242442154,14349.3814182054,9792.461903298123,6130.164849757259
1526,17531.614830498733,13813.188338821348,9050.841635893197,5853.582624236256
1527,15856.340516669055,12733.368179272507,8564.18636189457,5355.942132945192
1528,14739.819271606379,12662.73486430362,8433.43931262793,5100.653024884769
1529,16094.540082558535,12720.325836970967,8588.94038368156,5258.048631767942
1530,17298.004896452672,13475.987574327452,9249.600637611164,5766.714296233937
1531,18431.046950375807,14581.801991222821,9887.890652045067,6206.08877440648
1532,19188.1863877631,14650.274812639635,9759.62220921998,6397.983267931215
1533,17890.960675376584,14773.1920952852,9598.256250664868,6073.961476675125
1534,17795.29809029669,13847.84479139114,9086.850459811727,5722.6438018414265
1535,15593.201196384558,13346.707722646715,8355.98205660699,5361.323514314543
1536,15615.24759887128,12154.704446851563,8030.487448132761,5088.857367698985
1537,15349.307831216647,12640.248776003411,8154.979474141057,5174.937356421991
1538,16776.087556355556,13517.829629464217,8871.346116043977,5606.159604958025
1539,18857.944138966828,14704.40964919329,9711.447054824046,6071.5444992641005
1540,18705.424915139633,15157.667525739578,10014.630665390465,6350.85950694488
1541,18610.326109969974,14626.662427590252,9606.700342847082,6254.574740834994
1542,17175.139763740353,13972.41979891655,9131.259733295848,5543.506643573224
1543,15852.045374590809,12551.497747425437,8398.698164577383,5231.870071799617
1544,15790.98236534555,12539.897537640234,8377.049528801828,5087.223231435583
1545,15796.815505476006,12834.304251473384,8437.671418934138,5374.738074659266
1546,16471.36630564897,13660.435830011173,9236.008499814134,5633.08507308369
1547,17993.585106257662,14537.74464392051,9792.902905290342,6043.398194232013
1548,18994.731147248396,15759.55659945893,9739.086929297406,6085.686650281497
1549,18432.024462045327,14390.839433772217,9735.578699526108,6154.7243334157765
1550,16544.357866781535,13745.140829786982,8884.039189352055,5674.840439176863
1551,15642.005776684917,12507.03324426935,8446.729840084157,5221.440308688587
1552,15179.424070094901,12725.265542024114,8068.923129980202,5092.798068732039
1553,15742.004601025645,12911.344544193507,8522.164843935856,5405.1174444245335
1554,16594.975871963365,13466.438617288728,8856.762320626389,5573.868012115825
1555,18041.5879819999,14766.819685351571,9747.510610196256,5987.8823980520065
1556,18497.484242334413,15094.210962038827,10125.821842908259,6413.713525354758
1557,18553.1469154681,14465.938240898799,9921.529267232552,6099.633315758366
1558,17340.709192921426,13858.654385619007,8962.005002277067,5764.381460105173
1559,15811.671325011801,12785.110217788044,8460.557970414577,5328.445096446919
1560,15223.665404296995,12328.134309373261,8213.592162461884,5111.0436422137045
1561,15887.661260469622,12664.032788107688,8711.23007614524,5244.319873665479
1562,16770.42691716022,13756.672140197734,8823.339002104633,5777.467583601029
1563,17835.7023389109,14670.514853864823,9558.274319749546,6226.250653259862
1564,18401.09305612275,15020.728709746503,10563.002682859327,6386.7994423228365
1565,18022.63426996181,14416.295776014762,9682.50259985668,5940.531834912169
1566,16652.142369465517,14101.11688167347,8748.839801277876,5831.268444575745
1567,15894.675178249829,12408.384854232185,8351.324439370537,5243.302084271626
1568,15553.016043591459,12368.322191215353,7722.878924504747,5032.6046939556145
1569,15325.750205090446,12581.432699293407,8482.364812001379,5258.188137644291
1570,17041.11067611404,14105.553689323842,9231.149094718092,5771.891765685272
1571,18156.714664508298,14325.918985181348,9549.021454857266,6144.687315167815
1572,18863.77441768563,14768.232495881753,9898.356145429803,6213.36940246367
1573,18232.214485945613,14306.562879677938,9906.040612246683,6180.820964514698
1574,16537.380490780895,13714.191401515098,8766.046873322559,5693.398067826641
1575,15428.541173580881,12314.80787427086,8218.563386135993,5215.59519681721
1576,15323.086460346993,12134.008114197053,8130.243789706619,5032.405487132838
1577,16137.802033160302,12105.413990904384,8306.413822826782,5314.062480699717
1578,16262.122170859324,13677.965488546528,9021.67026497404,5662.51885502073
1579,18344.800380515706,14429.247350003985,9471.117225340568,5905.874653532889
1580,19162.53015792007,14528.125651214048,10025.295584940548,6344.777368186919
1581,18163.06669890418,14891.517043919861,9687.70597486893,6014.608264437288
1582,17202.87933858252,13256.49812978685,9174.685302107146,5852.4856828933525
1583,15590.106165107618,12851.586988895757,8467.107850616476,5122.918954674446
1584,15261.794041412604,12067.056956912988,8192.83001573901,5081.008444603943
1585,15284.09492341626,13041.723149289406,8180.937136204621,5191.680094267736
1586,16201.13997750975,13802.358488487236,9154.982224246658,5555.507273256204
1587,18543.24642873159,14266.51776073224,9642.475901228268,6007.628540095397
1588,18329.59431542216,14683.99259873541,9939.008514162586,6453.353759415262
1589,18034.265354501717,14736.392259460588,9910.212306718398,6084.088389566322
1590,16526.790491141423,13527.144183832748,8935.225497773692,5576.325956273797
1591,15350.737051861897,12594.144364543115,8652.293738568509,5072.82429599811
1592,15228.892872468312,12536.697942061117,8385.874590663738,4918.635537859485
1593,15549.113005187535,12434.46528363009,8542.361231242345,5203.352440190638
1594,17108.386617433123,13608.824699286275,8878.404316302758,5588.275557172985
1595,18345.24598998291,14822.25014630259,9272.389347444288,6033.076252086247
1596,18797.886992539734,15184.22769806482,10176.554894467226,5943.077283908325
1597,18267.45528735227,14498.127460027274,9717.972200217833,6049.120003185893
1598,17515.83840781219,13505.531890513525,8921.044260588174,5776.34835166261
1599,15442.4393129077,12184.488289768095,8613.183687869445,5430.50202327188
1600,15248.433455177135,11954.183489824973,8001.156176838994,4895.607702668732
1601,16119.060363888719,12689.880741763855,8335.083087168654,5169.786834454326
1602,17390.30499029006,13531.65270841846,9141.01124667482,5557.1867371205335
1603,17644.282922038125,14550.321247514448,9469.979288138264,6071.205013223543
1604,18540.91787355649,15236.216051942927,9928.864211307442,6067.438565902794
1605,18653.975257945945,14183.547958041374,9896.68085610932,6257.236047224835
1606,17133.693258143972,13504.97642611575,9084.241939090454,5658.70106840418
1607,15823.546103788223,12657.18450477978,8616.122604585558,5241.0569347165465
1608,15181.478282477545,12026.499301457781,8316.566972802446,5244.5241398150865
1609,15623.232660208067,12955.864383015782,8398.144642393965,5246.3438138850415
1610,17039.730337735113,13799.949286513642,8613.48537525972,5692.569717699566
1611,18048.493421248073,14596.252577568728,9460.735800432865,5955.888197220296
1612,18620.40662760077,15444.02621391606,10091.08847072222,6041.818550347885
1613,18168.57072865003,14077.003339511783,9374.73179201526,5972.871719956822
1614,16712.311084970923,13551.561443390721,8976.732168218838,5894.369244626225
1615,15911.64234168305,12687.549879100769,8453.68847607162,5314.470417076246
1616,16117.681453169813,11961.143106164614,8361.404638948192,5104.541906090248
1617,15166.757739220597,12656.177180127652,8290.555625221505,5139.520300041509
1618,17031.885137915247,13238.166500584997,8909.034670666542,5743.544233832996
1619,17843.332130480787,14695.238697907016,9653.22761830432,5875.603744620509
1620,18829.407967943018,15206.614049986742,9997.380474822055,6010.349857986029
1621,18135.678195974928,14573.995203718458,9633.552804837696,5972.093173895502
1622,17180.070438211587,13036.124524953038,9214.583456620801,5861.237192258463
1623,16095.354817887972,12337.259113684948,8252.960999795045,5440.851674636981
1624,15270.170115557903,12306.746020977764,8132.365980126348,5024.7827877294385
1625,16062.287383193823,12570.664886783316,8451.481656038017,5164.961150049835
1626,16109.352809588205,12792.911960757312,8942.142505511667,5449.102871931306
1627,18672.595530130257,14837.422088128382,9813.798724178534,6041.730404450853
1628,18731.454463124926,14914.244599020529,9945.26940552214,6217.411403612273
1629,18487.062373975492,14240.395045092613,9803.980193518002,6127.573345115032
1630,16489.448208538255,13790.513116765762,9049.293117656049,5736.55416435475
1631,15445.699306518849,12395.0671455959,8439.953689531962,5214.885026651386
1632,15237.09317355102,11986.847592062215,8000.316645323289,5120.5669785509535
1633,15681.831699730425,12639.686446760814,8260.94756103146,5155.785435224942
1634,16976.40099612626,13985.712448576283,9223.578113238562,5687.382275957563
1635,18466.5285427355,14929.118040521715,9762.24956836353,5963.709411145891
1636,17913.35102191291,14962.00368844367,9700.804525696582,6246.5161631005785
1637,18426.51304127532,14593.308084347052,9674.596108677313,6070.437259594059
1638,16883.628439359156,13718.44443512735,8575.68320948268,5634.687192690409
1639,15623.241984098513,12234.245371016304,8270.457176642078,5312.152978328086
1640,14726.931817977002,12295.076190486976,8248.004143977449,4898.934138521249
1641,15824.791553454583,12349.718103930743,8334.907251508777,5111.160091096193
1642,16045.293724670253,13573.346618491376,9012.829568727127,5589.412207510431
1643,18285.51803948272,14375.44556084715,9046.62902005064,5843.456642581084
1644,17991.797823992456,14984.901665811125,9813.193598321777,6131.439583047627
1645,18070.72910143141,14475.254395007005,9692.56277828868,5972.059007135902
1646,16819.11489082169,12658.491479890368,9075.299280344247,5766.967968151292
1647,16033.631561226955,12578.575316279024,8516.6465784455,5237.2755356562
1648,15099.344569428944,12278.485372220004,8047.875616679632,5155.159520243632
1649,15429.421311466846,12628.948513958561,8317.227145647179,5247.014650049076
1650,16666.6150899418,13442.132313682167,8740.601483346943,5552.275920813103
1651,18486.726236885705,14895.897463545589,9575.487895924314,6025.331181021843
1652,18719.5860678278,14909.016069072806,9628.597742186039,6263.708261072228
1653,17888.740137429348,14548.469412675413,9259.477990426423,6152.689585287592
1654,16757.588652307644,13751.149772707873,8784.950796557263,5597.551989276367
1655,15156.218919321744,12608.085822719666,8596.670415506342,5043.693305168927
1656,15250.698439962149,11889.060519072435,8027.324361850014,4871.069224121867
1657,15075.64567168825,11890.879493520219,8370.306074709342,5174.533871276971
1658,17067.40271377627,13323.302503073228,8875.677549094993,5342.78774946867
1659,18049.86313077032,14622.03571570591,9258.039850980364,6216.638430971324
1660,19379.020884583697,14692.336163849017,10049.240289747708,6238.951953395623
1661,17607.42331085177,14633.625060839648,9184.749151243577,5924.888322042684
1662,16780.055480614716,13491.67673208654,8868.270807261712,5480.471572359059
1663,16187.596362558976,12822.516706425653,8324.555582732912,5315.63642821298
1664,15472.362344673851,12018.43392453047,8097.031858673693,4925.226194977362
1665,15386.804391772805,12600.010664788904,8201.259502201316,5095.436509794536
1666,16866.62602830616,13569.04154299655,8626.225116759922,5511.395058353795
1667,17979.46245157525,14814.945465914072,9435.03494201,6006.588833530316
1668,18574.710201385176,14272.081524448708,9703.441659810005,6233.294007595206
1669,17727.51560584546,14251.129149773324,9440.404554516546,6135.86616577569
1670,16761.415130869926,13661.09368348109,9129.165067605676,5714.114101352122
1671,15105.356632264893,12869.22014450761,8120.1793454347135,5201.440271392268
1672,15131.723757214086,12130.71924558956,8096.950488388339,5132.984564516819
1673,15722.300821179078,12392.66977816761,8336.740128633473,5124.3149353534845
1674,16691.446108847584,13617.292025342109,9114.56259190813,5385.692343057143
1675,17373.45639744203,14612.23300533527,9549.634752677368,5904.129067924036
1676,18809.14258184291,14649.446331317085,9992.70582987547,6049.020739342302
1677,18084.25751873279,14457.576839948735,9542.149248156285,5908.81417894994
1678,16524.239930083597,13730.885600735255,9020.473360561435,5481.9939291299215
1679,15494.609238783263,12936.96050310828,8060.628072333632,5146.11839051926
1680,14616.86423176803,12234.358838724656,7612.804554805544,5085.334236692924
1681,15240.44731187744,12458.62499900997,8361.085213390168,5364.439349396595
1682,16563.392324838576,13380.304760537523,9006.868955965314,5388.574231868395
1683,18367.881186291186,14501.829075756066,9652.225749931913,5821.905682439018
1684,18182.272605276616,14700.183303121752,9719.72029973585,6042.101140922157
1685,18156.980304963454,14396.342324848318,9846.170914741111,6067.329426085287
1686,16563.223263651063,13111.390639308727,8847.727951593086,5558.286129184793
1687,15636.704652946946,12770.542430223157,8368.276987422962,5111.403138447168
1688,15004.32323355553,11763.000089859255,8120.438812380694,5087.522090797567
1689,15807.841115383828,12321.827766321914,8570.998028129956,5277.9118258731105
1690,16539.921844206612,13401.105699330805,8860.129388586884,5570.8255058598415
1691,17337.94869802188,14891.003485567397,9422.44698595647,5869.573866570551
1692,17882.326207445072,14588.12498965388,9514.446793560686,6163.345505428829
1693,17710.521305451493,14129.997804589013,9843.584088385038,5939.143021440837
1694,16301.0949666021,13227.655983111054,8991.81794431322,5546.05352612747
1695,15664.02090601378,12841.62097891421,8361.245573964847,5125.778862182091
1696,14884.194907236768,11343.270276624062,8512.355726188547,5100.697357627902
1697,16249.841411150932,12161.584238311343,8327.434991074591,5196.873309378762
1698,16113.329577489372,14084.316594436605,8671.303629332717,5679.763274293629
1699,17946.703511204694,14468.109233629108,9495.401514083764,6117.205511188056
1700,17948.6017456064,14365.335739836379,9602.589187868352,6177.138100676056
1701,17697.528878629837,14287.139462927571,9457.277215341483,5897.618191511451
1702,16740.716082534953,13372.817134726716,8831.51347645921,5680.278029543033
1703,14791.617646880793,12620.4896004828,8176.51219616668,5219.1898716989135
1704,15072.02702308671,12442.288821885548,7777.580087082833,5260.678549465292
1705,16078.65047869716,12487.622759090158,8523.995710695082,5195.075442734842
1706,16516.5936047697,13190.246719834257,8942.598406090941,5633.442438006202
1707,17939.069769405825,14501.815108998906,9475.125544479886,5983.332483676911
1708,18710.353514239527,14462.78548289368,9926.582967171818,6099.395321895243
1709,17787.8180064175,13982.009283236172,9607.719416776357,5917.989256602928
1710,16474.083546287413,12864.86009531058,8938.481283200133,5588.612392815569
1711,14784.176672097108,12003.44889490365,8374.060037571024,5216.871054071345
1712,15169.360945929855,11767.061213827885,8009.31936456243,5107.715857545554
1713,15429.769954766905,12080.38993143118,8358.436733335682,5186.766166930768
1714,16304.452839362475,13396.60723061704,9009.153563480568,5495.813683602797
1715,17863.351167211,13912.649644160243,9533.986017523497,5900.585775966998
1716,18091.961922150767,13723.77402762921,9719.981672193964,5940.436800837464
1717,17629.924128348168,13956.978580421599,9793.928728455787,6136.7448631842435
1718,16843.29643670838,13187.56432616584,8790.637058257204,5487.128544745534
1719,15050.816840541542,12222.007726301586,8312.428770345008,5254.665786635988
1720,15266.512054521016,12326.187031025915,8041.110212148959,5012.000895139994
1721,15008.327622640481,12200.376070644072,8134.240298853605,5177.9077191847455
1722,16394.56038569966,13525.999939345667,8718.046583330386,5525.248553300088
1723,18473.78437162357,14226.288850047957,9420.649120797612,5836.440715995523
1724,18688.326718744698,14608.629540952636,9651.377489351338,5974.07548402787
1725,17824.341674165404,13993.914441788516,9211.10576068467,6134.863199634704
1726,16302.23913411795,13276.191877966636,8745.751571685729,5550.880601670781
1727,15276.49262632554,12162.93644416573,8278.47492131664,5262.470772517925
1728,14950.685070775558,11983.657610623044,8163.619922389934,5114.102324306221
1729,15426.213432326113,12273.44896022345,8312.298774198804,5095.9946973699125
1730,16557.416577117292,13019.345290683796,8386.754277926377,5576.020565081536
1731,17749.528953899666,14490.249096134126,9593.748377488037,5925.489739969295
1732,18168.08830040335,14721.66783195247,9622.738730368914,5941.3405269753885
1733,17248.2762419198,14081.059813054715,9558.090325481844,5898.1988959593
1734,16416.210031957817,13308.664499818808,8844.199324081545,5594.156391917847
1735,15696.617393241073,12311.042717822016,8189.461897521892,5086.932702309862
1736,14496.024284643121,11716.227847002767,7932.490813015661,4935.688636763293
1737,15330.581120463077,12328.495552512919,8203.744267850236,5111.8545466237565
1738,16288.382181437682,13083.364098756561,9069.41148528242,5753.07210797752
1739,17770.330040356814,13916.60305975181,9452.731448600887,5693.486204629039
1740,18074.28519840856,14099.734902668957,9926.05373903789,6132.876143124608
1741,18254.752011378994,14082.94006737516,9634.21321202028,5880.334996814998
1742,16727.661913332355,13398.129690818118,8949.763563612598,5449.233119000323
1743,14985.177483189178,12140.09683660142,7914.1543785103595,5101.13268934844
1744,15078.304361697768,12502.925419860232,8112.450139244569,5025.719395354393
1745,15124.753653361797,12507.921045012434,8118.4410515085965,5195.127798138257
1746,16340.96508949509,13570.397686670962,8943.138410777816,5531.081302011154
1747,17811.807123244453,14385.79044771485,9256.757483839943,6029.185562736814
1748,18006.066495851876,15087.038399917341,9468.749222809012,6215.462190387773
1749,18016.794379873416,13937.680672209608,9813.536232376335,5996.573139071941
1750,16275.660189382985,12548.057015351398,8648.175073672966,5450.383312535069
1751,15172.594947519121,12180.556091626397,8381.289097754003,5171.563148494632
1752,14657.850027916622,12014.921463684648,7940.270326128346,5000.3733896049935
1753,15162.700287460719,12306.135271911666,8110.57831903895,5028.673851664298
1754,16865.94601825975,13275.25358090748,8793.785250178751,5328.376727571591
1755,17892.309945569785,14509.523365023813,9178.81759068453,5651.74651419244
1756,18774.285981145018,14633.737109638976,9679.18094552526,6059.606812711406
1757,18471.48181832158,14361.943582106156,9219.973201716284,5925.139986961381
1758,16162.942268753894,12954.423132563941,8732.065268942593,5371.027156883566
1759,15357.794442422199,12000.16942696113,8330.670244064218,5219.01277792378
1760,14477.908435705258,12244.264808784912,7947.769471384218,4957.276484843431
1761,15071.116293189001,12272.081074666363,7922.874558612868,5240.795959761847
1762,16266.500935346528,13015.007186734094,8935.814317583576,5532.062238867079
1763,17266.053686642234,13935.824964052817,9406.129098729389,5754.271875418831
1764,17740.276227657625,14309.000108427283,9560.004078565824,6095.868984688975
1765,17588.09608008625,13911.11215744829,9547.951536572573,5958.466106849994
1766,16073.214941901253,12841.062122507346,8756.805415801438,5431.223223213341
1767,15567.052810749034,11879.841573182928,7974.559936730445,4955.886964221916
1768,14528.502795837632,11793.951097125177,8185.129819327282,4943.282917293171
1769,16140.51878640714,12080.474409826234,8147.482124995736,4991.972749797139
1770,16296.1661613529,13447.007558483016,8756.18993306771,5604.424869339692
1771,17632.794472825306,14168.512087928751,9314.547364287437,5821.348943001479
1772,17620.454668706283,14548.057999042148,9875.186899318978,6237.671516570899
1773,18208.23150135807,13876.595753540603,9292.052419619316,5619.804634638476
1774,16812.818440009294,13123.854216906286,8499.461800069086,5496.318787636411
1775,15372.560907847037,12313.718142645168,8039.671549872723,5239.5622881092495
1776,14375.311827254427,11987.884318294136,8088.138675322702,4836.730343081026
1777,15318.290947712465,12180.300842147211,8270.873510740978,5068.483840918987
1778,16046.556882696348,13415.18923788258,8709.864608460646,5427.467331458279
1779,18089.44198241318,14062.576291026497,9630.99869616233,5778.354031545109
1780,18348.407409715466,14674.003118505443,9774.02009362821,6048.175671299759
1781,17608.959664413887,13922.579974090071,9323.575305359673,5706.686895796232
1782,15614.868024991803,12655.723084425605,8725.466169959727,5459.428637164631
1783,14953.999657690283,12268.713344401129,8189.0607995869905,5137.146781514629
1784,14948.78515818314,11967.89054510386,7733.65974706157,4894.172029000218
1785,15595.182433976675,12320.833531641127,8121.179128403451,4973.753345145887
1786,16747.851773034115,13218.188616918302,8792.259422825227,5573.989847995645
1787,16984.36987637409,13936.509508546837,9040.562503772684,5933.052936075048
1788,18131.525900435536,14185.625907179885,9575.78006797573,5882.508869995321
1789,17899.244186928434,14189.216351444673,9299.52627321288,5696.297543577205
1790,15840.974005164473,13219.30557482529,8918.013709239158,5357.485441870761
1791,15223.431940145523,12044.028650152826,7820.884646679142,5130.627942087907
1792,14798.898557716073,12035.892191038613,7789.859420288455,4933.135985960498
1793,15105.86011898897,11943.146517808864,8027.119466513877,5145.806090557801
1794,15747.861854281866,12930.239481474153,8889.422673160534,5415.659728322552
1795,17395.972429020294,14466.487421484682,9330.550442565445,5728.729864139408
1796,17871.26148076568,14641.214644614183,9938.78356832018,6106.534168490516
1797,17458.177065189357,13907.725621992568,9462.367822973018,5772.071363822392
1798,16169.357806047163,13158.11890952753,8650.389996209364,5471.556329994333
1799,15062.62460736615,12195.4596623308,8144.063656583072,4908.727817247101
1800,14678.599219587502,11106.871378517011,7779.326849158675,4840.9506038941045
1801,15302.566627708884,11914.67717835174,8228.82817964573,5158.185976167199
1802,16223.136598528601,13044.734337920256,8473.39756056816,5362.896248149158
1803,17333.50687884725,13881.636211324805,9167.351154906377,5920.463238652047
1804,17987.93240696079,14434.801509093404,9663.149140974598,5705.903373056915
1805,16805.26789018646,14297.18829137888,9549.406098462166,5760.3889079422115
1806,16478.245095393413,12974.041082086569,8321.964495364973,5422.192678625157
1807,15168.169759899449,11877.986577201505,8312.165085569815,5232.323160319272
1808,14673.528484001066,11805.718096523291,7797.757828793293,4773.025147524271
1809,15429.932740207845,12032.116434049683,7769.941132328875,5114.068239997577
1810,15654.7217309739,12992.111225313596,8166.914870187558,5545.118951230332
1811,16754.345289886576,13872.917269312387,9018.343876023804,5730.412150632183
1812,18018.21813415793,14978.851922261387,9553.612857969481,5928.738244883208
1813,17440.45160665978,13328.99618836511,9290.637482885513,5830.780937189429
1814,16346.434612221123,12931.568597400985,8798.558299425747,5269.430179366606
1815,14999.117609047917,12110.339084777219,7985.422211158478,5000.414766705278
1816,14827.600238318557,11523.645172755969,7631.405536725243,5002.213166854617
1817,15391.217559544024,12305.041496713908,7991.763163803177,5089.108474409789
1818,16416.45793687849,13218.825764756059,8677.336151733956,5402.701072782352
1819,17317.952086092602,13913.711311195808,9327.528272512242,5816.045041571935
1820,17131.06362923709,14230.530809527996,9388.106385681058,6030.924360379615
1821,17676.59518339664,13895.828409465043,9452.068060892667,5892.566756978371
1822,16656.359421231908,12980.000925958737,8563.738184348691,5359.380081334825
1823,15304.163193443997,12068.561756937144,7918.169420274374,5191.053123803589
1824,14347.183959429889,11639.360551821403,7704.367446515633,4996.197938775069
1825,15282.59167484597,12124.415354722712,8215.22247389545,5094.5453814449975
1826,16506.063700895473,13176.98822528733,8631.303349868564,5317.740105217009
1827,17915.862035655005,13557.36216302612,9137.528572513838,5673.228976696623
1828,17536.70812770774,13979.51536688394,9696.043059806752,5910.958663815203
1829,17295.50904355338,13413.293118987309,9663.34354418854,5798.437759433084
1830,16469.307534398857,13206.374381805768,8690.581606573853,5217.617343144588
1831,15096.697762141679,12123.90240924679,8240.797476029118,5076.192314260246
1832,14249.033422026072,11777.608866623139,7934.261035230792,4983.3388675312035
1833,15173.835375672594,11695.033736694808,7928.937503971255,5074.183831536223
1834,16381.561188764188,13417.805357898731,8641.476780107803,5325.0602327921415
1835,17369.74561165072,13702.480924900563,9010.386343778679,5687.918122667786
1836,17891.788640959567,14298.786994731927,9461.622322595236,5973.461868302316
1837,17249.526132062172,14108.42324126894,9131.780316867866,5762.026003718172
1838,16672.93180636289,12699.581432020597,8567.282536243283,5445.8786825032985
1839,14777.952680462891,11907.688495151122,7905.7811943888855,5076.716809615765
1840,14374.174422497314,11677.71800434613,7712.8051888266855,4954.219290636651
1841,15021.674875635235,12701.33379111279,8095.061646781001,4892.774032048964
1842,16445.23836836671,13006.77661168547,8598.676196804416,5410.924226108644
1843,16785.69749628768,14287.865606892094,8884.63297055617,5726.038277420388
1844,17311.38484409724,14564.740466159283,9339.719954983311,5914.061737451104
1845,16598.692341495942,13945.012634924567,8948.306515550395,5867.686186170072
1846,16171.708222287001,12673.127796173912,8661.347312666634,5491.8922855391065
1847,14682.47245768704,12269.352584772181,8090.42952776727,5146.140737557736
1848,14403.37966244536,11264.090240347958,7781.06170470114,4879.521215598915
1849,15185.633439661266,12373.796415198884,7867.394207834649,4984.80318009194
1850,15920.860702363576,12953.845575016821,8643.95640906218,5348.742214200162
1851,17348.07782690935,13082.32756816855,9123.115084710811,5556.359787739398
1852,17634.364965272358,14095.806416188732,9246.249623214846,6071.975616218401
1853,17500.325442506608,13995.241111141904,9346.366528450017,5719.009734614819
1854,16281.049432891741,12841.072508738565,8742.215329884146,5430.324717481214
1855,14779.98126505382,12161.366558159729,8144.968585011455,5063.638165317721
1856,14435.844823317248,11390.764234168446,7631.182541547675,4707.980581742685
1857,15268.294265393451,11652.352129483303,8164.7257779585925,4893.298303001371
1858,16220.734631673338,12856.8932658804,8498.793714457119,5530.690624409391
1859,16750.68638186287,13794.414524987595,9310.594022686957,5777.411927291935
1860,17935.659964167608,14064.137863255142,9345.400452797816,5832.652231407499
1861,16858.336050595542,14124.093052938573,9149.304234618143,5729.531563624489
1862,16548.77650692889,12656.357527653414,8167.882326281656,5481.2513312189185
1863,15262.418150703346,12039.810041839986,7928.415516674726,5078.520565019293
1864,14537.898664611223,11578.997516423067,7722.896250229153,4676.760071200653
1865,14971.420094598376,11567.859152141215,7894.449115949248,5137.434894786126
1866,15992.967276390267,12509.14681970252,8866.24017303526,5456.812581314648
1867,17429.084377156185,13759.861164084974,8957.835211747679,5714.430539352792
1868,17535.11555041123,14692.897689000609,9315.730084622515,5748.352517658517
1869,17276.74600092057,13915.959543445693,9005.083295726354,5852.739681428052
1870,16340.176109730426,12404.664982611203,8468.811999356687,5404.3794809820765
1871,14756.794204841459,11196.831107474462,8123.922097761074,4829.783274175697
1872,14245.461495573694,11707.736630460588,7919.770850478461,4785.421611038329
1873,14536.851536305225,11891.150566422944,7831.39368483698,5274.57738823468
1874,15684.609725305452,13113.267069602352,8423.495849898009,5343.693044797685
1875,16531.516405203092,13485.392031350344,8939.670128556321,5634.785101253697
1876,17885.682891394918,14201.474055769593,9647.42543169411,5757.6020173900915
1877,17779.76727629407,13959.499272325373,9356.634927343384,5922.37764141887
1878,16482.6305086952,12705.896715106312,8528.971316723826,5432.50345747587
1879,14408.263204546223,11812.54814100505,7720.941207196564,5103.934669438777
1880,14600.693439629085,11519.457773718344,7475.167714527188,4821.162813780045
1881,15283.082964452491,12017.367170352803,7952.604529538582,5077.708686252596
1882,15845.068768584277,12789.266332411304,8622.324456300796,5239.951533306929
1883,17156.65302873171,13964.357734220192,8754.339462127604,5725.863640120787
1884,16883.895811512542,13942.21805437771,9321.197514536576,5897.0903494162385
1885,17213.25421814435,13333.616150986954,9427.242662531908,5865.105427660135
1886,15651.016034198936,13298.76011246873,8491.521462768795,5364.380237503537
1887,14919.754191771195,11744.574997014866,8161.682115431081,4891.504542446349
1888,13912.228672653335,11357.889606913453,7758.421257966719,4793.009498927161
1889,14988.963199939033,11846.767084121751,7736.757370865675,4776.939081287118
1890,16283.19838815068,12782.151950062082,8460.187751446996,5071.857194139661
1891,16816.922910018733,13561.921540650303,9088.29571739544,5789.529858776901
1892,17152.77336162009,14036.60471162482,9182.671224432368,5806.775559376337
1893,16347.83535265976,13656.753358053224,8935.004441291721,5665.0680843558575
1894,15871.231541793995,12809.631988273206,8766.452434636174,5407.142212232238
1895,14655.496264751519,11303.07057916298,7753.668216881817,5080.756703725048
1896,13884.456354200984,11894.372248334834,7806.934857979843,4827.372931829548
1897,14929.31323057506,11801.343372623107,7821.922427594497,5121.929826022184
1898,15777.770880205946,12884.74668238277,8486.872963098214,5360.372564404317
1899,16680.081254893466,13261.59501886214,9193.809409369129,5716.624966596541
1900,17318.909737024558,13878.545581648707,9228.534917235806,5865.785112347656
1901,17412.086337827845,13454.097603103535,9194.911298009962,5536.188830070331
1902,16113.038702843947,13111.233475859493,8143.693162047628,5408.4869855633015
1903,14756.787206818159,11697.533822675712,7960.199641014679,4690.545454113812
1904,14474.04745069248,11611.028807704452,7248.622828629905,4709.795643360436
1905,14419.543553278527,11656.211286880794,7837.505355191109,4923.02273818395
1906,15895.862477755683,12593.420681572274,8617.056531228878,5211.553833580537
1907,17058.97381617858,13540.262052304535,9184.292680139544,5618.393691927137
1908,17309.936194392692,14338.25409602539,9077.527418963049,6038.988636103358
1909,17156.991104926994,13092.778727021412,8859.181337872751,5794.807278865248
1910,15637.625390214067,12374.061278938314,8355.61549468311,5222.560912812265
1911,14912.820626660161,11349.891306684198,7902.548054736059,4874.55350155879
1912,14422.302376725318,11163.677879666904,7298.748712280127,4633.511004542985
1913,13869.747584895318,11592.005744192882,7853.436989825512,4978.92270533943
1914,16227.166090297915,12270.445948929117,8505.901362574756,5256.891783170383
1915,15936.193238489785,13377.134052490566,8999.749263696507,5434.384633268733
1916,17220.013047562814,13385.84258933784,9396.269237374123,5823.32336802129
1917,17318.61140904014,13300.062843381322,9091.483044899145,5706.53024301701
1918,15749.26402658103,12984.297933824602,8361.674785665058,5385.051861478217
1919,14297.178081222508,11878.383583257633,7551.319275866165,4902.493597845831
1920,13921.138699686526,11428.666293018896,7610.904671553151,4708.796559857356
1921,14997.468315830545,11520.734254499424,7688.280655760329,5093.145442916592
1922,15206.127979221235,12262.421896377706,8336.500989654385,5271.97964820369
1923,17314.387367937183,13237.039270530044,9116.968325367816,5725.245904358715
1924,17376.071197174348,13904.166860871841,9540.447260217119,5735.844345275514
1925,16528.27007834228,13780.851896345328,9023.56034074021,5721.898753560232
1926,15629.429939680038,12879.403248083934,8527.516759324428,5117.824583905903
1927,14396.672014915086,11904.794047163165,7611.2513270025065,4853.27992849086
1928,14445.870550236015,11192.320620921973,7610.449582356764,4618.906104372316
1929,14876.757801362739,11735.343946392604,7810.354216080357,4828.192934362115
1930,15235.142016856373,12540.98179793962,8621.607256591602,5390.738906164103
1931,16756.91460898711,13460.239503738176,8912.3585014181,5562.130223806271
1932,17055.771989431618,14449.994780638948,9211.475290602424,5868.234261405653
1933,17330.30683574261,13038.364308455466,9200.539373538917,5801.968666811591
1934,15351.600478536458,12562.859867891058,8399.245976137736,5256.308537255743
1935,15132.404480920539,12013.850989878289,7646.306520171487,4984.464278913884
1936,14157.618410265883,11001.363960479986,7941.35179246123,4772.510208695956
1937,14288.16248281609,11551.811444765048,7633.357376620038,4887.388455570664
1938,15527.947336057212,12459.692316921124,8384.4266594856,5325.795325392085
1939,16584.02433363388,13423.176211037657,9051.253929623637,5824.817636146837
1940,16873.87835023604,13410.077520373135,9284.247182730976,5698.198708002865
1941,16886.202514308923,13643.919745670246,8954.81499473197,5510.30194116949
1942,15354.592558894241,12760.745520375802,8364.2678401877,5140.235261820085
1943,13990.208030835076,11821.465319972753,7764.996376714598,4973.010729053405
1944,14026.714496025883,11110.403040597595,7369.913942809312,4817.764113600421
1945,14067.797414422479,11695.413153469282,8118.198561209578,4812.421712336707
1946,15468.244772818478,12337.588657599143,8338.87676536218,5011.196912529978
1947,16509.23535510158,13362.491206358041,9075.047214132663,5529.348601910147
1948,16973.93582017443,14415.168406254947,9151.63614190068,5821.407628838705
1949,17487.88857103208,13477.718663637297,8904.35160373766,5597.509030912929
1950,15722.209140905676,12265.200669886925,8299.43500027509,5253.712077617297
1951,14665.634612035012,11717.321584650063,7542.211291521255,4813.753904196593
1952,13599.869173076653,10975.691363351509,7496.290980249463,4795.6112330165115
1953,14369.30632707705,11368.473146218654,7701.983180494396,4886.557532751008
1954,15735.069369612522,12273.092597152956,8551.84185675699,5283.791130145788
1955,16431.7316396967,13301.12058509341,8732.782175779745,5609.6129232790945
1956,17547.361943438525,14045.860421202286,9085.56209828399,5805.0357553745
1957,16371.954708011803,13575.623021209236,8786.15226691706,5643.1086181098235
1958,15577.870419947536,12665.188412530842,8597.132660412357,5125.5965770503835
1959,14389.081796750374,11391.788719219521,7630.1705524818435,4889.456987267698
1960,14113.698626729303,11132.134943499503,7587.023898023001,4763.385806972236
1961,14339.208538864434,11683.433787523732,7897.126214753574,4953.616451937441
1962,15545.834859395998,12347.279735650494,8311.914389481522,5253.532811034565
1963,16656.727270408563,13314.07209560706,8679.959439580502,5470.893176037282
1964,16941.035961311896,13876.2732486011,8919.72127933795,5638.194026735602
1965,16898.131944710258,13295.219260327614,9079.221216806709,5530.037636618452
1966,15705.04169973528,12560.95007466949,8126.103596518114,5229.915801196609
1967,14499.53158255937,11990.3766224071,7807.5521611285285,4829.921387231238
1968,13913.102243891546,11188.548448826949,7501.876242111107,4572.838415206109
1969,14721.486891986478,11865.940332533546,7786.632571728355,4721.076992234476
1970,15519.69892464938,12614.156220103081,8394.836335906322,4979.5973253886195
1971,16593.444975595216,12964.735375459977,8738.180152325873,5218.070114219722
1972,17188.48616020645,13419.585917962055,8969.555064579441,5702.454716707413
1973,17262.375807833192,13134.00360748878,9031.777530427424,5823.540373028376
1974,15175.237240630802,12261.323449941874,8211.720978619142,5384.53330330211
1975,14713.75261888053,11571.576914273159,7303.258733038478,4735.711437736292
1976,13470.123663574563,11337.858361865237,7563.6662678975745,4680.731166021452
1977,14518.656060828871,11854.98087959794,7549.9937197136605,4677.468080494666
1978,16045.833372117853,12521.342485125628,8373.937787197348,5049.193879914753
1979,16818.543989800488,13205.838737732602,9130.52331984915,5418.9549055773805
1980,17169.772507466256,13119.02358205133,9129.128785159755,5678.069341192184
1981,16469.066817278926,13343.420422525982,9059.981771476878,5531.660330893706
1982,15565.459186850983,12451.05394049225,8321.94603998449,5211.473177318995
1983,14382.963157778031,11606.981213846733,7954.555303366373,4882.528576570305
1984,13746.824195861778,11643.759652380622,7290.503139533997,4624.089638877618
1985,14337.280913343177,11822.956968158393,7689.875644013794,4810.442489481335
1986,15579.758079983974,12609.47377010928,8387.793451514313,5059.56933366704
1987,16360.535597125689,13036.625353302945,8827.847278503503,5389.566606047482
1988,16794.741814876998,13515.896047526947,9313.79959991778,5519.419059666514
1989,16163.467130885,13267.17723716647,8785.023130836309,5610.413578634207
1990,15639.454644350966,12222.023592986334,8618.90429837812,5137.771136462683
1991,14578.16707230281,11652.18321400022,8017.581627532751,4627.073977249371
1992,13996.931479889492,11225.465317579568,7472.521886782165,4638.266756232768
1993,14663.485736511144,11258.134040815077,7757.21761022319,4675.495088954606
1994,15507.626621887575,12680.77329235094,8452.99925084781,5331.496452558204
1995,16705.005243992084,13287.175348531911,8630.131200098007,5461.057728187029
1996,17131.94196061461,13151.676592807973,8843.53992448876,5753.521424080437
1997,16544.70758730889,13246.426391180297,9062.16395090616,5645.348534468822
1998,15316.075140980152,12453.988761769395,8301.467308656582,5061.589383363601
1999,15022.8376501736,11732.542934962947,7637.664947264513,4802.556958998019
2000,13772.635933808802,11043.564710704386,7414.055729877779,4684.035815511846
2001,14159.44895935803,11670.552781186041,7288.396041747573,4794.575472823366
2002,15576.558057548531,12400.250285645521,8204.618014853491,5184.680024223765
2003,16617.750197453606,12879.672128277765,8685.568077526703,5364.923478387117
2004,16509.508113073,13204.786626012225,9225.955600795998,5724.997022670594
2005,16905.722316996933,13524.546534830934,8993.872353799452,5457.898448476866
2006,15413.421981060124,12649.515240362412,8330.998322048274,5183.480703402473
2007,14031.713623571844,11554.593562029386,7714.167708294469,4871.536843186708
2008,14193.654045256595,11423.006170782928,7172.715845854331,4683.15830823706
2009,14494.347550955254,11694.180702895886,7724.969385973938,4805.01796902653
2010,15014.882712460181,12492.074919074834,8319.139047427921,5200.769267083667
2011,17079.98335870175,12954.4936496008,9015.729732433918,5573.608359178063
2012,17168.18770403462,14025.360650195158,9420.149500475394,5817.248439748376
2013,16490.372237595428,13336.518367721319,8498.881445828616,5494.167737861571
2014,15894.404528804993,12228.481555309732,8151.887567109963,5151.662748472166
2015,14360.821594617673,11299.108316241995,7521.439916245629,4860.689557770294
2016,13821.916599998749,11120.567178661624,7401.279253310159,4564.6820285387585
2017,14091.174716684518,11042.005555919612,7617.909693190827,4632.802457221638
2018,15545.13373084381,12465.075031149769,8157.000638958982,5172.6327971333885
2019,16609.708201253226,12911.278956053737,8955.210335904561,5461.694911825733
2020,16907.91010965782,13622.587795274949,8816.322361826942,5498.24397052289
2021,16192.92739987017,13024.98821482593,8592.15439479163,5539.19516596068
2022,15406.24664247666,12228.042360287187,8027.490346783406,5268.713538576231
2023,14259.818981540055,11250.86675766565,7560.984208004407,4604.768914782047
2024,13427.331318570732,11000.607511135759,7176.67698829877,4692.4359386948645
2025,13824.895971088989,11825.956154331965,7589.522282311261,4507.140666561592
2026,15501.302157607166,12602.122725874604,8147.901525063504,5068.445312633482
2027,15557.866004595124,13222.606698263087,8615.328346859978,5672.010772163816
2028,16930.120946422463,13481.858683601407,9149.601013286945,5583.378847309538
2029,16254.979801712647,13351.203094222396,8742.599751910384,5480.475360991217
2030,15729.105533843223,12539.562404977738,8348.701009723774,5187.304396958713
2031,14103.61039758577,11206.231737592318,7567.266646617056,4585.065320647348
2032,13942.214546510555,10991.522220401104,7335.496682711781,4593.518859857931
2033,14095.748197918041,10952.633766233099,7492.593705145962,4742.2623324323495
2034,15324.466864349397,12506.496730469673,8153.348592955388,5286.389786881372
2035,16612.07975228542,13637.56031177086,8855.479250443359,5322.075095497286
2036,16663.060469138396,13476.471499738454,8896.154664093798,5563.437400477144
2037,16697.115838446338,12540.051044929367,8821.634098468086,5355.622744839604
2038,14985.816880558643,12380.70261098712,8021.946946616624,4991.122273203387
2039,14292.254198790051,11161.29902799045,7692.927742406631,4842.971480629302
2040,13979.394566506946,10835.204278480618,7235.686651646237,4577.808639370616
2041,14359.899444637467,11480.331751455464,7687.584883858274,4671.776271198052
2042,15835.795703990727,12263.102440334991,8143.910461259882,5031.092332839564
2043,16080.323721350178,12936.195833495738,8974.07512334667,5381.903889569674
2044,16313.614065095291,13246.716588023823,8740.87201128923,5539.127408886605
2045,16004.914736306087,13096.603977128176,8452.02589147862,5305.566194018043
2046,15452.684032244222,12101.068541602497,8033.744700249379,5057.437958827213
2047,14313.947075476863,11086.710129606183,7349.5100049887205,4690.32946909699
2048,13719.437730480764,10880.297249574474,7100.162328928896,4494.643467442093
2049,13819.501781490946,11386.418620055167,7633.463550500165,4726.948203380114
2050,15446.030246452778,12126.81517401041,8112.766011645476,5095.2316859512
2051,15889.438727898754,12662.345962026602,8603.810010180314,5369.023539539814
2052,17121.85520265458,13651.998541685889,8855.717322915945,5561.913233441407
2053,17219.27105329587,12316.952776310607,8583.3853557016,5663.873155881066
2054,15324.201970576529,12061.519387668563,8381.247659522665,5285.9527712502
2055,14301.874884214974,11169.321451996644,7428.826574160724,4612.991068859529
2056,13522.090785214,10957.744266128067,7090.980106039271,4468.980253141722
2057,13590.625599592457,11407.639048524754,7640.347644394521,4600.790420003327
2058,14991.204864540043,12412.85828561456,8057.942157710928,5164.972278663936
2059,15891.96447592224,12812.481372065135,9018.439856923344,5372.531006899524
2060,16208.477085700495,13509.880550196223,8808.462920434493,5590.514046670135
2061,16806.758667501315,13048.577160190545,8811.72667582953,5631.996699251168
2062,15256.928547814341,11723.758012348924,8268.025286566068,5056.981232490238
2063,14208.227903033421,11709.714603685223,7442.1966004594515,4766.775212687447
2064,13537.742254462537,10583.963160796666,7157.083501180163,4587.904868884427
2065,14016.610363846401,11346.597138700039,7612.687887836689,4633.257155355999
2066,15427.45862284417,12202.81959345202,8165.06942674139,5152.032765185459
2067,16195.238993848347,13036.046215599517,8399.21113357964,5310.1065510216495
2068,16825.738624682188,13187.474700532228,8679.083058403117,5698.393926463736
2069,16142.192104541627,13179.075531970328,8204.600765067646,5338.439534482068
2070,15031.906910242418,11730.513331290043,8168.378234126247,4996.931485926807
2071,13669.468125379262,11237.37749961574,7462.179511053012,4586.347660910418
2072,13049.681744165133,10747.113090945883,7222.963667843485,4445.319850304221
2073,13955.904475407782,11071.403842964977,7229.173168393208,4636.517001722344
2074,15113.858409481278,12181.003533136638,7874.796475544007,4787.562788299732
2075,15748.517027958198,13210.111061697202,8538.553343293537,5362.9572962849925
2076,16595.029903533807,13193.97970210115,8737.69642329628,5479.255582063256
2077,16181.682447842315,13133.350668935112,8641.279870224258,5473.234866096123
2078,14445.823589896547,12089.454817476806,8145.5840303072,5074.837712227311
2079,13772.52397988529,11023.04558857207,7821.928717397428,4610.247323611968
2080,13662.669446967653,10785.892439597183,7224.990300057394,4475.9980514224435
2081,14101.648391329638,11127.606056155748,7629.593300743918,4642.553969064963
2082,14710.648641681946,11878.627293204385,7897.672197495014,5168.534961825164
2083,16173.952063630712,13008.821400670477,8310.805799382457,5285.900432281611
2084,16902.601673442983,13313.307009867223,8771.835120073038,5441.819918930667
2085,16373.432111443002,12487.954338992295,8324.086666769093,5252.979760044172
2086,15029.395048539029,11648.571919844497,8033.338927138564,4870.585923011021
2087,13862.352749973435,11289.74285594512,7346.613699835317,4693.081217088008
2088,13347.286778905527,10637.614110104761,6927.517156139823,4524.094598939034
2089,14087.926566281465,11233.32000431844,7702.3690340643525,4771.804991818437
2090,15077.972501610458,12203.158146269716,7924.207479161754,5110.730599500551
2091,16283.829171852996,12538.097104318564,8295.835313619307,5617.458302651181
2092,16564.876859985703,12843.91491439986,8969.643557854042,5498.964276929421
2093,16344.73261412361,13295.95138773184,8451.761369702079,5332.533900550192
2094,15047.780139980521,12099.978517181495,8184.980154992777,4876.264747491574
2095,14176.379490968327,11072.245240374676,7334.726176202959,4717.261239983353
2096,13717.389424959956,10584.585972160005,7112.915734864697,4504.844585808368
2097,13697.341619359137,11023.378402135226,7475.922060395888,4700.891162743416
2098,14438.891363997585,11699.138946019304,8084.464164549496,4879.779396988806
2099,16535.07525890514,13058.65789233646,8686.108530750302,5384.2397202812535
2100,16563.28571532116,12978.16058720092,8772.864715095498,5515.442044025958
2101,15489.920558221005,13112.58345676581,8645.069075192718,5361.509098794565
2102,14766.764880733464,11888.480600482733,8108.818157886924,4925.306374527621
2103,14136.253992527147,10904.677380115532,7454.499886565204,4750.827796054204
2104,13372.497357325852,10666.449592544099,7151.652873579996,4666.385602415094
2105,13743.152924103537,10525.284981464909,7191.459908271612,4525.6685280192
2106,15360.545481276931,11924.654599215415,8064.514463000581,5052.401556691584
2107,15663.36134139274,12755.222470171286,8539.709481703609,5025.879174935839
2108,16173.728802579339,13365.768348015285,8693.405192273109,5551.962050566423
2109,16066.098158090197,12315.921181098141,8750.563679516214,5133.356359641671
2110,15058.59134692551,12231.294821419579,7741.449236956646,4928.342742611118
2111,14023.194021256948,11290.593834973708,7649.0221960423505,4506.906576132723
2112,13657.326508632663,10999.00014328986,7150.349334349301,4451.680185364148
2113,13904.388433137732,11067.825141647676,7433.244387597094,4693.906709960307
2114,15049.06770987809,12164.32489696629,7885.574158388337,4783.200585333817
2115,15874.29122955602,12389.985663301244,8226.65876853126,5280.76363122482
2116,16414.07689104187,13301.845730684681,8718.797877404995,5408.40051666952
2117,15991.33384340225,12568.724985188315,8567.384503748915,5487.197238194493
2118,14967.312986390205,11528.78123260941,8055.871166329728,5010.630796191401
2119,14063.36861758725,10830.409209378115,7357.083648397365,4507.7699827149645
2120,13526.6036482519,10703.638425856643,6822.095555518738,4417.322649084088
2121,13825.655606092929,10868.569342124843,7140.014348557871,4747.7809577241
2122,14623.974736175636,11981.058542033104,8253.101795120798,5025.631359498667
2123,15937.140998009882,12272.013356799636,8302.844320325225,5207.771895422983
2124,16341.809778115397,12524.295908070506,8969.410697151381,5421.211626625745
2125,15977.092440611099,13081.958259610365,8329.743679178056,5280.25411956604
2126,15520.498922654082,12106.568984154423,7898.814792043777,4901.527754085039
2127,13668.737752716703,10818.841483059165,7459.288192742531,4446.987191209312
2128,13455.986896569515,10673.993501724,6999.68559646718,4387.486095376198
2129,14071.947777608906,11246.766554984963,7582.0097464782575,4720.109043771295
2130,14854.939714915461,11960.144626839457,7919.112113786573,4904.288123317779
2131,16616.458231505167,12737.029620758152,8544.288806740622,5280.482348541441
2132,16185.163626550844,13332.53934388886,8651.29773593452,5451.4345418329285
2133,15977.121807311558,12513.790835487674,8577.793070326416,5526.151382021778
2134,14589.020452645305,11868.100304605952,8156.81081021799,4942.83731590689
2135,13680.66949509903,11018.091327651317,7328.723433764911,4692.989904551397
2136,13374.822134613536,10588.769330612906,7343.446889277654,4383.114903513939
2137,13974.265516974805,10907.632999757529,7239.245789692191,4556.793750146854
2138,14881.663284636232,11847.074233258589,8007.07762276903,4930.334909543466
2139,16231.620866501513,12675.04575749292,8526.823393395414,5195.925402803926
2140,16235.12738844139,12739.957289425884,8489.8079807373,5399.915996012645
2141,15727.727879316059,12869.44564642779,8480.328737984108,5371.3734741172475
2142,15586.984676733284,11598.824354693164,7887.71773783165,4850.1959394920295
2143,13850.022541970164,10945.355995157148,7203.833115042434,4580.565771538028
2144,13082.884125264549,10556.40007782609,7130.097180191379,4487.347847298552
2145,13515.562097623753,11043.227477038872,7331.185289086517,4493.290460135045
2146,14470.69990126484,11298.947055039074,7854.589799560003,5023.962431673162
2147,16087.462311261223,12858.433207996726,8410.668544791492,5271.560530956774
2148,16105.413408052773,12803.183160103228,8637.033637070961,5390.022054611632
2149,15831.887871288878,12941.574032318122,8360.283093127344,5052.474238615853
2150,14730.033740843619,11686.1762964427,7888.007916987296,4879.520258372235
2151,13906.386726249933,10953.986418289585,7215.660686530105,4602.577287517424
2152,13015.079214308305,10996.822491725545,7436.1440525177995,4567.142447044074
2153,13376.075660939456,10875.452075963321,7085.239722242761,4608.467541650421
2154,14776.306288758351,12059.83526497458,7753.7512236010225,5013.885515779515
2155,15939.801163804674,12610.234119916835,8315.295633447642,5123.2043996420825
2156,16288.964684128945,13052.631196917093,8982.24370774728,5380.101693805189
2157,15495.507156011665,12618.024566763068,8178.4734026549295,5378.346743446328
2158,14909.636931118916,11967.807934238475,7912.333673464231,4816.379923020735
2159,13466.766476214014,10786.171099369321,7326.960945135615,4644.678236871056
2160,13067.020808725618,10355.899360911779,7089.524997920449,4466.140768290547
2161,13377.081682486578,10768.283964308966,7451.534010251623,4569.800823966228
2162,15053.762458622436,11760.968578921475,8015.31925459386,4858.4992084780515
2163,15908.429111616753,12512.029430090603,8302.78938965287,5133.177687122388
2164,16334.428527955708,13094.729280226398,8640.945338844938,5570.73637844988
2165,16101.274716358808,12895.477532377203,8065.992748024877,5302.646428240273
2166,15497.292891329427,11508.482196659954,7840.549100714152,4923.967291416106
2167,13168.399684308715,10747.478258693693,7156.253523473099,4507.302748461545
2168,12975.822743827717,10233.601011809773,6997.984794994441,4393.430475076603
2169,13431.34009280804,11320.915477660226,7008.288813025157,4547.908682387283
2170,14384.671707230662,11778.28237258083,7867.829165205896,4916.905770282798
2171,15330.760944175185,12655.037641246934,8072.954769556258,5299.5204397440275
2172,16000.5820200426,12532.467635559271,8610.55549088561,5281.714312036924
2173,15287.19626160393,12534.460253939804,8151.5164382259645,5069.618722334689
2174,14731.742305031563,11826.18216381507,7672.0088793080495,4886.117002718806
2175,13612.987319706477,10824.14545696544,7420.260707056893,4374.573627913091
2176,13262.348251723548,10734.865166038655,7088.229410788563,4350.313541417853
2177,13701.196847756013,11352.475633985943,7400.11159774476,4475.112707697375
2178,14771.549216401057,11455.254076223633,8027.107154618972,4913.023881522763
2179,15510.875069743446,12246.503652646079,8205.88406329325,5415.749575275117
2180,16736.18014318572,12618.583090919441,8819.413242960445,5143.555543029055
2181,15700.856507662744,12903.683945992729,8090.420475123388,5446.128349119163
2182,14051.846319952585,11919.839718148722,7900.437176822515,4842.49603167751
2183,13291.551918088024,10821.36092866719,7162.473768315808,4552.605173867081
2184,12645.66513610863,10489.053840491932,6857.582098539327,4243.667403444873
2185,13532.806388926092,10645.75227896211,7303.663300156805,4599.277393978908
2186,14522.022441091747,11853.293724558034,7910.724463942705,4856.52023843642
2187,15440.830029353789,12374.740965038063,8465.162042696464,5189.231343736273
2188,16657.263229693555,12743.95301197405,8577.091538075372,5130.919516912627
2189,15757.994041433827,12621.310456838717,8334.928902870957,5203.286970120433
2190,14768.889332562452,11602.201059510207,7845.804296985007,4934.582892525761
2191,13276.202882932177,10771.634676523643,7258.828483264084,4488.062731395341
2192,12806.491228015126,10456.307201288686,7044.855891065345,4458.166655577037
2193,13502.820988193298,10966.017264175374,7225.567775325867,4599.536436077792
2194,14569.817753228499,11998.164504809753,7874.301466023829,4777.803084241174
2195,14969.092831974687,12582.647719925588,8021.507731880471,5347.409488613842
2196,15913.940133114824,12982.511176684813,8495.788242304203,5328.668112370844
2197,15550.642509604972,12387.301959707622,8061.86357166114,5187.244733856406
2198,14457.10043863654,11451.231532364718,7786.629264254553,4849.440417261504
2199,13273.389011419233,10935.49760597123,7432.520726228642,4503.864710804307
2200,12892.988968137559,10462.615049794804,6885.360050881148,4116.0090879393365
2201,13410.190787927964,10459.907701559543,7195.756858043432,4469.287780683346
2202,14508.111219850885,11509.433110564947,7840.489713793114,4695.587969255519
2203,15693.386927456237,12384.09860900683,7927.784404829146,5336.728245716738
2204,16274.35411183417,12613.889325159013,8407.279538557666,5478.439766692658
2205,15414.548884838367,12772.273472391604,8330.065797457677,5256.677080736807
2206,14349.692874277944,11696.632815005554,7276.126703104831,4804.24780963792
2207,13575.591071341278,11061.913253635923,7037.269193929134,4395.493447057766
2208,13158.597076107944,10454.615595143874,7085.8657683686315,4276.270638813067
2209,13306.27684361825,10755.75202400234,7302.454542380171,4648.118791837302
2210,14672.532124602432,11338.905574572887,7761.245142088844,4748.078447603423
2211,15768.555980659556,12375.399372397153,8393.83086684776,4912.315761900651
2212,16299.082414218436,12714.214624502372,8510.38628937408,5405.326090488945
2213,16015.613825384107,12034.156528951604,8339.91953851153,5309.893891477732
2214,14193.906332489963,11430.671391461856,7654.940153226812,4974.506987201971
2215,13426.571979451617,10668.84279409259,7175.430194539099,4567.197503936244
2216,12969.001926965675,10458.641225974652,6827.781391999527,4425.885773110499
2217,13361.781132702888,10809.258304414798,7320.72146070353,4467.405021364572
2218,14219.67723572135,11391.403527881192,7917.4225291726325,4602.833030734082
2219,14967.154229372896,12456.09161006729,8453.962555570008,5144.688483365986
2220,15876.80252228351,12631.774601103172,8382.975158363915,5348.144833158978
2221,15188.419040497893,11632.127590948063,8069.981733359576,5127.910607553622
2222,14431.530377480001,11413.674396624125,7879.83654109932,4784.882472245291
2223,13175.427636527684,10941.56182730485,7217.961832236874,4376.629449442965
2224,12648.105528373764,9998.026174178263,6942.678100667533,4224.477499325451
2225,13415.978855483065,10706.801169400593,7031.56390208776,4614.7720254948845
2226,14412.854260982553,11860.054878510822,7728.966582399869,4969.382890356772
2227,15563.80823775987,12121.206120382858,8027.522443827841,5128.247391136151
2228,16497.4430908815,12645.686771703391,8536.999633141857,5298.475578946864
2229,15470.88180140216,11987.437122595966,8431.922941789211,5027.91192654992
2230,14508.888445321,11869.704255705461,7913.720820929012,4851.383440833565
2231,13065.622974606598,10664.919799745685,7222.735686785055,4607.783801895544
2232,12567.156130386797,10328.948383884326,6689.396423861341,4168.213598871874
2233,13740.574999611596,10943.75976916107,7131.4705490644965,4480.837135715919
2234,14067.682595661727,11617.606051725537,7971.056791857987,4828.968587670392
2235,15025.44543353841,12061.683416887874,8042.270907329464,5169.260337509545
2236,15753.307385278313,12449.232649924734,8398.38670391436,5427.879024043339
2237,15318.168023706161,12398.201948195969,8415.831600177777,5323.579397865136
2238,14073.694540948934,11322.794521933976,7738.2913673022795,4755.156181762355
2239,13237.704288799789,10203.963086388898,7455.788749362975,4499.420645579201
2240,13182.300175047832,10281.806691410895,6761.267682386254,4295.8777296379785
2241,13070.516925516718,10313.105163137827,6944.902693307909,4372.238408542074
2242,13897.04400262715,11806.09645607244,7810.9328455798695,4790.979227696664
2243,15594.907743033627,12288.379031124572,7968.140514512244,5170.63949949038
2244,15879.888043970124,12352.30514463518,8353.694029220882,5264.42813529386
2245,15116.396747296774,12073.987199321518,8152.670996805762,5012.200289507762
2246,13843.151496527174,11004.24891798983,7782.244852255895,4720.9908168161555
2247,13086.822589183359,10394.035500885057,7172.197804080258,4387.8441577809235
2248,12818.907439819319,10475.037020876462,6906.804067950384,4205.575679046144
2249,13559.495921387808,11073.622798698783,7010.096248806982,4444.556977895159
2250,13963.22197281085,11572.785772938978,7789.504881267936,4792.688902895316
2251,15241.27507806409,12191.182478021714,8798.044946908052,5188.72334632943
2252,15896.503024563555,12439.368656882543,8480.834798337382,5138.56092712158
2253,14539.982418583879,11980.019606312142,8158.675517077895,5030.251407690168
2254,14553.642558412832,11876.982390926367,7407.312395685658,4900.719258069627
2255,12937.216210029806,10560.446975148128,6976.87431559281,4402.328667316336
2256,12885.126809998397,10673.393614693245,6797.559823812228,4269.2828972414145
2257,13281.905444239748,10868.042605572378,6973.539040461087,4390.137614795659
2258,14530.88012543298,10981.76575816853,7582.826132012589,4848.220006345331
2259,15395.835921071295,12020.178250576788,8410.432050189951,5194.977671074421
2260,14900.773896673521,12348.216425342873,8551.913767927019,5330.9745490803025
2261,14989.032798309752,12162.982243282391,8095.82487900803,5078.7124473761305
2262,14261.684392549789,11364.172848991584,7401.962747873293,4658.070036985608
2263,13165.1588987748,11206.9651956058,7237.445552471101,4575.199310286165
2264,12889.487878771224,9993.967134202874,6802.6686172854725,4328.729567034792
2265,13391.157131235972,10594.722077682987,6788.171744486269,4354.209744930175
2266,14358.775786147042,11488.849167518823,7673.7476439381,4863.371364241942
2267,15124.162436440412,12151.022739125327,8267.116974624698,5008.848652379965
2268,15028.52565247367,12511.316274106746,7918.743583788526,5348.344078448505
2269,15050.88754985453,11897.486864520595,7967.3432239838885,5212.77894537578
2270,14304.277276869792,11373.085340717107,7549.229746895145,4641.566119351789
2271,12895.524210597914,10654.29442022947,7134.23672356103,4445.473001830801
2272,12895.928829095943,10254.865732429398,6722.015603803487,4311.455851444715
2273,13388.489861899445,10639.638429171775,6896.3964699792705,4612.42984884665
2274,14186.06083114376,11639.943641577465,7656.5057388803525,4646.694510004292
2275,14222.35460055229,12347.710972415818,8004.701769456231,5194.935214994322
2276,15167.299462089415,12469.893636541068,8391.422011747412,5190.19088715902
2277,15722.266918436215,11836.531621216616,7900.756766046216,4924.857650411056
2278,13995.485165879598,11184.282960473414,7342.636045548793,4705.400110760128
2279,12627.776483019767,10473.462947493092,7119.050383550646,4383.412695917232
2280,13016.806139481609,10213.672455341783,6809.138557659255,4144.652825811279
2281,13119.885075996859,10392.721308237786,7124.462486528929,4399.424433704278
2282,14426.333801737068,11080.220171808885,7447.507750102681,4794.933451909671
2283,15196.172770048988,11802.664051006377,7931.8091961848795,5061.486062479982
2284,15668.25460156965,12010.515869264964,8505.808423922934,5119.20403724985
2285,15222.181490565381,12033.158837639607,7814.479511506,5022.528883081884
2286,14311.314763304837,10959.641852927216,7716.103875079115,4704.379780144164
2287,13713.81446897843,10283.132802499846,7180.152750165748,4391.130334316284
2288,12917.127661305609,10056.984915138657,6874.143466749402,4317.436232617761
2289,12669.89228744482,10187.079831140756,6881.834455013629,4384.858359757619
2290,14204.719587370137,11348.703461807101,7386.151009099081,4561.326401375415
2291,15418.625736190486,12238.120561835627,8005.947463721686,4968.315720809665
2292,15859.364797367785,12253.332952813747,8045.718641548453,5179.4222814189325
2293,14945.864154861687,11954.177545732942,7885.088197045519,5137.797665644684
2294,14406.972963456581,11384.222416126611,7605.596116284733,4814.798457424879
2295,13326.177869785508,10317.269713980635,7068.443285674618,4515.932008145532
2296,13289.674527739247,9953.207178928826,6599.495962426827,4224.130665597112
2297,12854.94515709316,10690.4073644474,7054.497908284275,4416.646893054743
2298,13901.233105934569,11433.676362122076,7558.054223529576,4545.075791281446
2299,14944.73129599643,12174.159932220331,8261.796899168134,5055.357688369233
2300,15296.6639057937,12587.2908954685,8332.78184902301,5038.63596390761
2301,14769.131124261648,11553.722942295966,8189.41095192544,5005.99482963553
2302,13267.782794677541,11539.20621884975,7561.465811265276,4964.918348730197
2303,12937.24350096243,10522.43196261461,7096.790155489822,4376.646048798138
2304,12701.086416689537,10290.261659053984,6551.142026914468,4130.043731151645
2305,12889.840881495817,10495.24969330349,6926.165683285685,4374.810909374633
2306,14551.08136079008,11218.03226313781,7465.552359263086,4621.320113067405
2307,15003.419382692462,11933.453840113805,7960.685176186469,4903.731653978866
2308,15807.603830720722,12418.294256298333,8291.47698506539,5352.630555819414
2309,15077.8298198835,11924.70889879198,8101.180356056882,5106.479249579757
2310,14240.372770720402,11401.593086100303,7529.991472452927,4701.881343626828
2311,13090.963448480115,10084.160490730254,6918.500612547957,4305.41384464132
2312,12921.08725419525,9952.450591526815,6608.920803702332,4166.204756989339
2313,13000.612740686422,10813.735208972816,7077.891781750032,4462.233354285062
2314,14112.86783821034,11039.38427429203,7505.042525679251,4686.631172362603
2315,15071.95972796983,11912.72838425252,7817.343439251976,4679.938828491709
2316,15283.002580249618,12080.23741282989,8166.445368231045,5371.968800359282
2317,15083.52542958915,12050.269212244742,7701.684851748783,5005.705536585785
2318,14598.685589416658,11014.748429348645,7458.184249289412,4690.058717021269
2319,12915.856130111008,10350.301515598185,6898.432270038456,4422.774094301642
2320,12651.153305698472,10207.118339481867,6614.270867075952,4220.8933207238715
2321,13280.062153926252,10218.522916353655,7127.859336109939,4382.5679689116
2322,14257.791239165796,11327.80333624953,7262.697523802831,4607.252642612212
2323,14929.087749865956,12136.828334521859,8072.777011232692,4852.827279552315
2324,14602.94828080136,12525.929301081107,8535.73047400449,5139.94044553179
2325,15079.832152017456,11974.034725569503,8131.822638668227,5117.648045029268
2326,13321.106518101333,11874.837663547209,7429.91902078482,4586.4283884234555
2327,13335.028935622431,10581.923674526293,6752.1989854453195,4255.190901025552
2328,12557.718087342844,10077.29325780626,6492.9949299905875,4273.642053529941
2329,13180.959336045094,10156.965983217782,6835.320245554566,4268.138629619732
2330,13654.993308688561,11103.114036334548,7314.57030700333,4597.234139496
2331,14426.86976927587,12251.134303374807,7826.619617363274,4926.021604649428
2332,15376.247508529372,12655.577697442843,8104.877939895841,5092.198483605735
2333,14879.174512787704,12263.522607906798,7924.657897192839,4806.8591386521175
2334,13769.180191126841,11299.409847630071,7488.443975237547,4585.295454062988
2335,12944.472614544526,10078.451253360314,6721.429891668403,4327.376929487039
2336,13176.013257923769,10085.303592582712,6567.802267775258,4180.242591642401
2337,13106.455096301142,10056.981760479724,6853.400128332995,4396.617794309428
2338,14163.383135207472,10767.612628689289,7369.583841385825,4794.178157738784
2339,15103.820909032362,11939.331244325756,8212.614082568507,5100.806979977504
2340,15710.941388941443,12335.280785642744,8176.162937603764,5179.522642830884
2341,14796.655863783577,12097.182686702914,7666.017161180178,4936.3118519301615
2342,13302.124480226998,11208.10675654648,7460.388202102208,4566.446356977888
2343,12842.670450866775,10422.679555450977,6950.388826088353,4298.634118112331
2344,12657.176595901317,9767.757774417494,6626.028977215522,4200.280340413089
2345,12610.86590491364,10266.643063623857,6692.379444540732,4357.237292977038
2346,13790.045547602182,10737.379254128837,7640.239500200729,4670.438513388005
2347,14612.409984223375,11378.975793487998,7733.5234636363775,4927.168207988658
2348,15680.045765393446,12358.590314417073,8226.091160510621,5154.103218647834
2349,15039.51507731511,11675.38211043946,7934.239680866089,5063.690728635044
2350,14019.191203933515,11264.277844811544,7469.413481142225,4694.155980060675
2351,13020.184115019718,10516.302574662965,7092.969986126718,4284.02350645015
2352,12416.01501083585,9817.094346017262,6701.249047259144,4072.6852406810567
2353,12880.32735677149,10384.884304905385,6766.019563475812,4203.196765562283
2354,13478.607605603756,10898.640545168355,7525.995106223466,4539.2538414519995
2355,14135.675771700935,11389.08830833255,7784.26650247757,4952.6936824539425
2356,15232.027101819032,12179.116604768304,8125.930890438419,5114.774177883397
2357,14877.86392062172,11714.29522615103,7679.887813694429,4787.961454118468
2358,14139.75607524442,10947.473015391848,7210.960387324983,4555.565233264223
2359,13232.82917994049,10669.195608972579,6849.504692721075,4297.35371067661
2360,12785.118623074904,9614.080850639351,6659.809784030139,4057.613827304103
2361,12543.816075094099,10317.844547523619,6593.870950481825,4303.456472817735
2362,13676.17261419484,10799.34020254488,7418.7700642487,4562.841177045243
2363,14888.792931365304,12012.005438406733,7736.23337671095,4844.584874318002
2364,15917.723865833465,12192.766193627513,8287.08743779617,5055.5505748435435
2365,15183.666031957639,11887.205368116549,7809.766781501958,4954.274026586168
2366,14081.562834905139,10810.340615463349,7180.635373799305,4513.156563827483
2367,12700.027807021064,10082.653069423244,6836.640513968447,4245.730236841083
2368,12148.38411892895,10076.939811032033,6474.780406240151,4160.835246555038
2369,12970.770029800675,10577.224665664542,6983.1278764190165,4191.5556735779155
2370,13438.442100432532,11098.337300297357,7328.570597550468,4428.447313063802
2371,14642.394070018214,11558.789763632187,7822.892380821163,4753.471901457672
2372,15080.319163501417,12173.982242589476,8156.756383864547,4996.213220247354
2373,15181.270334611463,12341.472405209317,7688.985253882709,4774.8694057512075
2374,13643.446784785594,11015.257472850471,7139.5418172900745,4548.4545852574265
2375,12146.344174190579,10514.102089063146,6865.910038672773,4398.165664204047
2376,12462.58904020699,9724.340669852996,6435.602116721436,3999.3083848389506
2377,12561.533115354996,10183.132489851978,6644.99423616808,4222.54438648612
2378,13720.700982065731,11103.107951238748,7433.831665772963,4764.54939619939
2379,14652.932258888992,11836.022980312799,7910.681511126851,4932.733259252265
2380,14997.364984556469,11879.017707815003,7840.93910006624,4989.669642862783
2381,14910.404442147663,11552.59021329153,7731.53472221687,4877.4434276536695
2382,13288.731124803408,11183.984367917958,7179.321096069768,4608.911705408176
2383,12607.907344309151,10434.589899510429,7035.857152266024,4390.5697577003
2384,12478.141371057194,10145.613271717382,6684.154574430914,4059.6805069712473
2385,12554.234557295822,10535.128346908365,6721.7906441477935,4172.583133323266
2386,13237.394648148356,10971.446627094645,7378.720557763702,4433.436839085527
2387,14840.44216965823,11642.783483366698,7598.618916512577,4891.607784183982
2388,15383.175874817069,12361.400743326547,7916.17555163935,4874.084554216401
2389,14631.448532203662,11882.783976367713,7826.848513093867,4836.262939803671
2390,13141.09452841721,10726.986301428278,7360.63506755283,4476.304377554916
2391,12889.801368658176,9958.065500686353,6765.634293836888,4327.796183986094
2392,11873.985997900774,9922.036932759944,6582.7370019052405,4052.2772397141666
2393,12759.723652833301,10109.153326472435,6774.011633830064,4260.6920537416045
2394,13404.133091970569,10911.3059293408,7254.240630236676,4402.848657630088
2395,14272.353305155582,11939.768087750233,7746.531656049308,4883.239315831497
2396,14878.310391034755,12191.08662264304,7937.603930756169,4883.256042361484
2397,14557.72395862074,11999.929163161622,7828.835382918428,4828.967589622598
2398,13470.524085960213,10495.342130286483,7337.849861345758,4749.947519846868
2399,12830.715164419795,10196.537850342958,6790.246901881934,4305.943025428702
2400,12144.725567463154,9939.442899650092,6381.438385311095,4074.192401412815
2401,12900.884637014313,9813.222165436473,6613.36275206651,4487.451567982149
2402,13692.176531432106,10749.818865448138,7319.589349017969,4455.465474389117
2403,14374.993579802243,11466.656338127925,8003.984455313209,4972.705984593596
2404,14717.784027439408,11986.936127432607,8012.173686684603,4839.356026112983
2405,14098.022144281096,12042.406457608451,7711.119723521363,4835.752891677879
2406,13694.779839325765,11333.10832512697,7294.240155457665,4416.196689168566
2407,12563.10986402748,9957.423716430298,6594.752134611467,4239.315360635246
2408,11646.67021551466,9884.413626810097,6691.646855459554,4080.1473307785527
2409,12489.394694321905,10212.601355044686,6758.278824378902,4182.325260937819
2410,13340.46760953553,10952.483030731168,7148.473783610425,4627.333918833491
2411,15004.301522632419,11729.582968968021,7731.93837687823,4793.642964890522
2412,14434.891963646576,12027.674760913556,7886.023160605494,5013.833418506279
2413,14126.593156831848,12029.482473459768,7961.331686095255,4928.207541940864
2414,13886.868716429904,11107.864059027252,7216.178073322226,4394.094683293112
2415,12967.232492020217,9885.581933390222,6754.073513634619,4145.22984294515
2416,12018.065764427165,9915.194072385972,6581.240861909305,4070.9937028367626
2417,12437.62098191732,10257.351341691365,6618.794792025676,4251.875393040314
2418,13722.442956346813,10912.613520766292,7257.542928880214,4646.895055571135
2419,13838.381527704785,11873.851273661938,7783.2263057740065,4817.073896154348
2420,14355.872583633125,11973.60136156825,7705.31192190703,4938.845710343196
2421,14432.396131683436,11657.662483038423,7779.860774521351,4753.530529251783
2422,13975.563910622186,10870.596896623447,7222.917575712841,4548.279356665151
2423,12487.09032340782,9670.716764994158,6735.79219452565,4174.003997200512
2424,12197.88307049844,9722.987270249223,6497.0576034375745,4035.530263947007
2425,12854.495430258457,9921.18529181761,6738.466845779033,4181.956727435633
2426,14095.848364551875,10563.95416393222,7406.759233471549,4558.374498826818
2427,14315.2415044314,11918.145574174625,7541.697849913959,4773.013687892752
2428,14873.477916061618,12022.81994107874,7880.892707968193,4882.905706154391
2429,15010.075497643187,11578.9465300264,7826.883927653124,4869.1236725171275
2430,13114.115947665763,10698.486994976784,7283.1985508354455,4235.79508547444
2431,12827.7958082117,10115.141338559286,6765.313319707559,4139.238145143908
2432,11899.777623516342,9910.42683499569,6835.271532307903,3955.8225383957797
2433,12568.189605092202,9868.03225529862,6771.48807937984,4281.440464854911
2434,13431.36441712468,10796.442358866729,7361.140482160134,4459.277394263602
2435,14174.33928277879,11761.696566511639,7659.987626467707,4763.05581232537
2436,14554.628656143279,11417.346797637536,7760.91500379376,4944.034806914843
2437,14531.118708284175,11547.671273529331,7658.870778462005,4759.716970395643
2438,13765.589330693656,10704.779701351965,7300.821753641094,4462.722206291314
2439,12509.940157480729,10007.130612405084,6743.753111730819,4188.948186642423
2440,12138.431286115154,9599.859758867542,6516.903222425582,4006.373047222187
2441,12658.8853077659,10040.287989346092,6646.536395650543,4136.156367560444
2442,13206.539546889542,11189.134442432065,7129.370886816243,4398.719502775734
2443,14633.945952208709,11461.749138723702,7663.326182461735,4695.948105404862
2444,15057.858577385121,11921.216227345933,8015.8662030909245,4944.350876122436
2445,15171.527182953683,11996.735041461066,7820.312349287086,4836.345646474552
2446,13366.950449454504,10656.083819431908,7038.513786086692,4361.188044528684
2447,12401.243830671443,10376.125049284587,6776.9270725495235,4235.379070323866
2448,12282.135361962188,9677.914614840243,6367.2968864987215,4093.648510986158
2449,12694.365683187198,10347.893174584495,6723.675620938534,4244.410017915718
2450,13296.28455800959,10913.418448763225,7140.542078832542,4506.909376219843
2451,14274.442978560686,11583.092608268866,7915.267161045318,4857.945116761532
2452,14944.131925421088,11811.778491324256,7818.939508709664,5143.401013649761
2453,14152.290403146719,11368.69757056667,7702.3377255604055,4767.8987499976565
2454,13329.76474090984,10768.392148679997,7255.02448138128,4386.3443040460415
2455,12512.137274152876,10171.131179685879,6544.7716024382835,4035.518906281745
2456,12311.636554921346,9654.42222176154,6428.588670777271,4165.018257775395
2457,12313.319611796529,9908.085135959262,6612.042617148028,4301.652958057568
2458,12918.219571246274,10676.131823253827,7079.7904314674715,4388.138054583465
2459,13810.360416174459,11716.716263100629,7591.756563262831,4717.313545547356
2460,14382.061003273735,12092.154703972992,8043.630255079967,4886.02645317056
2461,13983.675570365087,11335.378045287109,7567.42696787799,4904.155503396069
2462,13370.962736448158,10586.471222848422,7234.333374251278,4355.706562559126
2463,12167.669508508634,10046.88097817083,6689.310308696507,3991.2647011360646
2464,11877.386626585168,9931.791032104566,6245.399532722192,4189.644122310845
2465,12246.175277877608,10179.073739295198,6702.882576741817,4172.153041708973
2466,13267.300990465741,10440.080340012657,6936.972289175274,4502.2918162510105
2467,14710.780268102004,11404.809790422796,7739.593578327892,4757.6383471023
2468,14918.67665026568,11559.76813088819,7773.01033771013,4953.637216899218
2469,14336.328658793693,11404.021764025667,7644.855337815594,4632.5607883252715
2470,13261.80811637252,11051.787825919635,6953.995907800965,4386.702897213069
2471,12330.971029334089,9667.872829883667,6650.236868821875,4154.969706578442
2472,12101.453548386255,9306.708054113225,6530.95140629297,3825.534536303791
2473,12558.943641258498,9766.556271796777,6513.896185831605,4112.932905256484
2474,13116.007415826081,10748.205000925336,7038.01532133611,4420.400580411293
2475,14313.519525066555,11584.526354484682,7697.671163063808,4738.831901351926
2476,14097.278674442874,11858.324334829209,7912.159251450791,4844.129776299295
2477,14363.646978832308,11711.52185231367,7256.937797453212,4672.732421992365
2478,13562.118847736458,10309.961666924059,7411.707434807417,4290.567805910312
2479,12344.372308592347,10167.156174775437,6690.738936434017,4149.9482519739495
2480,12434.95650037941,9539.302907525993,6488.678572305306,3975.6671736829953
2481,12171.155611414173,10056.620193625005,6588.773367813637,4016.2454979962913
2482,13390.22987719745,10383.492552066567,6846.682518215984,4449.641566016842
2483,14264.754994612285,11421.118466298438,7716.061795168708,4730.25825582218
2484,14636.057263411318,11787.820789766321,7733.173599610549,4843.417604525332
2485,14242.344007591499,11683.959579684719,7696.146805733123,4553.063397663333
2486,13360.809497336297,10327.640193333411,7079.417739802271,4504.769008468118
2487,12599.634005983191,9917.710550950793,6639.200995774141,4027.993280799249
2488,12305.840915375486,9372.73390407164,6288.1199312057715,3997.0013251547616
2489,12365.031513330729,9992.48251350575,6708.992840765753,4055.2312445181587
2490,13523.479698437994,10810.672215419061,6928.126044205182,4401.015950917302
2491,14047.444005131088,11691.350501394081,7939.8838787989225,4858.58498368993
2492,14861.377692856538,11584.418782860828,8155.889803354597,4930.925701527625
2493,14030.283118652913,11609.298233704822,7846.744586511928,4856.47137591291
2494,13596.756958948894,10934.94109414141,7277.8361873621525,4464.80837578166
2495,12912.30551249353,9567.354979360647,6583.828385033617,4154.519664172262
2496,11923.93987826585,9679.611418725934,6523.735010125946,3842.4406656469714
2497,11800.911493933996,10062.980548699426,6569.804766635195,4087.9152413824336
2498,13135.668741518632,10570.021137298072,6863.252002539097,4407.169727801543
2499,14570.731431965969,11100.818982117797,7812.212624511438,4856.1321189331975
2500,14770.977814611175,11907.916464975162,7967.575518149905,4820.487264892345
2501,14291.169762480979,11103.382005953912,7579.447349592531,4765.234966526844
2502,13549.178165803907,10587.100815370724,6909.765886744257,4447.072472761024
2503,12461.708075635584,9865.776049029842,6505.2934134666475,4209.295933336365
2504,12221.429986355224,9681.279599994356,6131.36168675568,3966.315392762281
2505,12545.664101289818,9731.79429424945,6694.392312044158,4174.362132870974
2506,13659.959679899739,10460.005667336945,6843.426800424572,4268.166547337861
2507,14295.74200967643,11377.574149400563,7613.500099364955,4578.567856145325
2508,14846.174782465581,11900.53518173342,7645.922419276735,4638.746685007815
2509,14106.701238432302,11874.595163994822,7354.068485702153,4805.670477785929
2510,13097.04547075377,10285.46567006972,7103.843223893081,4478.3734563642565
2511,12739.652017657214,9917.46307429112,6526.342210060977,4180.032270974393
2512,11960.554928581607,9320.213478289,6457.9732876733915,3915.9080671870993
2513,12494.570050968283,10037.746041646336,6391.935188793046,4052.6763700948736
2514,13265.03509579877,10387.12479545692,6950.329450024903,4400.0843603684625
2515,14001.757361035578,11181.427361288166,7195.408999146298,4859.012372044006
2516,14558.713842188072,11507.179018526273,7423.803050882877,5016.202492519077
2517,14574.853753940333,11317.088170709743,7827.992502247757,4797.628226966004
2518,13379.229755581602,10654.256558879586,7351.30840515703,4439.963597189014
2519,11875.716949706179,9932.465329615521,6570.361688552169,4208.345917857008
2520,11836.554342452573,9509.086752191235,6235.659001100126,3942.3006604361167
2521,12712.139181217051,9558.49815019051,6507.377854531425,4059.5424273672625
2522,13152.109460832224,10720.67929025623,7167.659840412386,4391.501518123882
2523,13633.308646445266,11302.077896749002,7465.109912450405,4621.915315803794
2524,15079.546496725095,11893.62776232434,7785.86730006855,4826.1972083375495
2525,14335.5925800049,11153.913447440147,7540.78332897825,4608.838742851781
2526,13190.093135574678,10228.250243142653,6964.439629862542,4493.122229143231
2527,12183.42021755487,9812.997752810259,6477.559567938763,4136.0237369867
2528,12123.760877131184,9739.565088344254,6366.130223637696,4068.72232103657
2529,12120.250910591467,9834.00866277726,6407.292024540478,3951.26526469336
2530,13488.224988050388,10506.212413621892,7095.757303912789,4562.3045281764125
2531,14270.86188686445,11097.618349136048,7458.462534343285,4557.924396869834
2532,14574.939280492918,12011.082958622805,7755.151330201227,4718.785944655208
2533,14158.857010209626,11061.645011065135,7737.887693888645,4647.492600376416
2534,13139.279579342192,10395.302047981848,7008.568781457105,4510.092351754338
2535,12509.31615708019,9914.210801838455,6655.188620986728,4102.783160115289
2536,11641.48458782779,9125.410460811127,6091.692654342582,3929.5799768520023
2537,11835.25057268143,10035.085193073934,6462.383808305024,4012.71020574963
2538,13324.544302783976,10661.689467357992,7024.041906132256,4266.85549745204
2539,14271.466789300644,11477.60489104391,7805.6905983792085,4804.264566020207
2540,14618.137211842884,11712.550887706117,7419.468117449451,4903.446457063061
2541,14208.465862315294,11238.498508418073,7502.090879168267,4824.918464744309
2542,13078.405274462611,10306.327466502802,7224.67794939014,4422.418017610922
2543,12424.690013770763,9758.21716321108,6421.328857036773,3861.891193946725
2544,11815.856762908208,9276.766010847958,6280.68768996125,3844.0827474031303
2545,12092.547137671863,9864.199109244622,6556.019061910046,4108.350229268399
2546,13058.733630488832,10682.188909213417,7034.237064093291,4347.8454066756185
2547,14638.494686036063,11588.369446669809,7738.930921338983,4637.544721540102
2548,13953.19963720248,11649.799758304083,7778.360055355676,4711.9451670585595
2549,14210.530360473005,11464.051654308343,7703.21252105871,4778.846905558106
2550,12699.409222423546,10450.087390206327,6957.913490385054,4420.198964178186
2551,12185.081168295306,9675.76420789606,6416.350018810306,4111.307037355395
2552,11704.851933854005,9535.28492911989,6268.771998229208,3885.8762965600467
2553,11683.109878050853,9677.81498367101,6351.401741522349,4078.1622272446175
2554,13221.244658894911,10551.838033020267,7064.550982176237,4256.053474625578
2555,13940.066290489405,10998.96410099221,7433.826989973371,4670.1198248697365
2556,13825.207958774721,11341.30205428581,7593.168848870005,4567.156378125597
2557,14282.698367514175,11380.2741434903,7566.359648489458,4535.43053526155
2558,13495.689404476067,10681.456309394252,6836.840368062274,4344.866136254752
2559,12554.8395196875,9560.935869885476,6602.332811280921,4256.875867301028
2560,11873.00089031574,9557.183728070208,6226.983621413066,3787.938040880635
2561,12183.22015112601,9633.854796724469,6642.2284633377585,3956.4234328366774
2562,13446.118566292022,10482.010703606069,6930.8301842864485,4384.992256266046
2563,14496.258939009565,11537.445270854501,7574.194245031268,4840.224124786383
2564,14734.657935061372,11712.555394417046,7711.867364000762,4822.088881496131
2565,13760.28202904839,11398.08286365524,7590.947528415597,4740.437818234827
2566,13150.934682287858,10878.578865752024,7001.062253753224,4336.583220697827
2567,12279.003629028846,9600.524203867488,6275.77068097032,4015.900650655299
2568,11344.013858408658,9230.33814747359,6403.982697119117,3929.7812662662627
2569,12267.119918287737,9582.01376089108,6470.253064301164,3997.67748925808
2570,13672.28863696996,10408.967173750121,7084.947942558783,4422.403916265355
2571,14181.727760510998,10674.496745067263,7571.102494226198,4517.558862359147
2572,14809.469858441542,11460.698586840575,7553.635565518696,4880.537245269002
2573,14053.738784375664,11080.00502785994,7331.37320819822,4671.174361542241
2574,13058.624462551252,10626.21743820413,7066.232987118613,4340.537897802848
2575,12245.708875650462,9790.956867696888,6442.308714174066,3917.8972452309386
2576,11560.383056880108,9288.758245686577,6385.193652230657,3840.614990958232
2577,11900.694678261683,9822.21906526775,6448.718499186907,4141.832705970409
2578,13388.636542577957,10597.4532664704,7106.7746564956615,4334.484262905304
2579,14365.006959886416,11013.088368133216,7519.803710947227,4686.370856090921
2580,14079.003696843452,11377.67196323707,7704.773917456858,4703.685381599543
2581,14251.942274159603,10687.197959447212,7400.897235206099,4657.713633481373
2582,13035.219866033882,10218.475980226745,6996.603031019901,4233.193632732903
2583,12217.063901118094,9563.52300944627,6626.181763337494,4052.945242023919
2584,11842.806129673767,9401.760961394863,6251.770964836806,3940.5942004618723
2585,12357.652929601016,9510.072074698406,6530.885194591643,4064.794670352266
2586,13060.231474397346,10323.81300572416,6960.400132835102,4267.676687012416
2587,14354.368419629656,10894.804385267656,7464.226323020233,4621.709453749284
2588,14431.282100503537,11513.28877993168,7913.0070200957925,4832.207096854263
2589,14134.91348377108,11263.59858862011,7624.624840047478,4633.865757943673
2590,12821.368217421274,10514.869510944676,6964.995824601672,4321.246411491774
2591,12639.80420204782,9695.747005453493,6489.950775295996,4192.654236283907
2592,11828.083223739804,9085.448144948554,6161.858806745895,3831.7006490309627
2593,12271.85715449168,9559.44086422359,6430.647832951072,4120.256020197048
2594,12601.20183900163,10331.128085817603,6986.954429345331,4239.764776803004
2595,13711.244043280709,11062.543892122116,7561.485496871442,4707.728254013481
2596,14676.548450931503,11474.757895960482,7752.84062734656,4841.604195373971
2597,14020.612450573804,11470.465874645131,7270.052463160638,4599.442485909619
2598,12521.62534911737,10585.153559085265,7079.6684307146925,4234.3140790622465
2599,12350.57352585107,9488.284441923492,6441.514361560967,3874.167786293956
2600,11574.420431703724,9488.362433632652,6117.703842199461,3852.5755481757797
2601,12423.544654175956,9789.78317849352,6616.233214121816,4069.886880819996
2602,12979.030460793278,10233.810654146506,7137.268437248205,4240.549125957682
2603,13978.237567887385,11326.070001674436,7463.8271216588655,4649.411678137736
2604,14639.287664722238,11404.947045682877,7735.894545266502,4626.579476901296
2605,13671.357801665477,10822.940849733503,7538.623502040003,4618.707285961282
2606,12743.69370124104,10496.192613115607,7127.906140949914,4234.532228685525
2607,12035.016064235058,9707.942985146392,6537.833421321647,4021.2186396738016
2608,11879.25102944736,9306.17036823872,6066.997393070341,3856.271296624102
2609,11745.055199561551,9645.752186220634,6693.99710751162,3926.321328177644
2610,12551.194307859592,10238.0994226578,7072.586177945989,4271.086855396666
2611,14131.530124181245,11257.713064020685,7339.10477807204,4547.584131465584
2612,14110.553409644986,11416.308658344302,7460.628918390966,4635.822446747991
2613,13793.436208622123,11159.020553872497,7489.524228865992,4734.517323070518
2614,12502.171642372052,10461.685434882298,6886.453875589163,4296.942927430379
2615,11902.374190271588,9430.07896290594,6477.794437288747,3844.9258230977953
2616,11668.938186635549,9169.572994025788,6316.920603548588,3841.740659256563
2617,12274.742897418815,9214.314434524103,6354.130134548061,4090.3223987487536
2618,12767.431680950884,10491.131822796357,6761.593581529981,4256.663951015795
2619,14344.619603994895,10838.216589244725,7462.145943304887,4766.76389625639
2620,14068.9015852618,11441.611513190368,7526.414628371055,4673.267502563046
2621,13694.700375505907,11189.924373740132,7426.642984447791,4674.725609884228
2622,13366.161571424846,10498.935235595602,6730.16484884632,4412.100204511029
2623,12101.47636440535,9408.26551075449,6394.524629649338,4053.004553694828
2624,11527.337336329747,9312.66809139532,6305.437640158852,3778.534294762865
2625,11998.014071660713,9949.923280273775,6496.644258907775,3936.1656094837767
2626,13301.616477645075,10716.148925165488,6798.36634658999,4418.071545547223
2627,14273.557889639926,11312.59689580746,7222.8900229941955,4547.924578403169
2628,14013.528686075839,11473.93103759422,7600.397339165641,4841.416080109461
2629,13855.154916644391,10870.535022084632,7478.677024791506,4582.529646208503
2630,12974.492255476394,10509.823169467054,6963.247561709946,4329.258357185017
2631,11797.960708906792,9597.855108823549,6353.106774275819,3900.5699457047017
2632,11628.92756856161,9417.924290461106,6245.993580805621,3833.421811637842
2633,12022.043027466947,9494.894482104793,6603.708011585974,3936.775437910852
2634,13230.418995380634,10312.558027350344,6927.205100953023,4331.267147330319
2635,14184.569749862305,11116.46362656157,7145.453210415968,4625.308762484278
2636,14135.294243141745,11439.252999085988,7619.63050590677,4786.880417593035
2637,13790.844859127046,11189.498107002768,7688.688503631185,4571.411512073062
2638,13107.295063715295,10228.475230834565,6721.268048161132,4231.592731554317
2639,11880.075093585829,9358.253792691017,6414.885116293795,4021.5647307903496
2640,11765.209105974158,9604.94512955637,6173.692432077304,3796.287894103781
2641,11985.630050904156,10083.59678535364,6415.874288490228,4088.5687408973986
2642,12669.84657676195,10428.769985498871,6917.622386762667,4296.917499387385
2643,13569.215624647613,10774.10513912943,7546.324615914433,4581.239180813881
2644,14623.703437365446,11194.081279299695,7592.789284819204,4781.250926131047
2645,13790.673747816301,11179.851565327072,7566.583066151834,4604.274612192669
2646,13344.22472008046,10613.51954103439,6874.636180774368,4163.964613953467
2647,11883.397521553617,9372.38577595479,6358.751699373627,3917.2844038804774
2648,11682.932662147396,9269.120655244702,6111.908816639064,3953.6652600600005
2649,12567.209486830145,9632.228518890166,6163.963351259441,4004.4697457816574
2650,12632.941213408483,10503.227133664874,6921.096076027004,4157.27640241501
2651,13293.956806774904,10978.794670020146,7672.595321927471,4638.5889815297905
2652,14561.758732886787,11001.956536409927,7640.834499898501,4679.222793568392
2653,13589.949583534815,11192.10708396913,7471.066555462944,4525.589769313122
2654,12900.526481819606,10556.960472969218,6826.272306075135,4203.453185814232
2655,11852.74653424577,9578.781911928143,6365.163220393642,4077.712367245396
2656,11665.044137966152,9357.483033736553,6310.030687867631,3715.5696610423315
2657,11752.657368370243,9493.377347134714,6646.247106664973,3926.5780311972244
2658,12845.621157500775,10139.154101098991,7080.35731820561,4307.663498976955
2659,13927.801832017074,11269.590431197586,7480.4938956967435,4746.454240341345
2660,13895.237691897588,11432.897547947325,7568.6337221182,4779.435450596023
2661,13610.346351629601,11151.197977254762,7392.809513666872,4523.352061048615
2662,12802.447663112696,10623.458280349747,6772.1239401818275,4428.781994843431
2663,11638.0577082076,9382.131805810053,6204.491086944873,3885.238309806447
2664,11492.951369328204,9170.351170655433,6042.50471851657,3884.1394766338844
2665,11996.55505907183,9604.738351440332,6389.354608243124,4028.2923116553434
2666,12775.87330966058,10186.747218191982,6828.574561101078,4217.277807157298
2667,13714.612539767739,11204.348594710498,7138.23957760158,4660.614594239614
2668,14161.02736354949,11290.855780837606,7549.915313643706,4673.687990670765
2669,13608.608317490483,10812.58038851644,7307.538989712322,4660.389309072852
2670,13056.78838506782,10316.582892672988,6707.568002954004,4134.98408044806
2671,12311.838794854555,9607.113864628895,6335.740107374134,4016.100104496941
2672,11472.021315742584,9436.825669487422,6136.126858572871,3828.042485775225
2673,12072.434253246205,9640.33660049689,6298.1089873664505,4077.1120884555517
2674,12804.527265027891,10387.880283172683,6989.1416891907365,4284.956386529412
2675,13876.6620177012,11091.367793940677,7067.5611599675685,4706.716671775847
2676,14596.008539833902,11279.622045059208,7248.380036385018,4765.495993319557
2677,13916.108716351875,10862.904839719204,7347.6632054462,4580.27739215768
2678,12409.844802961605,10352.409125336619,6875.158534291022,4356.290816287407
2679,12064.97283186732,9501.400122528572,6428.303419691973,4048.7638142764927
2680,11854.050964217928,9567.824195720314,6103.514928365643,3892.661531032718
2681,11892.346704939479,9812.753892597044,6253.8613502781345,3799.2144443823445
2682,13110.179889678819,10413.528638269461,6854.579676973554,4200.538942471954
2683,13573.184962380677,11093.860914784678,7275.518989560703,4714.713763344482
2684,13719.539768773544,11291.812278278623,7775.078050339036,4594.822366651573
2685,13802.006814487399,10732.806044274654,7292.7469109353415,4668.685694632339
2686,12402.655072489582,10238.914608757661,6848.290499812624,4345.278561098285
2687,11888.004630537915,9575.609883111818,6686.228757718366,3923.9669646185835
2688,11856.078228018567,9289.312253027776,6140.572439151696,3699.11829257717
2689,11478.90473193985,9637.465478686487,6436.004127060492,3932.986383994822
2690,12514.23630988035,10463.628532576296,6938.077048099273,4458.879690928349
2691,13467.184215590858,10848.526084889387,7441.154292227568,4504.531750015556
2692,14109.282790196692,11147.339881559212,7578.115274071834,4634.253726093977
2693,13650.434480006883,11320.023218853728,7362.306219997045,4492.219539608873
2694,13202.263862298687,10432.733974528592,6863.283491477463,4384.970552092465
2695,12162.554095987427,9473.184556177257,6291.876735592008,3958.924338883493
2696,11663.370008266094,9219.366850474305,6199.552155121521,3801.4668890534745
2697,11959.55062039006,9520.25713321829,6617.942922935406,4087.3089122242245
2698,12933.111259923664,10272.23565540313,7009.549494446012,4326.971615068548
2699,13502.698973472068,11095.562724665919,7372.308392271367,4495.650421924043
2700,14357.4079109634,11864.84772108638,7657.076356708429,4589.994203740864
2701,13433.984143094378,11033.366128810523,7200.385198768162,4685.939741297839
2702,13046.585613025556,10401.794391761752,6808.177295965813,4278.833281431116
2703,12207.708996360616,9218.07980252165,6480.467767096194,3851.7907265129484
2704,11588.593227413787,9142.409431038346,6337.686387361595,3709.461842743774
2705,11873.484518944746,9766.652905423934,6256.945599936439,3883.1716948549665
2706,12924.796581856024,10340.24869883477,6772.334532370283,4168.094363386163
2707,12943.097807701013,10018.925185735965,7641.469726788222,4388.999493744862
2708,14189.617125195515,11435.589779067224,7536.804288989292,4598.065757332567
2709,13697.677909391226,11404.387354381839,7589.04198346633,4492.148232309636
2710,12809.156773136756,9848.243086993003,6866.76643082118,4234.49623440138
2711,12083.851223788923,9822.049901043438,6386.210607120299,4106.30480501462
2712,11514.21675428609,8713.733364930187,6112.536282034837,3823.3062659926786
2713,11635.214081745144,9704.085662132346,6469.96910203677,3955.6105178634502
2714,12776.498961258256,10248.414245346756,7019.024485766767,4314.411042819899
2715,13737.26668185551,10459.166963282682,7165.201506245007,4551.205704989698
2716,14126.405051495356,11375.811888543216,7463.817946172795,4735.600880177679
2717,13763.157736774785,11227.593915319065,7450.5629316702525,4598.574924180684
2718,13079.077240789153,10324.785444579324,6815.752860114962,4281.382650458363
2719,11648.114389121312,9636.803776366161,6287.597186188942,4188.509540814093
2720,11564.072595425767,9142.95919513272,6269.999681534969,3911.189080391138
2721,12205.565526442717,9164.511866513483,6485.967652340627,3880.392969047681
2722,12359.777772497662,10384.91877714809,6767.377134921722,4299.5941942476575
2723,13758.610904325536,11351.291221346457,7342.710540671094,4497.423366767369
2724,13919.480093438719,11522.050135135834,7330.112890671891,4736.692379784703
2725,13607.710106489407,10531.443385450471,7180.706563835022,4444.098493290811
2726,12572.273585237132,9932.834256414259,6845.745298544485,4173.4322086538805
2727,11858.250099492416,9357.825446698313,6349.905254453806,3993.4795922047733
2728,11940.370662319823,8919.50334028374,6023.245821057473,3915.3570189970483
2729,11590.356143696026,9521.259127803274,6251.08840644498,4003.5347114945785
2730,12496.545661808119,10317.240909947917,6679.096439960964,4338.150889191667
2731,13343.926164992503,10647.01208674649,7373.528701131814,4601.035034717126
2732,14561.740118828093,11435.379890907272,7211.4921226588385,4708.005112869963
2733,13573.98647197604,11092.30749002065,7159.193594168815,4520.885012292194
2734,12789.307712548432,10124.468595695931,6570.192035500043,4334.643496590289
2735,11795.27424648894,9480.028163488669,6395.048867957816,4044.934236468041
2736,11292.175637172633,8848.596899482225,5917.1199135796105,3831.6816793933694
2737,11828.246489590892,9444.131806754496,6342.228920748376,3952.1154797868985
2738,13417.156058756904,10232.24328028961,7044.135219639123,4398.482141777481
2739,14073.91676178703,10991.123962045773,7547.183531004435,4562.366729955443
2740,13827.286877778744,11339.081568053392,7231.559186015374,4696.183545105497
2741,13870.033437823908,11007.663452841874,7346.353809555895,4608.433301585383
2742,12575.738087777469,10176.643614892346,6685.582797715751,4254.466505908505
2743,11461.925789037556,9561.729076367621,6186.959937703108,3896.385665083999
2744,11738.01295551555,9387.193276097323,6121.252835225612,3863.471065362376
2745,12153.407358469014,9484.1069621141,6490.457761805369,3956.204460115663
2746,13049.021440219874,10290.243348442784,6898.618058535134,4417.518422087067
2747,13556.807440272145,10907.56550797356,7194.492511307422,4633.739444016849
2748,14012.881731825575,11102.330071105165,7604.283073705134,4630.777116638913
2749,13890.630476006505,11062.823946169874,6971.355691116394,4628.321084917552
2750,12881.695708067444,10111.74636719305,6714.207664701804,4286.772374747374
2751,11784.308781268634,9575.641238135002,6230.452892549391,4062.9608253848173
2752,11125.608459381472,9203.54035540503,6141.8338096435655,3792.4417151574717
2753,11899.151674809156,9439.956764619705,6306.108246377662,3972.304194088851
2754,13051.172644499986,10153.305446589986,6794.308379940274,4250.0520174693775
2755,13351.205629566764,10831.862286435671,7269.887333101221,4564.945521128228
2756,14232.552969360455,10872.36266468664,7498.304401929935,4601.409513670213
2757,13769.540054797102,11026.871321234248,7374.189456935916,4612.131333319511
2758,12967.145435972507,10267.710269987869,6833.936490160761,4294.089756214943
2759,12079.156723028502,9659.088411804074,6295.784402265491,4059.093096340655
2760,11333.364322956597,9096.666720325495,6178.847910380485,3830.2298264248616
2761,11483.248725021847,9853.495612738423,6433.648497705959,3923.090775083351
2762,12633.732540049237,10138.407076314505,6734.9250226179865,4323.859678420144
2763,13916.108437369456,10746.929055042403,7283.586140152123,4485.261873327888
2764,13894.722194183067,11014.261596384174,7665.823227522841,4783.936029437674
2765,13483.175599223094,10559.048741271048,7131.41760604246,4656.36051023538
2766,12304.820720707672,10529.14105286143,7056.487497136107,4363.7007400992015
2767,12282.992484133543,9753.942485707554,6159.564229307931,3985.468768173418
2768,11678.381661358211,9301.35196574443,6084.959671314102,3792.2903664768437
2769,12045.19652286358,9319.952289360279,6206.45590045099,3962.8143285739357
2770,13012.23571109387,10582.075969792491,7106.0039369701,4287.401662058896
2771,13825.452824693108,10857.32918248064,7216.113201249474,4504.895972126261
2772,13973.073500643504,11172.910204286716,7413.88596261868,4805.357797536216
2773,13623.040143565999,11248.551705097716,7235.445134055913,4608.791873978108
2774,12656.013435284201,10346.71538335481,6821.109234692138,4179.128165938947
2775,12487.632366840764,9907.801209574704,6285.128027739115,4103.083776485903
2776,11612.603757370478,9233.63424735745,6109.006869630808,3835.7606298753035
2777,11748.672006831242,9411.606395209712,5878.207048848131,3866.393651974091
2778,12879.817258221026,10083.894438388368,6813.654079086166,4183.038458706385
2779,13387.115760332035,10526.903778762871,7289.716746320578,4689.971727962969
2780,14459.493012160607,11167.120592473299,7641.9650850787,4849.821598109476
2781,13482.704528846094,11180.906073127737,7477.907291360122,4646.403982554535
2782,12888.900204920867,10331.07813109177,6780.323279788332,4365.909115885339
2783,12111.494769995665,9490.79174721874,6427.872555681103,4049.074021871019
2784,11570.122169597931,9002.634912044878,5988.69686966942,3869.8844466087307
2785,11877.824397165454,9527.374623571899,6419.929678793386,3977.814454242422
2786,12760.273626778604,10412.749793465726,6726.1067044633755,4298.421251254465
2787,13644.19091490681,11021.823460297404,7112.512037634056,4620.227954458411
2788,13871.409915101935,11264.052806904348,7456.629813576981,4608.376109537913
2789,13536.814813858547,10753.510052020463,7489.177779490194,4619.858533594704
2790,13135.035471890193,10383.023371148312,6828.640585065142,4376.561356437467
2791,11829.68980191526,8890.258816727674,6512.135899910391,3935.4973678780993
2792,11298.811219591755,9253.690507500913,6030.570897114692,3802.4336528346707
2793,11730.402484597567,9969.683037173134,6453.9696678495575,3988.5873225891505
2794,13035.384046910895,9895.92783825825,6713.773041630563,4196.320940583713
2795,13841.108417725014,10872.52263331407,7316.332419951078,4432.304721578117
2796,14187.385131591567,11222.348142800669,7515.177013553681,4784.069516019068
2797,13586.241740255697,10824.186350140213,7379.868369610072,4511.136627461889
2798,12900.947557927571,10415.247165554223,6836.612665326489,4253.1308349235
2799,11700.233917299725,9571.832923236898,6228.035106811919,3902.7200458372613
2800,11417.675376663548,9209.78273723131,6228.980779898125,3923.4472447559783
2801,12080.640074619332,9631.797849813182,6539.3124949440235,4017.665779428351
2802,12975.505522842648,10205.434332157676,6721.931379250119,4230.37330686182
2803,13386.114975007971,11618.107162731716,7014.978828080931,4444.0158379160575
2804,13787.750091455073,11256.187129298003,7556.191750483647,4643.479884997224
2805,13683.944971295066,10966.070938491475,7234.037097500426,4603.320095484634
2806,13192.771414638288,9853.012046248856,6783.510827948368,4266.877418042595
2807,11396.762382779612,9377.580030956147,6390.722173991385,3958.8797329902745
2808,11539.801305783247,9391.410434697113,6064.623110647314,3841.502512334986
2809,11523.282122093358,9226.320496788676,6285.692219826058,4009.737649433224
2810,12589.253513734426,9760.639789892268,6786.927118643994,4246.781972254014
2811,13553.145897311637,10929.182431868869,7495.453358014617,4591.843920421087
2812,13908.160920723294,11528.518060273345,7485.097682447507,4583.089984067738
2813,13506.899573208097,10931.381220773399,7101.466516634191,4783.330343844997
2814,12752.858815998632,10132.241785602931,6637.891967504081,4226.210315455772
2815,11722.538523342348,9127.158928023437,6337.27110512395,3965.8788617137657
2816,11139.529860131912,9263.170091110977,5981.845988202449,3868.3915053891815
2817,12033.420578826508,9604.253576806892,6121.808277797372,3917.089051817622
2818,12942.172744191868,9836.671238893445,6886.534175575526,4250.727623302084
2819,13881.978222376463,11169.223409000027,7380.615524387739,4550.193707050371
2820,13593.023887486612,11391.989618911979,7425.035975126984,4589.6049380310205
2821,13733.377112640748,11168.739261571864,7323.702004349575,4590.504097319914
2822,12922.56466142203,10319.190883899053,6825.684929504365,4109.876588031454
2823,11604.246825492413,9602.814226230172,6395.39722517512,4087.985465716947
2824,11477.124015932355,9275.61951486223,6194.031510290249,3885.668622511033
2825,11820.906606503631,9643.407501238285,5989.848891885957,3999.970169092241
2826,13219.770021174529,9828.989477255216,6767.303200512954,4102.39212441457
2827,14177.031820063607,10593.397353862583,7356.2601065794925,4478.399342809356
2828,13558.170187911035,11054.85789262092,7418.607817184074,4804.911620797005
2829,14332.504507888132,10892.91074940081,7286.116225028395,4928.334607456083
2830,12516.637895314052,10279.196730222739,6902.106476665108,4351.555970675216
2831,12080.847547315012,9540.318205055424,6329.40533396181,4031.393943220638
2832,11698.207169167572,9385.484032668095,6304.826894667033,3865.3184302759837
2833,11612.965758951266,9696.873230519745,6461.863657347983,3882.6947716452305
2834,12876.309296547512,10022.44286394895,6784.152414083216,4334.766876299559
2835,13622.757578530462,10973.808188672021,7252.290053582058,4450.480859609383
2836,14181.068876050935,11030.19719442658,7053.879671356604,4561.996648832877
2837,13715.10216140687,10880.57554308886,7233.58395293231,4434.797124510013
2838,13055.59990207466,10266.064817508424,6616.225709517836,4333.11343663563
2839,11866.790960881672,8832.905249778463,6347.386415531299,3945.105666408746
2840,11437.986529207861,9623.97797982163,6139.523839370637,3833.2229082288563
2841,12109.774383036585,9587.396753702082,6407.9599562140975,3948.7854236590947
2842,12899.708033819914,10079.810427836837,6990.872310389073,4154.86392144709
2843,13853.202293973238,11343.73576945593,7277.970463693479,4490.071075396658
2844,13840.414988202792,11143.5111045372,7822.185416993641,4617.601212783323
2845,13367.940796169247,10951.643729512816,7315.649517554669,4423.211393541238
2846,12606.899167846084,10101.965202517673,6622.686973425264,4207.698961191143
2847,11702.872250818278,9793.223442540071,6248.957809629715,3864.579074844502
2848,11658.650822180927,9163.25410372827,6076.052952095718,3870.2604778857353
2849,12083.051836547687,9509.714462677279,6395.767798268491,4002.794327957804
2850,12713.951156458606,10448.455603972414,6673.015939050434,4141.1837487028815
2851,14046.123810117542,11052.108658785575,7239.440634097802,4524.772758864554
2852,14412.833980965102,11210.898793035314,7457.9669663178465,4849.8802916581735
2853,13721.804223692434,11166.868386209246,7217.570996205956,4462.492514568959
2854,12543.880034504988,10720.809800380966,6912.260455081929,4287.447661273466
2855,12225.128384569283,9541.557893361474,6401.986847290096,3958.9075137062287
2856,11466.406836861242,9205.78081539674,6265.7442513066,3910.4510086255186
2857,11883.943396014432,9515.587558997702,6280.294617633006,3974.6938461949176
2858,12669.37864861105,10472.268862204517,6966.830984516288,4215.328848640338
2859,13414.950326381511,10795.462904696846,7085.5551761407205,4558.747615175055
2860,13619.472863180335,11162.812610371071,7275.730695384141,4684.818578447453
2861,13830.879932211943,10590.429971224812,7107.436451930897,4544.319361506694
2862,12556.157238913129,9963.191996805483,6804.463413864791,4139.828866587097
2863,12579.387696494974,9385.017370849218,6474.182744220115,4049.581438245247
2864,11233.830638638157,9176.333797889616,6050.652214857095,3909.395600686617
2865,11558.796857238256,9821.193001641754,6263.428812503985,3869.784477135208
2866,12889.361315663149,10316.767085133095,6775.497605018726,4227.480665217044
2867,14079.243728016116,10729.749947689133,7369.549486480112,4533.297671355721
2868,14053.230931044931,11064.603919422723,7413.882721069317,4570.154444330135
2869,13817.745256721822,11229.609856487077,7208.345769516614,4383.777316918445
2870,12288.73910863177,10437.339835297676,6621.7916752886595,4196.019327109126
2871,11696.307122698174,9490.917826215333,6251.410243591658,3924.151592918827
2872,11240.062514985384,9108.036228931958,6270.513036093078,3718.536062682401
2873,11411.003726619469,9701.899680297502,6337.118532611108,3967.5032116268444
2874,12792.870106741912,10007.562267381518,6706.215628549625,4353.280211762645
2875,13052.503977157046,11018.109229352904,7468.4485664772865,4631.883129839527
2876,13668.056281471012,11741.953594651432,7399.995091755346,4667.91303185616
2877,13518.670444088779,10977.293203626963,7495.241908530721,4387.496066481594
2878,12550.815525576529,10052.02198655749,6998.023839591203,4315.233342649104
2879,11954.560925951924,9566.29794647998,6332.701433636988,3965.0848027891184
2880,11560.976937889222,9106.187977539554,5944.7257949432815,3862.7574254378956
2881,12076.794549321574,9227.108862884708,6617.5926768140225,4108.042359232685
2882,12959.621215391353,10357.2076629403,6862.075183999974,4185.628126244584
2883,13982.2036435853,11180.736971880757,7243.597848973807,4294.768922807058
2884,14043.71118190286,11165.536808726765,7633.499744873714,4582.783480644945
2885,13753.268276797651,10853.728101979037,7393.233274689821,4601.062079395245
2886,12898.115052889447,10017.571444506117,6987.865673177871,4258.125185945511
2887,11898.315732334026,9463.298096948327,6244.016143252475,3858.7460830168766
2888,11404.068653717655,9092.875085508558,6169.9233056544335,3722.994230344689
2889,11790.570549662269,9303.58414603944,6180.253619476199,3928.4361511655234
2890,12563.804109685694,10604.809729328128,6902.863483511246,4151.444405781373
2891,13791.133835620027,11042.726519428732,7290.420709224713,4606.072162010648
2892,14023.498966665682,11368.607320555087,7535.402778343908,4644.768933769708
2893,13494.425934911385,11133.951151684756,7272.419054941184,4501.429267295007
2894,12603.479435241949,10375.692343854167,6777.885882346736,4192.9826251648565
2895,11582.152721878812,9417.136743140616,6220.469227871006,3977.317218681577
2896,11725.762973961482,9250.64627824141,6230.627247163877,3836.806008912639
2897,11893.561440634909,9448.79661560862,6521.968717931051,3974.28477472071
2898,12557.958579061595,10312.417268281626,6739.304760352041,4274.833101996585
2899,13903.289206116815,11020.430514357993,7377.871377051348,4554.093983701023
2900,13898.753284424865,11158.987443241307,7561.497744694491,4588.623350785281
2901,13297.161702977373,10654.629832044948,7298.268524374757,4494.058608336308
2902,13039.456794777336,10252.669962603066,6607.1001544952305,4225.865658403354
2903,11747.330564690907,9461.10109086962,6168.407153061731,4121.789746469022
2904,11412.341059864813,8857.129123566323,6040.914172638832,3732.011474402042
2905,11890.687681854735,9601.22573273275,6065.406096800619,3927.115395134031
2906,13077.092466353526,10425.416491570897,7010.648271399801,4270.02022323106
2907,13694.45105452031,11504.941550381405,7354.471889891282,4535.306342840097
2908,13726.153372899142,11162.716600442443,7496.000108275516,4788.500384994353
2909,13837.867527237922,10833.181672176324,6980.972809691728,4534.834969962345
2910,12660.922680851101,10001.005136964792,6569.905357539941,4241.653995516993
2911,12329.507380808871,9544.38371912645,6336.184645102917,4024.8243352053687
2912,11512.59657377344,9247.551674236409,6382.172628797285,3976.594530775973
2913,11356.144358609006,9355.711249159243,6251.425154236143,4074.0528735159155
2914,12883.489128361465,10197.844935532134,6940.296304046843,4252.3662489953385
2915,14229.283105863087,10523.660829252936,7234.7387333885235,4561.010729156477
2916,14514.770372896543,11465.577894226497,7512.966513512913,4694.8048216485
2917,14198.152523411323,10788.385652343415,7482.3127371473465,4578.9545132056255
2918,12531.16376333625,10226.555135239581,6775.227604601424,4191.757958669241
2919,12104.389864893094,9238.662475437588,6252.507938224786,4036.733606911003
