,snapshot,objective,stores,generators
0,2035-01-01 00:00:00,1.0,1.0,1.0
1,2035-01-01 03:00:00,1.0,1.0,1.0
2,2035-01-01 06:00:00,1.0,1.0,1.0
3,2035-01-01 09:00:00,1.0,1.0,1.0
4,2035-01-01 12:00:00,1.0,1.0,1.0
5,2035-01-01 15:00:00,1.0,1.0,1.0
6,2035-01-01 18:00:00,1.0,1.0,1.0
7,2035-01-01 21:00:00,1.0,1.0,1.0
8,2035-01-02 00:00:00,1.0,1.0,1.0
9,2035-01-02 03:00:00,1.0,1.0,1.0
10,2035-01-02 06:00:00,1.0,1.0,1.0
11,2035-01-02 09:00:00,1.0,1.0,1.0
12,2035-01-02 12:00:00,1.0,1.0,1.0
13,2035-01-02 15:00:00,1.0,1.0,1.0
14,2035-01-02 18:00:00,1.0,1.0,1.0
15,2035-01-02 21:00:00,1.0,1.0,1.0
16,2035-01-03 00:00:00,1.0,1.0,1.0
17,2035-01-03 03:00:00,1.0,1.0,1.0
18,2035-01-03 06:00:00,1.0,1.0,1.0
19,2035-01-03 09:00:00,1.0,1.0,1.0
20,2035-01-03 12:00:00,1.0,1.0,1.0
21,2035-01-03 15:00:00,1.0,1.0,1.0
22,2035-01-03 18:00:00,1.0,1.0,1.0
23,2035-01-03 21:00:00,1.0,1.0,1.0
24,2035-01-04 00:00:00,1.0,1.0,1.0
25,2035-01-04 03:00:00,1.0,1.0,1.0
26,2035-01-04 06:00:00,1.0,1.0,1.0
27,2035-01-04 09:00:00,1.0,1.0,1.0
28,2035-01-04 12:00:00,1.0,1.0,1.0
29,2035-01-04 15:00:00,1.0,1.0,1.0
30,2035-01-04 18:00:00,1.0,1.0,1.0
31,2035-01-04 21:00:00,1.0,1.0,1.0
32,2035-01-05 00:00:00,1.0,1.0,1.0
33,2035-01-05 03:00:00,1.0,1.0,1.0
34,2035-01-05 06:00:00,1.0,1.0,1.0
35,2035-01-05 09:00:00,1.0,1.0,1.0
36,2035-01-05 12:00:00,1.0,1.0,1.0
37,2035-01-05 15:00:00,1.0,1.0,1.0
38,2035-01-05 18:00:00,1.0,1.0,1.0
39,2035-01-05 21:00:00,1.0,1.0,1.0
40,2035-01-06 00:00:00,1.0,1.0,1.0
41,2035-01-06 03:00:00,1.0,1.0,1.0
42,2035-01-06 06:00:00,1.0,1.0,1.0
43,2035-01-06 09:00:00,1.0,1.0,1.0
44,2035-01-06 12:00:00,1.0,1.0,1.0
45,2035-01-06 15:00:00,1.0,1.0,1.0
46,2035-01-06 18:00:00,1.0,1.0,1.0
47,2035-01-06 21:00:00,1.0,1.0,1.0
48,2035-01-07 00:00:00,1.0,1.0,1.0
49,2035-01-07 03:00:00,1.0,1.0,1.0
50,2035-01-07 06:00:00,1.0,1.0,1.0
51,2035-01-07 09:00:00,1.0,1.0,1.0
52,2035-01-07 12:00:00,1.0,1.0,1.0
53,2035-01-07 15:00:00,1.0,1.0,1.0
54,2035-01-07 18:00:00,1.0,1.0,1.0
55,2035-01-07 21:00:00,1.0,1.0,1.0
56,2035-01-08 00:00:00,1.0,1.0,1.0
57,2035-01-08 03:00:00,1.0,1.0,1.0
58,2035-01-08 06:00:00,1.0,1.0,1.0
59,2035-01-08 09:00:00,1.0,1.0,1.0
60,2035-01-08 12:00:00,1.0,1.0,1.0
61,2035-01-08 15:00:00,1.0,1.0,1.0
62,2035-01-08 18:00:00,1.0,1.0,1.0
63,2035-01-08 21:00:00,1.0,1.0,1.0
64,2035-01-09 00:00:00,1.0,1.0,1.0
65,2035-01-09 03:00:00,1.0,1.0,1.0
66,2035-01-09 06:00:00,1.0,1.0,1.0
67,2035-01-09 09:00:00,1.0,1.0,1.0
68,2035-01-09 12:00:00,1.0,1.0,1.0
69,2035-01-09 15:00:00,1.0,1.0,1.0
70,2035-01-09 18:00:00,1.0,1.0,1.0
71,2035-01-09 21:00:00,1.0,1.0,1.0
72,2035-01-10 00:00:00,1.0,1.0,1.0
73,2035-01-10 03:00:00,1.0,1.0,1.0
74,2035-01-10 06:00:00,1.0,1.0,1.0
75,2035-01-10 09:00:00,1.0,1.0,1.0
76,2035-01-10 12:00:00,1.0,1.0,1.0
77,2035-01-10 15:00:00,1.0,1.0,1.0
78,2035-01-10 18:00:00,1.0,1.0,1.0
79,2035-01-10 21:00:00,1.0,1.0,1.0
80,2035-01-11 00:00:00,1.0,1.0,1.0
81,2035-01-11 03:00:00,1.0,1.0,1.0
82,2035-01-11 06:00:00,1.0,1.0,1.0
83,2035-01-11 09:00:00,1.0,1.0,1.0
84,2035-01-11 12:00:00,1.0,1.0,1.0
85,2035-01-11 15:00:00,1.0,1.0,1.0
86,2035-01-11 18:00:00,1.0,1.0,1.0
87,2035-01-11 21:00:00,1.0,1.0,1.0
88,2035-01-12 00:00:00,1.0,1.0,1.0
89,2035-01-12 03:00:00,1.0,1.0,1.0
90,2035-01-12 06:00:00,1.0,1.0,1.0
91,2035-01-12 09:00:00,1.0,1.0,1.0
92,2035-01-12 12:00:00,1.0,1.0,1.0
93,2035-01-12 15:00:00,1.0,1.0,1.0
94,2035-01-12 18:00:00,1.0,1.0,1.0
95,2035-01-12 21:00:00,1.0,1.0,1.0
96,2035-01-13 00:00:00,1.0,1.0,1.0
97,2035-01-13 03:00:00,1.0,1.0,1.0
98,2035-01-13 06:00:00,1.0,1.0,1.0
99,2035-01-13 09:00:00,1.0,1.0,1.0
100,2035-01-13 12:00:00,1.0,1.0,1.0
101,2035-01-13 15:00:00,1.0,1.0,1.0
102,2035-01-13 18:00:00,1.0,1.0,1.0
103,2035-01-13 21:00:00,1.0,1.0,1.0
104,2035-01-14 00:00:00,1.0,1.0,1.0
105,2035-01-14 03:00:00,1.0,1.0,1.0
106,2035-01-14 06:00:00,1.0,1.0,1.0
107,2035-01-14 09:00:00,1.0,1.0,1.0
108,2035-01-14 12:00:00,1.0,1.0,1.0
109,2035-01-14 15:00:00,1.0,1.0,1.0
110,2035-01-14 18:00:00,1.0,1.0,1.0
111,2035-01-14 21:00:00,1.0,1.0,1.0
112,2035-01-15 00:00:00,1.0,1.0,1.0
113,2035-01-15 03:00:00,1.0,1.0,1.0
114,2035-01-15 06:00:00,1.0,1.0,1.0
115,2035-01-15 09:00:00,1.0,1.0,1.0
116,2035-01-15 12:00:00,1.0,1.0,1.0
117,2035-01-15 15:00:00,1.0,1.0,1.0
118,2035-01-15 18:00:00,1.0,1.0,1.0
119,2035-01-15 21:00:00,1.0,1.0,1.0
120,2035-01-16 00:00:00,1.0,1.0,1.0
121,2035-01-16 03:00:00,1.0,1.0,1.0
122,2035-01-16 06:00:00,1.0,1.0,1.0
123,2035-01-16 09:00:00,1.0,1.0,1.0
124,2035-01-16 12:00:00,1.0,1.0,1.0
125,2035-01-16 15:00:00,1.0,1.0,1.0
126,2035-01-16 18:00:00,1.0,1.0,1.0
127,2035-01-16 21:00:00,1.0,1.0,1.0
128,2035-01-17 00:00:00,1.0,1.0,1.0
129,2035-01-17 03:00:00,1.0,1.0,1.0
130,2035-01-17 06:00:00,1.0,1.0,1.0
131,2035-01-17 09:00:00,1.0,1.0,1.0
132,2035-01-17 12:00:00,1.0,1.0,1.0
133,2035-01-17 15:00:00,1.0,1.0,1.0
134,2035-01-17 18:00:00,1.0,1.0,1.0
135,2035-01-17 21:00:00,1.0,1.0,1.0
136,2035-01-18 00:00:00,1.0,1.0,1.0
137,2035-01-18 03:00:00,1.0,1.0,1.0
138,2035-01-18 06:00:00,1.0,1.0,1.0
139,2035-01-18 09:00:00,1.0,1.0,1.0
140,2035-01-18 12:00:00,1.0,1.0,1.0
141,2035-01-18 15:00:00,1.0,1.0,1.0
142,2035-01-18 18:00:00,1.0,1.0,1.0
143,2035-01-18 21:00:00,1.0,1.0,1.0
144,2035-01-19 00:00:00,1.0,1.0,1.0
145,2035-01-19 03:00:00,1.0,1.0,1.0
146,2035-01-19 06:00:00,1.0,1.0,1.0
147,2035-01-19 09:00:00,1.0,1.0,1.0
148,2035-01-19 12:00:00,1.0,1.0,1.0
149,2035-01-19 15:00:00,1.0,1.0,1.0
150,2035-01-19 18:00:00,1.0,1.0,1.0
151,2035-01-19 21:00:00,1.0,1.0,1.0
152,2035-01-20 00:00:00,1.0,1.0,1.0
153,2035-01-20 03:00:00,1.0,1.0,1.0
154,2035-01-20 06:00:00,1.0,1.0,1.0
155,2035-01-20 09:00:00,1.0,1.0,1.0
156,2035-01-20 12:00:00,1.0,1.0,1.0
157,2035-01-20 15:00:00,1.0,1.0,1.0
158,2035-01-20 18:00:00,1.0,1.0,1.0
159,2035-01-20 21:00:00,1.0,1.0,1.0
160,2035-01-21 00:00:00,1.0,1.0,1.0
161,2035-01-21 03:00:00,1.0,1.0,1.0
162,2035-01-21 06:00:00,1.0,1.0,1.0
163,2035-01-21 09:00:00,1.0,1.0,1.0
164,2035-01-21 12:00:00,1.0,1.0,1.0
165,2035-01-21 15:00:00,1.0,1.0,1.0
166,2035-01-21 18:00:00,1.0,1.0,1.0
167,2035-01-21 21:00:00,1.0,1.0,1.0
168,2035-01-22 00:00:00,1.0,1.0,1.0
169,2035-01-22 03:00:00,1.0,1.0,1.0
170,2035-01-22 06:00:00,1.0,1.0,1.0
171,2035-01-22 09:00:00,1.0,1.0,1.0
172,2035-01-22 12:00:00,1.0,1.0,1.0
173,2035-01-22 15:00:00,1.0,1.0,1.0
174,2035-01-22 18:00:00,1.0,1.0,1.0
175,2035-01-22 21:00:00,1.0,1.0,1.0
176,2035-01-23 00:00:00,1.0,1.0,1.0
177,2035-01-23 03:00:00,1.0,1.0,1.0
178,2035-01-23 06:00:00,1.0,1.0,1.0
179,2035-01-23 09:00:00,1.0,1.0,1.0
180,2035-01-23 12:00:00,1.0,1.0,1.0
181,2035-01-23 15:00:00,1.0,1.0,1.0
182,2035-01-23 18:00:00,1.0,1.0,1.0
183,2035-01-23 21:00:00,1.0,1.0,1.0
184,2035-01-24 00:00:00,1.0,1.0,1.0
185,2035-01-24 03:00:00,1.0,1.0,1.0
186,2035-01-24 06:00:00,1.0,1.0,1.0
187,2035-01-24 09:00:00,1.0,1.0,1.0
188,2035-01-24 12:00:00,1.0,1.0,1.0
189,2035-01-24 15:00:00,1.0,1.0,1.0
190,2035-01-24 18:00:00,1.0,1.0,1.0
191,2035-01-24 21:00:00,1.0,1.0,1.0
192,2035-01-25 00:00:00,1.0,1.0,1.0
193,2035-01-25 03:00:00,1.0,1.0,1.0
194,2035-01-25 06:00:00,1.0,1.0,1.0
195,2035-01-25 09:00:00,1.0,1.0,1.0
196,2035-01-25 12:00:00,1.0,1.0,1.0
197,2035-01-25 15:00:00,1.0,1.0,1.0
198,2035-01-25 18:00:00,1.0,1.0,1.0
199,2035-01-25 21:00:00,1.0,1.0,1.0
200,2035-01-26 00:00:00,1.0,1.0,1.0
201,2035-01-26 03:00:00,1.0,1.0,1.0
202,2035-01-26 06:00:00,1.0,1.0,1.0
203,2035-01-26 09:00:00,1.0,1.0,1.0
204,2035-01-26 12:00:00,1.0,1.0,1.0
205,2035-01-26 15:00:00,1.0,1.0,1.0
206,2035-01-26 18:00:00,1.0,1.0,1.0
207,2035-01-26 21:00:00,1.0,1.0,1.0
208,2035-01-27 00:00:00,1.0,1.0,1.0
209,2035-01-27 03:00:00,1.0,1.0,1.0
210,2035-01-27 06:00:00,1.0,1.0,1.0
211,2035-01-27 09:00:00,1.0,1.0,1.0
212,2035-01-27 12:00:00,1.0,1.0,1.0
213,2035-01-27 15:00:00,1.0,1.0,1.0
214,2035-01-27 18:00:00,1.0,1.0,1.0
215,2035-01-27 21:00:00,1.0,1.0,1.0
216,2035-01-28 00:00:00,1.0,1.0,1.0
217,2035-01-28 03:00:00,1.0,1.0,1.0
218,2035-01-28 06:00:00,1.0,1.0,1.0
219,2035-01-28 09:00:00,1.0,1.0,1.0
220,2035-01-28 12:00:00,1.0,1.0,1.0
221,2035-01-28 15:00:00,1.0,1.0,1.0
222,2035-01-28 18:00:00,1.0,1.0,1.0
223,2035-01-28 21:00:00,1.0,1.0,1.0
224,2035-01-29 00:00:00,1.0,1.0,1.0
225,2035-01-29 03:00:00,1.0,1.0,1.0
226,2035-01-29 06:00:00,1.0,1.0,1.0
227,2035-01-29 09:00:00,1.0,1.0,1.0
228,2035-01-29 12:00:00,1.0,1.0,1.0
229,2035-01-29 15:00:00,1.0,1.0,1.0
230,2035-01-29 18:00:00,1.0,1.0,1.0
231,2035-01-29 21:00:00,1.0,1.0,1.0
232,2035-01-30 00:00:00,1.0,1.0,1.0
233,2035-01-30 03:00:00,1.0,1.0,1.0
234,2035-01-30 06:00:00,1.0,1.0,1.0
235,2035-01-30 09:00:00,1.0,1.0,1.0
236,2035-01-30 12:00:00,1.0,1.0,1.0
237,2035-01-30 15:00:00,1.0,1.0,1.0
238,2035-01-30 18:00:00,1.0,1.0,1.0
239,2035-01-30 21:00:00,1.0,1.0,1.0
240,2035-01-31 00:00:00,1.0,1.0,1.0
241,2035-01-31 03:00:00,1.0,1.0,1.0
242,2035-01-31 06:00:00,1.0,1.0,1.0
243,2035-01-31 09:00:00,1.0,1.0,1.0
244,2035-01-31 12:00:00,1.0,1.0,1.0
245,2035-01-31 15:00:00,1.0,1.0,1.0
246,2035-01-31 18:00:00,1.0,1.0,1.0
247,2035-01-31 21:00:00,1.0,1.0,1.0
248,2035-02-01 00:00:00,1.0,1.0,1.0
249,2035-02-01 03:00:00,1.0,1.0,1.0
250,2035-02-01 06:00:00,1.0,1.0,1.0
251,2035-02-01 09:00:00,1.0,1.0,1.0
252,2035-02-01 12:00:00,1.0,1.0,1.0
253,2035-02-01 15:00:00,1.0,1.0,1.0
254,2035-02-01 18:00:00,1.0,1.0,1.0
255,2035-02-01 21:00:00,1.0,1.0,1.0
256,2035-02-02 00:00:00,1.0,1.0,1.0
257,2035-02-02 03:00:00,1.0,1.0,1.0
258,2035-02-02 06:00:00,1.0,1.0,1.0
259,2035-02-02 09:00:00,1.0,1.0,1.0
260,2035-02-02 12:00:00,1.0,1.0,1.0
261,2035-02-02 15:00:00,1.0,1.0,1.0
262,2035-02-02 18:00:00,1.0,1.0,1.0
263,2035-02-02 21:00:00,1.0,1.0,1.0
264,2035-02-03 00:00:00,1.0,1.0,1.0
265,2035-02-03 03:00:00,1.0,1.0,1.0
266,2035-02-03 06:00:00,1.0,1.0,1.0
267,2035-02-03 09:00:00,1.0,1.0,1.0
268,2035-02-03 12:00:00,1.0,1.0,1.0
269,2035-02-03 15:00:00,1.0,1.0,1.0
270,2035-02-03 18:00:00,1.0,1.0,1.0
271,2035-02-03 21:00:00,1.0,1.0,1.0
272,2035-02-04 00:00:00,1.0,1.0,1.0
273,2035-02-04 03:00:00,1.0,1.0,1.0
274,2035-02-04 06:00:00,1.0,1.0,1.0
275,2035-02-04 09:00:00,1.0,1.0,1.0
276,2035-02-04 12:00:00,1.0,1.0,1.0
277,2035-02-04 15:00:00,1.0,1.0,1.0
278,2035-02-04 18:00:00,1.0,1.0,1.0
279,2035-02-04 21:00:00,1.0,1.0,1.0
280,2035-02-05 00:00:00,1.0,1.0,1.0
281,2035-02-05 03:00:00,1.0,1.0,1.0
282,2035-02-05 06:00:00,1.0,1.0,1.0
283,2035-02-05 09:00:00,1.0,1.0,1.0
284,2035-02-05 12:00:00,1.0,1.0,1.0
285,2035-02-05 15:00:00,1.0,1.0,1.0
286,2035-02-05 18:00:00,1.0,1.0,1.0
287,2035-02-05 21:00:00,1.0,1.0,1.0
288,2035-02-06 00:00:00,1.0,1.0,1.0
289,2035-02-06 03:00:00,1.0,1.0,1.0
290,2035-02-06 06:00:00,1.0,1.0,1.0
291,2035-02-06 09:00:00,1.0,1.0,1.0
292,2035-02-06 12:00:00,1.0,1.0,1.0
293,2035-02-06 15:00:00,1.0,1.0,1.0
294,2035-02-06 18:00:00,1.0,1.0,1.0
295,2035-02-06 21:00:00,1.0,1.0,1.0
296,2035-02-07 00:00:00,1.0,1.0,1.0
297,2035-02-07 03:00:00,1.0,1.0,1.0
298,2035-02-07 06:00:00,1.0,1.0,1.0
299,2035-02-07 09:00:00,1.0,1.0,1.0
300,2035-02-07 12:00:00,1.0,1.0,1.0
301,2035-02-07 15:00:00,1.0,1.0,1.0
302,2035-02-07 18:00:00,1.0,1.0,1.0
303,2035-02-07 21:00:00,1.0,1.0,1.0
304,2035-02-08 00:00:00,1.0,1.0,1.0
305,2035-02-08 03:00:00,1.0,1.0,1.0
306,2035-02-08 06:00:00,1.0,1.0,1.0
307,2035-02-08 09:00:00,1.0,1.0,1.0
308,2035-02-08 12:00:00,1.0,1.0,1.0
309,2035-02-08 15:00:00,1.0,1.0,1.0
310,2035-02-08 18:00:00,1.0,1.0,1.0
311,2035-02-08 21:00:00,1.0,1.0,1.0
312,2035-02-09 00:00:00,1.0,1.0,1.0
313,2035-02-09 03:00:00,1.0,1.0,1.0
314,2035-02-09 06:00:00,1.0,1.0,1.0
315,2035-02-09 09:00:00,1.0,1.0,1.0
316,2035-02-09 12:00:00,1.0,1.0,1.0
317,2035-02-09 15:00:00,1.0,1.0,1.0
318,2035-02-09 18:00:00,1.0,1.0,1.0
319,2035-02-09 21:00:00,1.0,1.0,1.0
320,2035-02-10 00:00:00,1.0,1.0,1.0
321,2035-02-10 03:00:00,1.0,1.0,1.0
322,2035-02-10 06:00:00,1.0,1.0,1.0
323,2035-02-10 09:00:00,1.0,1.0,1.0
324,2035-02-10 12:00:00,1.0,1.0,1.0
325,2035-02-10 15:00:00,1.0,1.0,1.0
326,2035-02-10 18:00:00,1.0,1.0,1.0
327,2035-02-10 21:00:00,1.0,1.0,1.0
328,2035-02-11 00:00:00,1.0,1.0,1.0
329,2035-02-11 03:00:00,1.0,1.0,1.0
330,2035-02-11 06:00:00,1.0,1.0,1.0
331,2035-02-11 09:00:00,1.0,1.0,1.0
332,2035-02-11 12:00:00,1.0,1.0,1.0
333,2035-02-11 15:00:00,1.0,1.0,1.0
334,2035-02-11 18:00:00,1.0,1.0,1.0
335,2035-02-11 21:00:00,1.0,1.0,1.0
336,2035-02-12 00:00:00,1.0,1.0,1.0
337,2035-02-12 03:00:00,1.0,1.0,1.0
338,2035-02-12 06:00:00,1.0,1.0,1.0
339,2035-02-12 09:00:00,1.0,1.0,1.0
340,2035-02-12 12:00:00,1.0,1.0,1.0
341,2035-02-12 15:00:00,1.0,1.0,1.0
342,2035-02-12 18:00:00,1.0,1.0,1.0
343,2035-02-12 21:00:00,1.0,1.0,1.0
344,2035-02-13 00:00:00,1.0,1.0,1.0
345,2035-02-13 03:00:00,1.0,1.0,1.0
346,2035-02-13 06:00:00,1.0,1.0,1.0
347,2035-02-13 09:00:00,1.0,1.0,1.0
348,2035-02-13 12:00:00,1.0,1.0,1.0
349,2035-02-13 15:00:00,1.0,1.0,1.0
350,2035-02-13 18:00:00,1.0,1.0,1.0
351,2035-02-13 21:00:00,1.0,1.0,1.0
352,2035-02-14 00:00:00,1.0,1.0,1.0
353,2035-02-14 03:00:00,1.0,1.0,1.0
354,2035-02-14 06:00:00,1.0,1.0,1.0
355,2035-02-14 09:00:00,1.0,1.0,1.0
356,2035-02-14 12:00:00,1.0,1.0,1.0
357,2035-02-14 15:00:00,1.0,1.0,1.0
358,2035-02-14 18:00:00,1.0,1.0,1.0
359,2035-02-14 21:00:00,1.0,1.0,1.0
360,2035-02-15 00:00:00,1.0,1.0,1.0
361,2035-02-15 03:00:00,1.0,1.0,1.0
362,2035-02-15 06:00:00,1.0,1.0,1.0
363,2035-02-15 09:00:00,1.0,1.0,1.0
364,2035-02-15 12:00:00,1.0,1.0,1.0
365,2035-02-15 15:00:00,1.0,1.0,1.0
366,2035-02-15 18:00:00,1.0,1.0,1.0
367,2035-02-15 21:00:00,1.0,1.0,1.0
368,2035-02-16 00:00:00,1.0,1.0,1.0
369,2035-02-16 03:00:00,1.0,1.0,1.0
370,2035-02-16 06:00:00,1.0,1.0,1.0
371,2035-02-16 09:00:00,1.0,1.0,1.0
372,2035-02-16 12:00:00,1.0,1.0,1.0
373,2035-02-16 15:00:00,1.0,1.0,1.0
374,2035-02-16 18:00:00,1.0,1.0,1.0
375,2035-02-16 21:00:00,1.0,1.0,1.0
376,2035-02-17 00:00:00,1.0,1.0,1.0
377,2035-02-17 03:00:00,1.0,1.0,1.0
378,2035-02-17 06:00:00,1.0,1.0,1.0
379,2035-02-17 09:00:00,1.0,1.0,1.0
380,2035-02-17 12:00:00,1.0,1.0,1.0
381,2035-02-17 15:00:00,1.0,1.0,1.0
382,2035-02-17 18:00:00,1.0,1.0,1.0
383,2035-02-17 21:00:00,1.0,1.0,1.0
384,2035-02-18 00:00:00,1.0,1.0,1.0
385,2035-02-18 03:00:00,1.0,1.0,1.0
386,2035-02-18 06:00:00,1.0,1.0,1.0
387,2035-02-18 09:00:00,1.0,1.0,1.0
388,2035-02-18 12:00:00,1.0,1.0,1.0
389,2035-02-18 15:00:00,1.0,1.0,1.0
390,2035-02-18 18:00:00,1.0,1.0,1.0
391,2035-02-18 21:00:00,1.0,1.0,1.0
392,2035-02-19 00:00:00,1.0,1.0,1.0
393,2035-02-19 03:00:00,1.0,1.0,1.0
394,2035-02-19 06:00:00,1.0,1.0,1.0
395,2035-02-19 09:00:00,1.0,1.0,1.0
396,2035-02-19 12:00:00,1.0,1.0,1.0
397,2035-02-19 15:00:00,1.0,1.0,1.0
398,2035-02-19 18:00:00,1.0,1.0,1.0
399,2035-02-19 21:00:00,1.0,1.0,1.0
400,2035-02-20 00:00:00,1.0,1.0,1.0
401,2035-02-20 03:00:00,1.0,1.0,1.0
402,2035-02-20 06:00:00,1.0,1.0,1.0
403,2035-02-20 09:00:00,1.0,1.0,1.0
404,2035-02-20 12:00:00,1.0,1.0,1.0
405,2035-02-20 15:00:00,1.0,1.0,1.0
406,2035-02-20 18:00:00,1.0,1.0,1.0
407,2035-02-20 21:00:00,1.0,1.0,1.0
408,2035-02-21 00:00:00,1.0,1.0,1.0
409,2035-02-21 03:00:00,1.0,1.0,1.0
410,2035-02-21 06:00:00,1.0,1.0,1.0
411,2035-02-21 09:00:00,1.0,1.0,1.0
412,2035-02-21 12:00:00,1.0,1.0,1.0
413,2035-02-21 15:00:00,1.0,1.0,1.0
414,2035-02-21 18:00:00,1.0,1.0,1.0
415,2035-02-21 21:00:00,1.0,1.0,1.0
416,2035-02-22 00:00:00,1.0,1.0,1.0
417,2035-02-22 03:00:00,1.0,1.0,1.0
418,2035-02-22 06:00:00,1.0,1.0,1.0
419,2035-02-22 09:00:00,1.0,1.0,1.0
420,2035-02-22 12:00:00,1.0,1.0,1.0
421,2035-02-22 15:00:00,1.0,1.0,1.0
422,2035-02-22 18:00:00,1.0,1.0,1.0
423,2035-02-22 21:00:00,1.0,1.0,1.0
424,2035-02-23 00:00:00,1.0,1.0,1.0
425,2035-02-23 03:00:00,1.0,1.0,1.0
426,2035-02-23 06:00:00,1.0,1.0,1.0
427,2035-02-23 09:00:00,1.0,1.0,1.0
428,2035-02-23 12:00:00,1.0,1.0,1.0
429,2035-02-23 15:00:00,1.0,1.0,1.0
430,2035-02-23 18:00:00,1.0,1.0,1.0
431,2035-02-23 21:00:00,1.0,1.0,1.0
432,2035-02-24 00:00:00,1.0,1.0,1.0
433,2035-02-24 03:00:00,1.0,1.0,1.0
434,2035-02-24 06:00:00,1.0,1.0,1.0
435,2035-02-24 09:00:00,1.0,1.0,1.0
436,2035-02-24 12:00:00,1.0,1.0,1.0
437,2035-02-24 15:00:00,1.0,1.0,1.0
438,2035-02-24 18:00:00,1.0,1.0,1.0
439,2035-02-24 21:00:00,1.0,1.0,1.0
440,2035-02-25 00:00:00,1.0,1.0,1.0
441,2035-02-25 03:00:00,1.0,1.0,1.0
442,2035-02-25 06:00:00,1.0,1.0,1.0
443,2035-02-25 09:00:00,1.0,1.0,1.0
444,2035-02-25 12:00:00,1.0,1.0,1.0
445,2035-02-25 15:00:00,1.0,1.0,1.0
446,2035-02-25 18:00:00,1.0,1.0,1.0
447,2035-02-25 21:00:00,1.0,1.0,1.0
448,2035-02-26 00:00:00,1.0,1.0,1.0
449,2035-02-26 03:00:00,1.0,1.0,1.0
450,2035-02-26 06:00:00,1.0,1.0,1.0
451,2035-02-26 09:00:00,1.0,1.0,1.0
452,2035-02-26 12:00:00,1.0,1.0,1.0
453,2035-02-26 15:00:00,1.0,1.0,1.0
454,2035-02-26 18:00:00,1.0,1.0,1.0
455,2035-02-26 21:00:00,1.0,1.0,1.0
456,2035-02-27 00:00:00,1.0,1.0,1.0
457,2035-02-27 03:00:00,1.0,1.0,1.0
458,2035-02-27 06:00:00,1.0,1.0,1.0
459,2035-02-27 09:00:00,1.0,1.0,1.0
460,2035-02-27 12:00:00,1.0,1.0,1.0
461,2035-02-27 15:00:00,1.0,1.0,1.0
462,2035-02-27 18:00:00,1.0,1.0,1.0
463,2035-02-27 21:00:00,1.0,1.0,1.0
464,2035-02-28 00:00:00,1.0,1.0,1.0
465,2035-02-28 03:00:00,1.0,1.0,1.0
466,2035-02-28 06:00:00,1.0,1.0,1.0
467,2035-02-28 09:00:00,1.0,1.0,1.0
468,2035-02-28 12:00:00,1.0,1.0,1.0
469,2035-02-28 15:00:00,1.0,1.0,1.0
470,2035-02-28 18:00:00,1.0,1.0,1.0
471,2035-02-28 21:00:00,1.0,1.0,1.0
472,2035-03-01 00:00:00,1.0,1.0,1.0
473,2035-03-01 03:00:00,1.0,1.0,1.0
474,2035-03-01 06:00:00,1.0,1.0,1.0
475,2035-03-01 09:00:00,1.0,1.0,1.0
476,2035-03-01 12:00:00,1.0,1.0,1.0
477,2035-03-01 15:00:00,1.0,1.0,1.0
478,2035-03-01 18:00:00,1.0,1.0,1.0
479,2035-03-01 21:00:00,1.0,1.0,1.0
480,2035-03-02 00:00:00,1.0,1.0,1.0
481,2035-03-02 03:00:00,1.0,1.0,1.0
482,2035-03-02 06:00:00,1.0,1.0,1.0
483,2035-03-02 09:00:00,1.0,1.0,1.0
484,2035-03-02 12:00:00,1.0,1.0,1.0
485,2035-03-02 15:00:00,1.0,1.0,1.0
486,2035-03-02 18:00:00,1.0,1.0,1.0
487,2035-03-02 21:00:00,1.0,1.0,1.0
488,2035-03-03 00:00:00,1.0,1.0,1.0
489,2035-03-03 03:00:00,1.0,1.0,1.0
490,2035-03-03 06:00:00,1.0,1.0,1.0
491,2035-03-03 09:00:00,1.0,1.0,1.0
492,2035-03-03 12:00:00,1.0,1.0,1.0
493,2035-03-03 15:00:00,1.0,1.0,1.0
494,2035-03-03 18:00:00,1.0,1.0,1.0
495,2035-03-03 21:00:00,1.0,1.0,1.0
496,2035-03-04 00:00:00,1.0,1.0,1.0
497,2035-03-04 03:00:00,1.0,1.0,1.0
498,2035-03-04 06:00:00,1.0,1.0,1.0
499,2035-03-04 09:00:00,1.0,1.0,1.0
500,2035-03-04 12:00:00,1.0,1.0,1.0
501,2035-03-04 15:00:00,1.0,1.0,1.0
502,2035-03-04 18:00:00,1.0,1.0,1.0
503,2035-03-04 21:00:00,1.0,1.0,1.0
504,2035-03-05 00:00:00,1.0,1.0,1.0
505,2035-03-05 03:00:00,1.0,1.0,1.0
506,2035-03-05 06:00:00,1.0,1.0,1.0
507,2035-03-05 09:00:00,1.0,1.0,1.0
508,2035-03-05 12:00:00,1.0,1.0,1.0
509,2035-03-05 15:00:00,1.0,1.0,1.0
510,2035-03-05 18:00:00,1.0,1.0,1.0
511,2035-03-05 21:00:00,1.0,1.0,1.0
512,2035-03-06 00:00:00,1.0,1.0,1.0
513,2035-03-06 03:00:00,1.0,1.0,1.0
514,2035-03-06 06:00:00,1.0,1.0,1.0
515,2035-03-06 09:00:00,1.0,1.0,1.0
516,2035-03-06 12:00:00,1.0,1.0,1.0
517,2035-03-06 15:00:00,1.0,1.0,1.0
518,2035-03-06 18:00:00,1.0,1.0,1.0
519,2035-03-06 21:00:00,1.0,1.0,1.0
520,2035-03-07 00:00:00,1.0,1.0,1.0
521,2035-03-07 03:00:00,1.0,1.0,1.0
522,2035-03-07 06:00:00,1.0,1.0,1.0
523,2035-03-07 09:00:00,1.0,1.0,1.0
524,2035-03-07 12:00:00,1.0,1.0,1.0
525,2035-03-07 15:00:00,1.0,1.0,1.0
526,2035-03-07 18:00:00,1.0,1.0,1.0
527,2035-03-07 21:00:00,1.0,1.0,1.0
528,2035-03-08 00:00:00,1.0,1.0,1.0
529,2035-03-08 03:00:00,1.0,1.0,1.0
530,2035-03-08 06:00:00,1.0,1.0,1.0
531,2035-03-08 09:00:00,1.0,1.0,1.0
532,2035-03-08 12:00:00,1.0,1.0,1.0
533,2035-03-08 15:00:00,1.0,1.0,1.0
534,2035-03-08 18:00:00,1.0,1.0,1.0
535,2035-03-08 21:00:00,1.0,1.0,1.0
536,2035-03-09 00:00:00,1.0,1.0,1.0
537,2035-03-09 03:00:00,1.0,1.0,1.0
538,2035-03-09 06:00:00,1.0,1.0,1.0
539,2035-03-09 09:00:00,1.0,1.0,1.0
540,2035-03-09 12:00:00,1.0,1.0,1.0
541,2035-03-09 15:00:00,1.0,1.0,1.0
542,2035-03-09 18:00:00,1.0,1.0,1.0
543,2035-03-09 21:00:00,1.0,1.0,1.0
544,2035-03-10 00:00:00,1.0,1.0,1.0
545,2035-03-10 03:00:00,1.0,1.0,1.0
546,2035-03-10 06:00:00,1.0,1.0,1.0
547,2035-03-10 09:00:00,1.0,1.0,1.0
548,2035-03-10 12:00:00,1.0,1.0,1.0
549,2035-03-10 15:00:00,1.0,1.0,1.0
550,2035-03-10 18:00:00,1.0,1.0,1.0
551,2035-03-10 21:00:00,1.0,1.0,1.0
552,2035-03-11 00:00:00,1.0,1.0,1.0
553,2035-03-11 03:00:00,1.0,1.0,1.0
554,2035-03-11 06:00:00,1.0,1.0,1.0
555,2035-03-11 09:00:00,1.0,1.0,1.0
556,2035-03-11 12:00:00,1.0,1.0,1.0
557,2035-03-11 15:00:00,1.0,1.0,1.0
558,2035-03-11 18:00:00,1.0,1.0,1.0
559,2035-03-11 21:00:00,1.0,1.0,1.0
560,2035-03-12 00:00:00,1.0,1.0,1.0
561,2035-03-12 03:00:00,1.0,1.0,1.0
562,2035-03-12 06:00:00,1.0,1.0,1.0
563,2035-03-12 09:00:00,1.0,1.0,1.0
564,2035-03-12 12:00:00,1.0,1.0,1.0
565,2035-03-12 15:00:00,1.0,1.0,1.0
566,2035-03-12 18:00:00,1.0,1.0,1.0
567,2035-03-12 21:00:00,1.0,1.0,1.0
568,2035-03-13 00:00:00,1.0,1.0,1.0
569,2035-03-13 03:00:00,1.0,1.0,1.0
570,2035-03-13 06:00:00,1.0,1.0,1.0
571,2035-03-13 09:00:00,1.0,1.0,1.0
572,2035-03-13 12:00:00,1.0,1.0,1.0
573,2035-03-13 15:00:00,1.0,1.0,1.0
574,2035-03-13 18:00:00,1.0,1.0,1.0
575,2035-03-13 21:00:00,1.0,1.0,1.0
576,2035-03-14 00:00:00,1.0,1.0,1.0
577,2035-03-14 03:00:00,1.0,1.0,1.0
578,2035-03-14 06:00:00,1.0,1.0,1.0
579,2035-03-14 09:00:00,1.0,1.0,1.0
580,2035-03-14 12:00:00,1.0,1.0,1.0
581,2035-03-14 15:00:00,1.0,1.0,1.0
582,2035-03-14 18:00:00,1.0,1.0,1.0
583,2035-03-14 21:00:00,1.0,1.0,1.0
584,2035-03-15 00:00:00,1.0,1.0,1.0
585,2035-03-15 03:00:00,1.0,1.0,1.0
586,2035-03-15 06:00:00,1.0,1.0,1.0
587,2035-03-15 09:00:00,1.0,1.0,1.0
588,2035-03-15 12:00:00,1.0,1.0,1.0
589,2035-03-15 15:00:00,1.0,1.0,1.0
590,2035-03-15 18:00:00,1.0,1.0,1.0
591,2035-03-15 21:00:00,1.0,1.0,1.0
592,2035-03-16 00:00:00,1.0,1.0,1.0
593,2035-03-16 03:00:00,1.0,1.0,1.0
594,2035-03-16 06:00:00,1.0,1.0,1.0
595,2035-03-16 09:00:00,1.0,1.0,1.0
596,2035-03-16 12:00:00,1.0,1.0,1.0
597,2035-03-16 15:00:00,1.0,1.0,1.0
598,2035-03-16 18:00:00,1.0,1.0,1.0
599,2035-03-16 21:00:00,1.0,1.0,1.0
600,2035-03-17 00:00:00,1.0,1.0,1.0
601,2035-03-17 03:00:00,1.0,1.0,1.0
602,2035-03-17 06:00:00,1.0,1.0,1.0
603,2035-03-17 09:00:00,1.0,1.0,1.0
604,2035-03-17 12:00:00,1.0,1.0,1.0
605,2035-03-17 15:00:00,1.0,1.0,1.0
606,2035-03-17 18:00:00,1.0,1.0,1.0
607,2035-03-17 21:00:00,1.0,1.0,1.0
608,2035-03-18 00:00:00,1.0,1.0,1.0
609,2035-03-18 03:00:00,1.0,1.0,1.0
610,2035-03-18 06:00:00,1.0,1.0,1.0
611,2035-03-18 09:00:00,1.0,1.0,1.0
612,2035-03-18 12:00:00,1.0,1.0,1.0
613,2035-03-18 15:00:00,1.0,1.0,1.0
614,2035-03-18 18:00:00,1.0,1.0,1.0
615,2035-03-18 21:00:00,1.0,1.0,1.0
616,2035-03-19 00:00:00,1.0,1.0,1.0
617,2035-03-19 03:00:00,1.0,1.0,1.0
618,2035-03-19 06:00:00,1.0,1.0,1.0
619,2035-03-19 09:00:00,1.0,1.0,1.0
620,2035-03-19 12:00:00,1.0,1.0,1.0
621,2035-03-19 15:00:00,1.0,1.0,1.0
622,2035-03-19 18:00:00,1.0,1.0,1.0
623,2035-03-19 21:00:00,1.0,1.0,1.0
624,2035-03-20 00:00:00,1.0,1.0,1.0
625,2035-03-20 03:00:00,1.0,1.0,1.0
626,2035-03-20 06:00:00,1.0,1.0,1.0
627,2035-03-20 09:00:00,1.0,1.0,1.0
628,2035-03-20 12:00:00,1.0,1.0,1.0
629,2035-03-20 15:00:00,1.0,1.0,1.0
630,2035-03-20 18:00:00,1.0,1.0,1.0
631,2035-03-20 21:00:00,1.0,1.0,1.0
632,2035-03-21 00:00:00,1.0,1.0,1.0
633,2035-03-21 03:00:00,1.0,1.0,1.0
634,2035-03-21 06:00:00,1.0,1.0,1.0
635,2035-03-21 09:00:00,1.0,1.0,1.0
636,2035-03-21 12:00:00,1.0,1.0,1.0
637,2035-03-21 15:00:00,1.0,1.0,1.0
638,2035-03-21 18:00:00,1.0,1.0,1.0
639,2035-03-21 21:00:00,1.0,1.0,1.0
640,2035-03-22 00:00:00,1.0,1.0,1.0
641,2035-03-22 03:00:00,1.0,1.0,1.0
642,2035-03-22 06:00:00,1.0,1.0,1.0
643,2035-03-22 09:00:00,1.0,1.0,1.0
644,2035-03-22 12:00:00,1.0,1.0,1.0
645,2035-03-22 15:00:00,1.0,1.0,1.0
646,2035-03-22 18:00:00,1.0,1.0,1.0
647,2035-03-22 21:00:00,1.0,1.0,1.0
648,2035-03-23 00:00:00,1.0,1.0,1.0
649,2035-03-23 03:00:00,1.0,1.0,1.0
650,2035-03-23 06:00:00,1.0,1.0,1.0
651,2035-03-23 09:00:00,1.0,1.0,1.0
652,2035-03-23 12:00:00,1.0,1.0,1.0
653,2035-03-23 15:00:00,1.0,1.0,1.0
654,2035-03-23 18:00:00,1.0,1.0,1.0
655,2035-03-23 21:00:00,1.0,1.0,1.0
656,2035-03-24 00:00:00,1.0,1.0,1.0
657,2035-03-24 03:00:00,1.0,1.0,1.0
658,2035-03-24 06:00:00,1.0,1.0,1.0
659,2035-03-24 09:00:00,1.0,1.0,1.0
660,2035-03-24 12:00:00,1.0,1.0,1.0
661,2035-03-24 15:00:00,1.0,1.0,1.0
662,2035-03-24 18:00:00,1.0,1.0,1.0
663,2035-03-24 21:00:00,1.0,1.0,1.0
664,2035-03-25 00:00:00,1.0,1.0,1.0
665,2035-03-25 03:00:00,1.0,1.0,1.0
666,2035-03-25 06:00:00,1.0,1.0,1.0
667,2035-03-25 09:00:00,1.0,1.0,1.0
668,2035-03-25 12:00:00,1.0,1.0,1.0
669,2035-03-25 15:00:00,1.0,1.0,1.0
670,2035-03-25 18:00:00,1.0,1.0,1.0
671,2035-03-25 21:00:00,1.0,1.0,1.0
672,2035-03-26 00:00:00,1.0,1.0,1.0
673,2035-03-26 03:00:00,1.0,1.0,1.0
674,2035-03-26 06:00:00,1.0,1.0,1.0
675,2035-03-26 09:00:00,1.0,1.0,1.0
676,2035-03-26 12:00:00,1.0,1.0,1.0
677,2035-03-26 15:00:00,1.0,1.0,1.0
678,2035-03-26 18:00:00,1.0,1.0,1.0
679,2035-03-26 21:00:00,1.0,1.0,1.0
680,2035-03-27 00:00:00,1.0,1.0,1.0
681,2035-03-27 03:00:00,1.0,1.0,1.0
682,2035-03-27 06:00:00,1.0,1.0,1.0
683,2035-03-27 09:00:00,1.0,1.0,1.0
684,2035-03-27 12:00:00,1.0,1.0,1.0
685,2035-03-27 15:00:00,1.0,1.0,1.0
686,2035-03-27 18:00:00,1.0,1.0,1.0
687,2035-03-27 21:00:00,1.0,1.0,1.0
688,2035-03-28 00:00:00,1.0,1.0,1.0
689,2035-03-28 03:00:00,1.0,1.0,1.0
690,2035-03-28 06:00:00,1.0,1.0,1.0
691,2035-03-28 09:00:00,1.0,1.0,1.0
692,2035-03-28 12:00:00,1.0,1.0,1.0
693,2035-03-28 15:00:00,1.0,1.0,1.0
694,2035-03-28 18:00:00,1.0,1.0,1.0
695,2035-03-28 21:00:00,1.0,1.0,1.0
696,2035-03-29 00:00:00,1.0,1.0,1.0
697,2035-03-29 03:00:00,1.0,1.0,1.0
698,2035-03-29 06:00:00,1.0,1.0,1.0
699,2035-03-29 09:00:00,1.0,1.0,1.0
700,2035-03-29 12:00:00,1.0,1.0,1.0
701,2035-03-29 15:00:00,1.0,1.0,1.0
702,2035-03-29 18:00:00,1.0,1.0,1.0
703,2035-03-29 21:00:00,1.0,1.0,1.0
704,2035-03-30 00:00:00,1.0,1.0,1.0
705,2035-03-30 03:00:00,1.0,1.0,1.0
706,2035-03-30 06:00:00,1.0,1.0,1.0
707,2035-03-30 09:00:00,1.0,1.0,1.0
708,2035-03-30 12:00:00,1.0,1.0,1.0
709,2035-03-30 15:00:00,1.0,1.0,1.0
710,2035-03-30 18:00:00,1.0,1.0,1.0
711,2035-03-30 21:00:00,1.0,1.0,1.0
712,2035-03-31 00:00:00,1.0,1.0,1.0
713,2035-03-31 03:00:00,1.0,1.0,1.0
714,2035-03-31 06:00:00,1.0,1.0,1.0
715,2035-03-31 09:00:00,1.0,1.0,1.0
716,2035-03-31 12:00:00,1.0,1.0,1.0
717,2035-03-31 15:00:00,1.0,1.0,1.0
718,2035-03-31 18:00:00,1.0,1.0,1.0
719,2035-03-31 21:00:00,1.0,1.0,1.0
720,2035-04-01 00:00:00,1.0,1.0,1.0
721,2035-04-01 03:00:00,1.0,1.0,1.0
722,2035-04-01 06:00:00,1.0,1.0,1.0
723,2035-04-01 09:00:00,1.0,1.0,1.0
724,2035-04-01 12:00:00,1.0,1.0,1.0
725,2035-04-01 15:00:00,1.0,1.0,1.0
726,2035-04-01 18:00:00,1.0,1.0,1.0
727,2035-04-01 21:00:00,1.0,1.0,1.0
728,2035-04-02 00:00:00,1.0,1.0,1.0
729,2035-04-02 03:00:00,1.0,1.0,1.0
730,2035-04-02 06:00:00,1.0,1.0,1.0
731,2035-04-02 09:00:00,1.0,1.0,1.0
732,2035-04-02 12:00:00,1.0,1.0,1.0
733,2035-04-02 15:00:00,1.0,1.0,1.0
734,2035-04-02 18:00:00,1.0,1.0,1.0
735,2035-04-02 21:00:00,1.0,1.0,1.0
736,2035-04-03 00:00:00,1.0,1.0,1.0
737,2035-04-03 03:00:00,1.0,1.0,1.0
738,2035-04-03 06:00:00,1.0,1.0,1.0
739,2035-04-03 09:00:00,1.0,1.0,1.0
740,2035-04-03 12:00:00,1.0,1.0,1.0
741,2035-04-03 15:00:00,1.0,1.0,1.0
742,2035-04-03 18:00:00,1.0,1.0,1.0
743,2035-04-03 21:00:00,1.0,1.0,1.0
744,2035-04-04 00:00:00,1.0,1.0,1.0
745,2035-04-04 03:00:00,1.0,1.0,1.0
746,2035-04-04 06:00:00,1.0,1.0,1.0
747,2035-04-04 09:00:00,1.0,1.0,1.0
748,2035-04-04 12:00:00,1.0,1.0,1.0
749,2035-04-04 15:00:00,1.0,1.0,1.0
750,2035-04-04 18:00:00,1.0,1.0,1.0
751,2035-04-04 21:00:00,1.0,1.0,1.0
752,2035-04-05 00:00:00,1.0,1.0,1.0
753,2035-04-05 03:00:00,1.0,1.0,1.0
754,2035-04-05 06:00:00,1.0,1.0,1.0
755,2035-04-05 09:00:00,1.0,1.0,1.0
756,2035-04-05 12:00:00,1.0,1.0,1.0
757,2035-04-05 15:00:00,1.0,1.0,1.0
758,2035-04-05 18:00:00,1.0,1.0,1.0
759,2035-04-05 21:00:00,1.0,1.0,1.0
760,2035-04-06 00:00:00,1.0,1.0,1.0
761,2035-04-06 03:00:00,1.0,1.0,1.0
762,2035-04-06 06:00:00,1.0,1.0,1.0
763,2035-04-06 09:00:00,1.0,1.0,1.0
764,2035-04-06 12:00:00,1.0,1.0,1.0
765,2035-04-06 15:00:00,1.0,1.0,1.0
766,2035-04-06 18:00:00,1.0,1.0,1.0
767,2035-04-06 21:00:00,1.0,1.0,1.0
768,2035-04-07 00:00:00,1.0,1.0,1.0
769,2035-04-07 03:00:00,1.0,1.0,1.0
770,2035-04-07 06:00:00,1.0,1.0,1.0
771,2035-04-07 09:00:00,1.0,1.0,1.0
772,2035-04-07 12:00:00,1.0,1.0,1.0
773,2035-04-07 15:00:00,1.0,1.0,1.0
774,2035-04-07 18:00:00,1.0,1.0,1.0
775,2035-04-07 21:00:00,1.0,1.0,1.0
776,2035-04-08 00:00:00,1.0,1.0,1.0
777,2035-04-08 03:00:00,1.0,1.0,1.0
778,2035-04-08 06:00:00,1.0,1.0,1.0
779,2035-04-08 09:00:00,1.0,1.0,1.0
780,2035-04-08 12:00:00,1.0,1.0,1.0
781,2035-04-08 15:00:00,1.0,1.0,1.0
782,2035-04-08 18:00:00,1.0,1.0,1.0
783,2035-04-08 21:00:00,1.0,1.0,1.0
784,2035-04-09 00:00:00,1.0,1.0,1.0
785,2035-04-09 03:00:00,1.0,1.0,1.0
786,2035-04-09 06:00:00,1.0,1.0,1.0
787,2035-04-09 09:00:00,1.0,1.0,1.0
788,2035-04-09 12:00:00,1.0,1.0,1.0
789,2035-04-09 15:00:00,1.0,1.0,1.0
790,2035-04-09 18:00:00,1.0,1.0,1.0
791,2035-04-09 21:00:00,1.0,1.0,1.0
792,2035-04-10 00:00:00,1.0,1.0,1.0
793,2035-04-10 03:00:00,1.0,1.0,1.0
794,2035-04-10 06:00:00,1.0,1.0,1.0
795,2035-04-10 09:00:00,1.0,1.0,1.0
796,2035-04-10 12:00:00,1.0,1.0,1.0
797,2035-04-10 15:00:00,1.0,1.0,1.0
798,2035-04-10 18:00:00,1.0,1.0,1.0
799,2035-04-10 21:00:00,1.0,1.0,1.0
800,2035-04-11 00:00:00,1.0,1.0,1.0
801,2035-04-11 03:00:00,1.0,1.0,1.0
802,2035-04-11 06:00:00,1.0,1.0,1.0
803,2035-04-11 09:00:00,1.0,1.0,1.0
804,2035-04-11 12:00:00,1.0,1.0,1.0
805,2035-04-11 15:00:00,1.0,1.0,1.0
806,2035-04-11 18:00:00,1.0,1.0,1.0
807,2035-04-11 21:00:00,1.0,1.0,1.0
808,2035-04-12 00:00:00,1.0,1.0,1.0
809,2035-04-12 03:00:00,1.0,1.0,1.0
810,2035-04-12 06:00:00,1.0,1.0,1.0
811,2035-04-12 09:00:00,1.0,1.0,1.0
812,2035-04-12 12:00:00,1.0,1.0,1.0
813,2035-04-12 15:00:00,1.0,1.0,1.0
814,2035-04-12 18:00:00,1.0,1.0,1.0
815,2035-04-12 21:00:00,1.0,1.0,1.0
816,2035-04-13 00:00:00,1.0,1.0,1.0
817,2035-04-13 03:00:00,1.0,1.0,1.0
818,2035-04-13 06:00:00,1.0,1.0,1.0
819,2035-04-13 09:00:00,1.0,1.0,1.0
820,2035-04-13 12:00:00,1.0,1.0,1.0
821,2035-04-13 15:00:00,1.0,1.0,1.0
822,2035-04-13 18:00:00,1.0,1.0,1.0
823,2035-04-13 21:00:00,1.0,1.0,1.0
824,2035-04-14 00:00:00,1.0,1.0,1.0
825,2035-04-14 03:00:00,1.0,1.0,1.0
826,2035-04-14 06:00:00,1.0,1.0,1.0
827,2035-04-14 09:00:00,1.0,1.0,1.0
828,2035-04-14 12:00:00,1.0,1.0,1.0
829,2035-04-14 15:00:00,1.0,1.0,1.0
830,2035-04-14 18:00:00,1.0,1.0,1.0
831,2035-04-14 21:00:00,1.0,1.0,1.0
832,2035-04-15 00:00:00,1.0,1.0,1.0
833,2035-04-15 03:00:00,1.0,1.0,1.0
834,2035-04-15 06:00:00,1.0,1.0,1.0
835,2035-04-15 09:00:00,1.0,1.0,1.0
836,2035-04-15 12:00:00,1.0,1.0,1.0
837,2035-04-15 15:00:00,1.0,1.0,1.0
838,2035-04-15 18:00:00,1.0,1.0,1.0
839,2035-04-15 21:00:00,1.0,1.0,1.0
840,2035-04-16 00:00:00,1.0,1.0,1.0
841,2035-04-16 03:00:00,1.0,1.0,1.0
842,2035-04-16 06:00:00,1.0,1.0,1.0
843,2035-04-16 09:00:00,1.0,1.0,1.0
844,2035-04-16 12:00:00,1.0,1.0,1.0
845,2035-04-16 15:00:00,1.0,1.0,1.0
846,2035-04-16 18:00:00,1.0,1.0,1.0
847,2035-04-16 21:00:00,1.0,1.0,1.0
848,2035-04-17 00:00:00,1.0,1.0,1.0
849,2035-04-17 03:00:00,1.0,1.0,1.0
850,2035-04-17 06:00:00,1.0,1.0,1.0
851,2035-04-17 09:00:00,1.0,1.0,1.0
852,2035-04-17 12:00:00,1.0,1.0,1.0
853,2035-04-17 15:00:00,1.0,1.0,1.0
854,2035-04-17 18:00:00,1.0,1.0,1.0
855,2035-04-17 21:00:00,1.0,1.0,1.0
856,2035-04-18 00:00:00,1.0,1.0,1.0
857,2035-04-18 03:00:00,1.0,1.0,1.0
858,2035-04-18 06:00:00,1.0,1.0,1.0
859,2035-04-18 09:00:00,1.0,1.0,1.0
860,2035-04-18 12:00:00,1.0,1.0,1.0
861,2035-04-18 15:00:00,1.0,1.0,1.0
862,2035-04-18 18:00:00,1.0,1.0,1.0
863,2035-04-18 21:00:00,1.0,1.0,1.0
864,2035-04-19 00:00:00,1.0,1.0,1.0
865,2035-04-19 03:00:00,1.0,1.0,1.0
866,2035-04-19 06:00:00,1.0,1.0,1.0
867,2035-04-19 09:00:00,1.0,1.0,1.0
868,2035-04-19 12:00:00,1.0,1.0,1.0
869,2035-04-19 15:00:00,1.0,1.0,1.0
870,2035-04-19 18:00:00,1.0,1.0,1.0
871,2035-04-19 21:00:00,1.0,1.0,1.0
872,2035-04-20 00:00:00,1.0,1.0,1.0
873,2035-04-20 03:00:00,1.0,1.0,1.0
874,2035-04-20 06:00:00,1.0,1.0,1.0
875,2035-04-20 09:00:00,1.0,1.0,1.0
876,2035-04-20 12:00:00,1.0,1.0,1.0
877,2035-04-20 15:00:00,1.0,1.0,1.0
878,2035-04-20 18:00:00,1.0,1.0,1.0
879,2035-04-20 21:00:00,1.0,1.0,1.0
880,2035-04-21 00:00:00,1.0,1.0,1.0
881,2035-04-21 03:00:00,1.0,1.0,1.0
882,2035-04-21 06:00:00,1.0,1.0,1.0
883,2035-04-21 09:00:00,1.0,1.0,1.0
884,2035-04-21 12:00:00,1.0,1.0,1.0
885,2035-04-21 15:00:00,1.0,1.0,1.0
886,2035-04-21 18:00:00,1.0,1.0,1.0
887,2035-04-21 21:00:00,1.0,1.0,1.0
888,2035-04-22 00:00:00,1.0,1.0,1.0
889,2035-04-22 03:00:00,1.0,1.0,1.0
890,2035-04-22 06:00:00,1.0,1.0,1.0
891,2035-04-22 09:00:00,1.0,1.0,1.0
892,2035-04-22 12:00:00,1.0,1.0,1.0
893,2035-04-22 15:00:00,1.0,1.0,1.0
894,2035-04-22 18:00:00,1.0,1.0,1.0
895,2035-04-22 21:00:00,1.0,1.0,1.0
896,2035-04-23 00:00:00,1.0,1.0,1.0
897,2035-04-23 03:00:00,1.0,1.0,1.0
898,2035-04-23 06:00:00,1.0,1.0,1.0
899,2035-04-23 09:00:00,1.0,1.0,1.0
900,2035-04-23 12:00:00,1.0,1.0,1.0
901,2035-04-23 15:00:00,1.0,1.0,1.0
902,2035-04-23 18:00:00,1.0,1.0,1.0
903,2035-04-23 21:00:00,1.0,1.0,1.0
904,2035-04-24 00:00:00,1.0,1.0,1.0
905,2035-04-24 03:00:00,1.0,1.0,1.0
906,2035-04-24 06:00:00,1.0,1.0,1.0
907,2035-04-24 09:00:00,1.0,1.0,1.0
908,2035-04-24 12:00:00,1.0,1.0,1.0
909,2035-04-24 15:00:00,1.0,1.0,1.0
910,2035-04-24 18:00:00,1.0,1.0,1.0
911,2035-04-24 21:00:00,1.0,1.0,1.0
912,2035-04-25 00:00:00,1.0,1.0,1.0
913,2035-04-25 03:00:00,1.0,1.0,1.0
914,2035-04-25 06:00:00,1.0,1.0,1.0
915,2035-04-25 09:00:00,1.0,1.0,1.0
916,2035-04-25 12:00:00,1.0,1.0,1.0
917,2035-04-25 15:00:00,1.0,1.0,1.0
918,2035-04-25 18:00:00,1.0,1.0,1.0
919,2035-04-25 21:00:00,1.0,1.0,1.0
920,2035-04-26 00:00:00,1.0,1.0,1.0
921,2035-04-26 03:00:00,1.0,1.0,1.0
922,2035-04-26 06:00:00,1.0,1.0,1.0
923,2035-04-26 09:00:00,1.0,1.0,1.0
924,2035-04-26 12:00:00,1.0,1.0,1.0
925,2035-04-26 15:00:00,1.0,1.0,1.0
926,2035-04-26 18:00:00,1.0,1.0,1.0
927,2035-04-26 21:00:00,1.0,1.0,1.0
928,2035-04-27 00:00:00,1.0,1.0,1.0
929,2035-04-27 03:00:00,1.0,1.0,1.0
930,2035-04-27 06:00:00,1.0,1.0,1.0
931,2035-04-27 09:00:00,1.0,1.0,1.0
932,2035-04-27 12:00:00,1.0,1.0,1.0
933,2035-04-27 15:00:00,1.0,1.0,1.0
934,2035-04-27 18:00:00,1.0,1.0,1.0
935,2035-04-27 21:00:00,1.0,1.0,1.0
936,2035-04-28 00:00:00,1.0,1.0,1.0
937,2035-04-28 03:00:00,1.0,1.0,1.0
938,2035-04-28 06:00:00,1.0,1.0,1.0
939,2035-04-28 09:00:00,1.0,1.0,1.0
940,2035-04-28 12:00:00,1.0,1.0,1.0
941,2035-04-28 15:00:00,1.0,1.0,1.0
942,2035-04-28 18:00:00,1.0,1.0,1.0
943,2035-04-28 21:00:00,1.0,1.0,1.0
944,2035-04-29 00:00:00,1.0,1.0,1.0
945,2035-04-29 03:00:00,1.0,1.0,1.0
946,2035-04-29 06:00:00,1.0,1.0,1.0
947,2035-04-29 09:00:00,1.0,1.0,1.0
948,2035-04-29 12:00:00,1.0,1.0,1.0
949,2035-04-29 15:00:00,1.0,1.0,1.0
950,2035-04-29 18:00:00,1.0,1.0,1.0
951,2035-04-29 21:00:00,1.0,1.0,1.0
952,2035-04-30 00:00:00,1.0,1.0,1.0
953,2035-04-30 03:00:00,1.0,1.0,1.0
954,2035-04-30 06:00:00,1.0,1.0,1.0
955,2035-04-30 09:00:00,1.0,1.0,1.0
956,2035-04-30 12:00:00,1.0,1.0,1.0
957,2035-04-30 15:00:00,1.0,1.0,1.0
958,2035-04-30 18:00:00,1.0,1.0,1.0
959,2035-04-30 21:00:00,1.0,1.0,1.0
960,2035-05-01 00:00:00,1.0,1.0,1.0
961,2035-05-01 03:00:00,1.0,1.0,1.0
962,2035-05-01 06:00:00,1.0,1.0,1.0
963,2035-05-01 09:00:00,1.0,1.0,1.0
964,2035-05-01 12:00:00,1.0,1.0,1.0
965,2035-05-01 15:00:00,1.0,1.0,1.0
966,2035-05-01 18:00:00,1.0,1.0,1.0
967,2035-05-01 21:00:00,1.0,1.0,1.0
968,2035-05-02 00:00:00,1.0,1.0,1.0
969,2035-05-02 03:00:00,1.0,1.0,1.0
970,2035-05-02 06:00:00,1.0,1.0,1.0
971,2035-05-02 09:00:00,1.0,1.0,1.0
972,2035-05-02 12:00:00,1.0,1.0,1.0
973,2035-05-02 15:00:00,1.0,1.0,1.0
974,2035-05-02 18:00:00,1.0,1.0,1.0
975,2035-05-02 21:00:00,1.0,1.0,1.0
976,2035-05-03 00:00:00,1.0,1.0,1.0
977,2035-05-03 03:00:00,1.0,1.0,1.0
978,2035-05-03 06:00:00,1.0,1.0,1.0
979,2035-05-03 09:00:00,1.0,1.0,1.0
980,2035-05-03 12:00:00,1.0,1.0,1.0
981,2035-05-03 15:00:00,1.0,1.0,1.0
982,2035-05-03 18:00:00,1.0,1.0,1.0
983,2035-05-03 21:00:00,1.0,1.0,1.0
984,2035-05-04 00:00:00,1.0,1.0,1.0
985,2035-05-04 03:00:00,1.0,1.0,1.0
986,2035-05-04 06:00:00,1.0,1.0,1.0
987,2035-05-04 09:00:00,1.0,1.0,1.0
988,2035-05-04 12:00:00,1.0,1.0,1.0
989,2035-05-04 15:00:00,1.0,1.0,1.0
990,2035-05-04 18:00:00,1.0,1.0,1.0
991,2035-05-04 21:00:00,1.0,1.0,1.0
992,2035-05-05 00:00:00,1.0,1.0,1.0
993,2035-05-05 03:00:00,1.0,1.0,1.0
994,2035-05-05 06:00:00,1.0,1.0,1.0
995,2035-05-05 09:00:00,1.0,1.0,1.0
996,2035-05-05 12:00:00,1.0,1.0,1.0
997,2035-05-05 15:00:00,1.0,1.0,1.0
998,2035-05-05 18:00:00,1.0,1.0,1.0
999,2035-05-05 21:00:00,1.0,1.0,1.0
1000,2035-05-06 00:00:00,1.0,1.0,1.0
1001,2035-05-06 03:00:00,1.0,1.0,1.0
1002,2035-05-06 06:00:00,1.0,1.0,1.0
1003,2035-05-06 09:00:00,1.0,1.0,1.0
1004,2035-05-06 12:00:00,1.0,1.0,1.0
1005,2035-05-06 15:00:00,1.0,1.0,1.0
1006,2035-05-06 18:00:00,1.0,1.0,1.0
1007,2035-05-06 21:00:00,1.0,1.0,1.0
1008,2035-05-07 00:00:00,1.0,1.0,1.0
1009,2035-05-07 03:00:00,1.0,1.0,1.0
1010,2035-05-07 06:00:00,1.0,1.0,1.0
1011,2035-05-07 09:00:00,1.0,1.0,1.0
1012,2035-05-07 12:00:00,1.0,1.0,1.0
1013,2035-05-07 15:00:00,1.0,1.0,1.0
1014,2035-05-07 18:00:00,1.0,1.0,1.0
1015,2035-05-07 21:00:00,1.0,1.0,1.0
1016,2035-05-08 00:00:00,1.0,1.0,1.0
1017,2035-05-08 03:00:00,1.0,1.0,1.0
1018,2035-05-08 06:00:00,1.0,1.0,1.0
1019,2035-05-08 09:00:00,1.0,1.0,1.0
1020,2035-05-08 12:00:00,1.0,1.0,1.0
1021,2035-05-08 15:00:00,1.0,1.0,1.0
1022,2035-05-08 18:00:00,1.0,1.0,1.0
1023,2035-05-08 21:00:00,1.0,1.0,1.0
1024,2035-05-09 00:00:00,1.0,1.0,1.0
1025,2035-05-09 03:00:00,1.0,1.0,1.0
1026,2035-05-09 06:00:00,1.0,1.0,1.0
1027,2035-05-09 09:00:00,1.0,1.0,1.0
1028,2035-05-09 12:00:00,1.0,1.0,1.0
1029,2035-05-09 15:00:00,1.0,1.0,1.0
1030,2035-05-09 18:00:00,1.0,1.0,1.0
1031,2035-05-09 21:00:00,1.0,1.0,1.0
1032,2035-05-10 00:00:00,1.0,1.0,1.0
1033,2035-05-10 03:00:00,1.0,1.0,1.0
1034,2035-05-10 06:00:00,1.0,1.0,1.0
1035,2035-05-10 09:00:00,1.0,1.0,1.0
1036,2035-05-10 12:00:00,1.0,1.0,1.0
1037,2035-05-10 15:00:00,1.0,1.0,1.0
1038,2035-05-10 18:00:00,1.0,1.0,1.0
1039,2035-05-10 21:00:00,1.0,1.0,1.0
1040,2035-05-11 00:00:00,1.0,1.0,1.0
1041,2035-05-11 03:00:00,1.0,1.0,1.0
1042,2035-05-11 06:00:00,1.0,1.0,1.0
1043,2035-05-11 09:00:00,1.0,1.0,1.0
1044,2035-05-11 12:00:00,1.0,1.0,1.0
1045,2035-05-11 15:00:00,1.0,1.0,1.0
1046,2035-05-11 18:00:00,1.0,1.0,1.0
1047,2035-05-11 21:00:00,1.0,1.0,1.0
1048,2035-05-12 00:00:00,1.0,1.0,1.0
1049,2035-05-12 03:00:00,1.0,1.0,1.0
1050,2035-05-12 06:00:00,1.0,1.0,1.0
1051,2035-05-12 09:00:00,1.0,1.0,1.0
1052,2035-05-12 12:00:00,1.0,1.0,1.0
1053,2035-05-12 15:00:00,1.0,1.0,1.0
1054,2035-05-12 18:00:00,1.0,1.0,1.0
1055,2035-05-12 21:00:00,1.0,1.0,1.0
1056,2035-05-13 00:00:00,1.0,1.0,1.0
1057,2035-05-13 03:00:00,1.0,1.0,1.0
1058,2035-05-13 06:00:00,1.0,1.0,1.0
1059,2035-05-13 09:00:00,1.0,1.0,1.0
1060,2035-05-13 12:00:00,1.0,1.0,1.0
1061,2035-05-13 15:00:00,1.0,1.0,1.0
1062,2035-05-13 18:00:00,1.0,1.0,1.0
1063,2035-05-13 21:00:00,1.0,1.0,1.0
1064,2035-05-14 00:00:00,1.0,1.0,1.0
1065,2035-05-14 03:00:00,1.0,1.0,1.0
1066,2035-05-14 06:00:00,1.0,1.0,1.0
1067,2035-05-14 09:00:00,1.0,1.0,1.0
1068,2035-05-14 12:00:00,1.0,1.0,1.0
1069,2035-05-14 15:00:00,1.0,1.0,1.0
1070,2035-05-14 18:00:00,1.0,1.0,1.0
1071,2035-05-14 21:00:00,1.0,1.0,1.0
1072,2035-05-15 00:00:00,1.0,1.0,1.0
1073,2035-05-15 03:00:00,1.0,1.0,1.0
1074,2035-05-15 06:00:00,1.0,1.0,1.0
1075,2035-05-15 09:00:00,1.0,1.0,1.0
1076,2035-05-15 12:00:00,1.0,1.0,1.0
1077,2035-05-15 15:00:00,1.0,1.0,1.0
1078,2035-05-15 18:00:00,1.0,1.0,1.0
1079,2035-05-15 21:00:00,1.0,1.0,1.0
1080,2035-05-16 00:00:00,1.0,1.0,1.0
1081,2035-05-16 03:00:00,1.0,1.0,1.0
1082,2035-05-16 06:00:00,1.0,1.0,1.0
1083,2035-05-16 09:00:00,1.0,1.0,1.0
1084,2035-05-16 12:00:00,1.0,1.0,1.0
1085,2035-05-16 15:00:00,1.0,1.0,1.0
1086,2035-05-16 18:00:00,1.0,1.0,1.0
1087,2035-05-16 21:00:00,1.0,1.0,1.0
1088,2035-05-17 00:00:00,1.0,1.0,1.0
1089,2035-05-17 03:00:00,1.0,1.0,1.0
1090,2035-05-17 06:00:00,1.0,1.0,1.0
1091,2035-05-17 09:00:00,1.0,1.0,1.0
1092,2035-05-17 12:00:00,1.0,1.0,1.0
1093,2035-05-17 15:00:00,1.0,1.0,1.0
1094,2035-05-17 18:00:00,1.0,1.0,1.0
1095,2035-05-17 21:00:00,1.0,1.0,1.0
1096,2035-05-18 00:00:00,1.0,1.0,1.0
1097,2035-05-18 03:00:00,1.0,1.0,1.0
1098,2035-05-18 06:00:00,1.0,1.0,1.0
1099,2035-05-18 09:00:00,1.0,1.0,1.0
1100,2035-05-18 12:00:00,1.0,1.0,1.0
1101,2035-05-18 15:00:00,1.0,1.0,1.0
1102,2035-05-18 18:00:00,1.0,1.0,1.0
1103,2035-05-18 21:00:00,1.0,1.0,1.0
1104,2035-05-19 00:00:00,1.0,1.0,1.0
1105,2035-05-19 03:00:00,1.0,1.0,1.0
1106,2035-05-19 06:00:00,1.0,1.0,1.0
1107,2035-05-19 09:00:00,1.0,1.0,1.0
1108,2035-05-19 12:00:00,1.0,1.0,1.0
1109,2035-05-19 15:00:00,1.0,1.0,1.0
1110,2035-05-19 18:00:00,1.0,1.0,1.0
1111,2035-05-19 21:00:00,1.0,1.0,1.0
1112,2035-05-20 00:00:00,1.0,1.0,1.0
1113,2035-05-20 03:00:00,1.0,1.0,1.0
1114,2035-05-20 06:00:00,1.0,1.0,1.0
1115,2035-05-20 09:00:00,1.0,1.0,1.0
1116,2035-05-20 12:00:00,1.0,1.0,1.0
1117,2035-05-20 15:00:00,1.0,1.0,1.0
1118,2035-05-20 18:00:00,1.0,1.0,1.0
1119,2035-05-20 21:00:00,1.0,1.0,1.0
1120,2035-05-21 00:00:00,1.0,1.0,1.0
1121,2035-05-21 03:00:00,1.0,1.0,1.0
1122,2035-05-21 06:00:00,1.0,1.0,1.0
1123,2035-05-21 09:00:00,1.0,1.0,1.0
1124,2035-05-21 12:00:00,1.0,1.0,1.0
1125,2035-05-21 15:00:00,1.0,1.0,1.0
1126,2035-05-21 18:00:00,1.0,1.0,1.0
1127,2035-05-21 21:00:00,1.0,1.0,1.0
1128,2035-05-22 00:00:00,1.0,1.0,1.0
1129,2035-05-22 03:00:00,1.0,1.0,1.0
1130,2035-05-22 06:00:00,1.0,1.0,1.0
1131,2035-05-22 09:00:00,1.0,1.0,1.0
1132,2035-05-22 12:00:00,1.0,1.0,1.0
1133,2035-05-22 15:00:00,1.0,1.0,1.0
1134,2035-05-22 18:00:00,1.0,1.0,1.0
1135,2035-05-22 21:00:00,1.0,1.0,1.0
1136,2035-05-23 00:00:00,1.0,1.0,1.0
1137,2035-05-23 03:00:00,1.0,1.0,1.0
1138,2035-05-23 06:00:00,1.0,1.0,1.0
1139,2035-05-23 09:00:00,1.0,1.0,1.0
1140,2035-05-23 12:00:00,1.0,1.0,1.0
1141,2035-05-23 15:00:00,1.0,1.0,1.0
1142,2035-05-23 18:00:00,1.0,1.0,1.0
1143,2035-05-23 21:00:00,1.0,1.0,1.0
1144,2035-05-24 00:00:00,1.0,1.0,1.0
1145,2035-05-24 03:00:00,1.0,1.0,1.0
1146,2035-05-24 06:00:00,1.0,1.0,1.0
1147,2035-05-24 09:00:00,1.0,1.0,1.0
1148,2035-05-24 12:00:00,1.0,1.0,1.0
1149,2035-05-24 15:00:00,1.0,1.0,1.0
1150,2035-05-24 18:00:00,1.0,1.0,1.0
1151,2035-05-24 21:00:00,1.0,1.0,1.0
1152,2035-05-25 00:00:00,1.0,1.0,1.0
1153,2035-05-25 03:00:00,1.0,1.0,1.0
1154,2035-05-25 06:00:00,1.0,1.0,1.0
1155,2035-05-25 09:00:00,1.0,1.0,1.0
1156,2035-05-25 12:00:00,1.0,1.0,1.0
1157,2035-05-25 15:00:00,1.0,1.0,1.0
1158,2035-05-25 18:00:00,1.0,1.0,1.0
1159,2035-05-25 21:00:00,1.0,1.0,1.0
1160,2035-05-26 00:00:00,1.0,1.0,1.0
1161,2035-05-26 03:00:00,1.0,1.0,1.0
1162,2035-05-26 06:00:00,1.0,1.0,1.0
1163,2035-05-26 09:00:00,1.0,1.0,1.0
1164,2035-05-26 12:00:00,1.0,1.0,1.0
1165,2035-05-26 15:00:00,1.0,1.0,1.0
1166,2035-05-26 18:00:00,1.0,1.0,1.0
1167,2035-05-26 21:00:00,1.0,1.0,1.0
1168,2035-05-27 00:00:00,1.0,1.0,1.0
1169,2035-05-27 03:00:00,1.0,1.0,1.0
1170,2035-05-27 06:00:00,1.0,1.0,1.0
1171,2035-05-27 09:00:00,1.0,1.0,1.0
1172,2035-05-27 12:00:00,1.0,1.0,1.0
1173,2035-05-27 15:00:00,1.0,1.0,1.0
1174,2035-05-27 18:00:00,1.0,1.0,1.0
1175,2035-05-27 21:00:00,1.0,1.0,1.0
1176,2035-05-28 00:00:00,1.0,1.0,1.0
1177,2035-05-28 03:00:00,1.0,1.0,1.0
1178,2035-05-28 06:00:00,1.0,1.0,1.0
1179,2035-05-28 09:00:00,1.0,1.0,1.0
1180,2035-05-28 12:00:00,1.0,1.0,1.0
1181,2035-05-28 15:00:00,1.0,1.0,1.0
1182,2035-05-28 18:00:00,1.0,1.0,1.0
1183,2035-05-28 21:00:00,1.0,1.0,1.0
1184,2035-05-29 00:00:00,1.0,1.0,1.0
1185,2035-05-29 03:00:00,1.0,1.0,1.0
1186,2035-05-29 06:00:00,1.0,1.0,1.0
1187,2035-05-29 09:00:00,1.0,1.0,1.0
1188,2035-05-29 12:00:00,1.0,1.0,1.0
1189,2035-05-29 15:00:00,1.0,1.0,1.0
1190,2035-05-29 18:00:00,1.0,1.0,1.0
1191,2035-05-29 21:00:00,1.0,1.0,1.0
1192,2035-05-30 00:00:00,1.0,1.0,1.0
1193,2035-05-30 03:00:00,1.0,1.0,1.0
1194,2035-05-30 06:00:00,1.0,1.0,1.0
1195,2035-05-30 09:00:00,1.0,1.0,1.0
1196,2035-05-30 12:00:00,1.0,1.0,1.0
1197,2035-05-30 15:00:00,1.0,1.0,1.0
1198,2035-05-30 18:00:00,1.0,1.0,1.0
1199,2035-05-30 21:00:00,1.0,1.0,1.0
1200,2035-05-31 00:00:00,1.0,1.0,1.0
1201,2035-05-31 03:00:00,1.0,1.0,1.0
1202,2035-05-31 06:00:00,1.0,1.0,1.0
1203,2035-05-31 09:00:00,1.0,1.0,1.0
1204,2035-05-31 12:00:00,1.0,1.0,1.0
1205,2035-05-31 15:00:00,1.0,1.0,1.0
1206,2035-05-31 18:00:00,1.0,1.0,1.0
1207,2035-05-31 21:00:00,1.0,1.0,1.0
1208,2035-06-01 00:00:00,1.0,1.0,1.0
1209,2035-06-01 03:00:00,1.0,1.0,1.0
1210,2035-06-01 06:00:00,1.0,1.0,1.0
1211,2035-06-01 09:00:00,1.0,1.0,1.0
1212,2035-06-01 12:00:00,1.0,1.0,1.0
1213,2035-06-01 15:00:00,1.0,1.0,1.0
1214,2035-06-01 18:00:00,1.0,1.0,1.0
1215,2035-06-01 21:00:00,1.0,1.0,1.0
1216,2035-06-02 00:00:00,1.0,1.0,1.0
1217,2035-06-02 03:00:00,1.0,1.0,1.0
1218,2035-06-02 06:00:00,1.0,1.0,1.0
1219,2035-06-02 09:00:00,1.0,1.0,1.0
1220,2035-06-02 12:00:00,1.0,1.0,1.0
1221,2035-06-02 15:00:00,1.0,1.0,1.0
1222,2035-06-02 18:00:00,1.0,1.0,1.0
1223,2035-06-02 21:00:00,1.0,1.0,1.0
1224,2035-06-03 00:00:00,1.0,1.0,1.0
1225,2035-06-03 03:00:00,1.0,1.0,1.0
1226,2035-06-03 06:00:00,1.0,1.0,1.0
1227,2035-06-03 09:00:00,1.0,1.0,1.0
1228,2035-06-03 12:00:00,1.0,1.0,1.0
1229,2035-06-03 15:00:00,1.0,1.0,1.0
1230,2035-06-03 18:00:00,1.0,1.0,1.0
1231,2035-06-03 21:00:00,1.0,1.0,1.0
1232,2035-06-04 00:00:00,1.0,1.0,1.0
1233,2035-06-04 03:00:00,1.0,1.0,1.0
1234,2035-06-04 06:00:00,1.0,1.0,1.0
1235,2035-06-04 09:00:00,1.0,1.0,1.0
1236,2035-06-04 12:00:00,1.0,1.0,1.0
1237,2035-06-04 15:00:00,1.0,1.0,1.0
1238,2035-06-04 18:00:00,1.0,1.0,1.0
1239,2035-06-04 21:00:00,1.0,1.0,1.0
1240,2035-06-05 00:00:00,1.0,1.0,1.0
1241,2035-06-05 03:00:00,1.0,1.0,1.0
1242,2035-06-05 06:00:00,1.0,1.0,1.0
1243,2035-06-05 09:00:00,1.0,1.0,1.0
1244,2035-06-05 12:00:00,1.0,1.0,1.0
1245,2035-06-05 15:00:00,1.0,1.0,1.0
1246,2035-06-05 18:00:00,1.0,1.0,1.0
1247,2035-06-05 21:00:00,1.0,1.0,1.0
1248,2035-06-06 00:00:00,1.0,1.0,1.0
1249,2035-06-06 03:00:00,1.0,1.0,1.0
1250,2035-06-06 06:00:00,1.0,1.0,1.0
1251,2035-06-06 09:00:00,1.0,1.0,1.0
1252,2035-06-06 12:00:00,1.0,1.0,1.0
1253,2035-06-06 15:00:00,1.0,1.0,1.0
1254,2035-06-06 18:00:00,1.0,1.0,1.0
1255,2035-06-06 21:00:00,1.0,1.0,1.0
1256,2035-06-07 00:00:00,1.0,1.0,1.0
1257,2035-06-07 03:00:00,1.0,1.0,1.0
1258,2035-06-07 06:00:00,1.0,1.0,1.0
1259,2035-06-07 09:00:00,1.0,1.0,1.0
1260,2035-06-07 12:00:00,1.0,1.0,1.0
1261,2035-06-07 15:00:00,1.0,1.0,1.0
1262,2035-06-07 18:00:00,1.0,1.0,1.0
1263,2035-06-07 21:00:00,1.0,1.0,1.0
1264,2035-06-08 00:00:00,1.0,1.0,1.0
1265,2035-06-08 03:00:00,1.0,1.0,1.0
1266,2035-06-08 06:00:00,1.0,1.0,1.0
1267,2035-06-08 09:00:00,1.0,1.0,1.0
1268,2035-06-08 12:00:00,1.0,1.0,1.0
1269,2035-06-08 15:00:00,1.0,1.0,1.0
1270,2035-06-08 18:00:00,1.0,1.0,1.0
1271,2035-06-08 21:00:00,1.0,1.0,1.0
1272,2035-06-09 00:00:00,1.0,1.0,1.0
1273,2035-06-09 03:00:00,1.0,1.0,1.0
1274,2035-06-09 06:00:00,1.0,1.0,1.0
1275,2035-06-09 09:00:00,1.0,1.0,1.0
1276,2035-06-09 12:00:00,1.0,1.0,1.0
1277,2035-06-09 15:00:00,1.0,1.0,1.0
1278,2035-06-09 18:00:00,1.0,1.0,1.0
1279,2035-06-09 21:00:00,1.0,1.0,1.0
1280,2035-06-10 00:00:00,1.0,1.0,1.0
1281,2035-06-10 03:00:00,1.0,1.0,1.0
1282,2035-06-10 06:00:00,1.0,1.0,1.0
1283,2035-06-10 09:00:00,1.0,1.0,1.0
1284,2035-06-10 12:00:00,1.0,1.0,1.0
1285,2035-06-10 15:00:00,1.0,1.0,1.0
1286,2035-06-10 18:00:00,1.0,1.0,1.0
1287,2035-06-10 21:00:00,1.0,1.0,1.0
1288,2035-06-11 00:00:00,1.0,1.0,1.0
1289,2035-06-11 03:00:00,1.0,1.0,1.0
1290,2035-06-11 06:00:00,1.0,1.0,1.0
1291,2035-06-11 09:00:00,1.0,1.0,1.0
1292,2035-06-11 12:00:00,1.0,1.0,1.0
1293,2035-06-11 15:00:00,1.0,1.0,1.0
1294,2035-06-11 18:00:00,1.0,1.0,1.0
1295,2035-06-11 21:00:00,1.0,1.0,1.0
1296,2035-06-12 00:00:00,1.0,1.0,1.0
1297,2035-06-12 03:00:00,1.0,1.0,1.0
1298,2035-06-12 06:00:00,1.0,1.0,1.0
1299,2035-06-12 09:00:00,1.0,1.0,1.0
1300,2035-06-12 12:00:00,1.0,1.0,1.0
1301,2035-06-12 15:00:00,1.0,1.0,1.0
1302,2035-06-12 18:00:00,1.0,1.0,1.0
1303,2035-06-12 21:00:00,1.0,1.0,1.0
1304,2035-06-13 00:00:00,1.0,1.0,1.0
1305,2035-06-13 03:00:00,1.0,1.0,1.0
1306,2035-06-13 06:00:00,1.0,1.0,1.0
1307,2035-06-13 09:00:00,1.0,1.0,1.0
1308,2035-06-13 12:00:00,1.0,1.0,1.0
1309,2035-06-13 15:00:00,1.0,1.0,1.0
1310,2035-06-13 18:00:00,1.0,1.0,1.0
1311,2035-06-13 21:00:00,1.0,1.0,1.0
1312,2035-06-14 00:00:00,1.0,1.0,1.0
1313,2035-06-14 03:00:00,1.0,1.0,1.0
1314,2035-06-14 06:00:00,1.0,1.0,1.0
1315,2035-06-14 09:00:00,1.0,1.0,1.0
1316,2035-06-14 12:00:00,1.0,1.0,1.0
1317,2035-06-14 15:00:00,1.0,1.0,1.0
1318,2035-06-14 18:00:00,1.0,1.0,1.0
1319,2035-06-14 21:00:00,1.0,1.0,1.0
1320,2035-06-15 00:00:00,1.0,1.0,1.0
1321,2035-06-15 03:00:00,1.0,1.0,1.0
1322,2035-06-15 06:00:00,1.0,1.0,1.0
1323,2035-06-15 09:00:00,1.0,1.0,1.0
1324,2035-06-15 12:00:00,1.0,1.0,1.0
1325,2035-06-15 15:00:00,1.0,1.0,1.0
1326,2035-06-15 18:00:00,1.0,1.0,1.0
1327,2035-06-15 21:00:00,1.0,1.0,1.0
1328,2035-06-16 00:00:00,1.0,1.0,1.0
1329,2035-06-16 03:00:00,1.0,1.0,1.0
1330,2035-06-16 06:00:00,1.0,1.0,1.0
1331,2035-06-16 09:00:00,1.0,1.0,1.0
1332,2035-06-16 12:00:00,1.0,1.0,1.0
1333,2035-06-16 15:00:00,1.0,1.0,1.0
1334,2035-06-16 18:00:00,1.0,1.0,1.0
1335,2035-06-16 21:00:00,1.0,1.0,1.0
1336,2035-06-17 00:00:00,1.0,1.0,1.0
1337,2035-06-17 03:00:00,1.0,1.0,1.0
1338,2035-06-17 06:00:00,1.0,1.0,1.0
1339,2035-06-17 09:00:00,1.0,1.0,1.0
1340,2035-06-17 12:00:00,1.0,1.0,1.0
1341,2035-06-17 15:00:00,1.0,1.0,1.0
1342,2035-06-17 18:00:00,1.0,1.0,1.0
1343,2035-06-17 21:00:00,1.0,1.0,1.0
1344,2035-06-18 00:00:00,1.0,1.0,1.0
1345,2035-06-18 03:00:00,1.0,1.0,1.0
1346,2035-06-18 06:00:00,1.0,1.0,1.0
1347,2035-06-18 09:00:00,1.0,1.0,1.0
1348,2035-06-18 12:00:00,1.0,1.0,1.0
1349,2035-06-18 15:00:00,1.0,1.0,1.0
1350,2035-06-18 18:00:00,1.0,1.0,1.0
1351,2035-06-18 21:00:00,1.0,1.0,1.0
1352,2035-06-19 00:00:00,1.0,1.0,1.0
1353,2035-06-19 03:00:00,1.0,1.0,1.0
1354,2035-06-19 06:00:00,1.0,1.0,1.0
1355,2035-06-19 09:00:00,1.0,1.0,1.0
1356,2035-06-19 12:00:00,1.0,1.0,1.0
1357,2035-06-19 15:00:00,1.0,1.0,1.0
1358,2035-06-19 18:00:00,1.0,1.0,1.0
1359,2035-06-19 21:00:00,1.0,1.0,1.0
1360,2035-06-20 00:00:00,1.0,1.0,1.0
1361,2035-06-20 03:00:00,1.0,1.0,1.0
1362,2035-06-20 06:00:00,1.0,1.0,1.0
1363,2035-06-20 09:00:00,1.0,1.0,1.0
1364,2035-06-20 12:00:00,1.0,1.0,1.0
1365,2035-06-20 15:00:00,1.0,1.0,1.0
1366,2035-06-20 18:00:00,1.0,1.0,1.0
1367,2035-06-20 21:00:00,1.0,1.0,1.0
1368,2035-06-21 00:00:00,1.0,1.0,1.0
1369,2035-06-21 03:00:00,1.0,1.0,1.0
1370,2035-06-21 06:00:00,1.0,1.0,1.0
1371,2035-06-21 09:00:00,1.0,1.0,1.0
1372,2035-06-21 12:00:00,1.0,1.0,1.0
1373,2035-06-21 15:00:00,1.0,1.0,1.0
1374,2035-06-21 18:00:00,1.0,1.0,1.0
1375,2035-06-21 21:00:00,1.0,1.0,1.0
1376,2035-06-22 00:00:00,1.0,1.0,1.0
1377,2035-06-22 03:00:00,1.0,1.0,1.0
1378,2035-06-22 06:00:00,1.0,1.0,1.0
1379,2035-06-22 09:00:00,1.0,1.0,1.0
1380,2035-06-22 12:00:00,1.0,1.0,1.0
1381,2035-06-22 15:00:00,1.0,1.0,1.0
1382,2035-06-22 18:00:00,1.0,1.0,1.0
1383,2035-06-22 21:00:00,1.0,1.0,1.0
1384,2035-06-23 00:00:00,1.0,1.0,1.0
1385,2035-06-23 03:00:00,1.0,1.0,1.0
1386,2035-06-23 06:00:00,1.0,1.0,1.0
1387,2035-06-23 09:00:00,1.0,1.0,1.0
1388,2035-06-23 12:00:00,1.0,1.0,1.0
1389,2035-06-23 15:00:00,1.0,1.0,1.0
1390,2035-06-23 18:00:00,1.0,1.0,1.0
1391,2035-06-23 21:00:00,1.0,1.0,1.0
1392,2035-06-24 00:00:00,1.0,1.0,1.0
1393,2035-06-24 03:00:00,1.0,1.0,1.0
1394,2035-06-24 06:00:00,1.0,1.0,1.0
1395,2035-06-24 09:00:00,1.0,1.0,1.0
1396,2035-06-24 12:00:00,1.0,1.0,1.0
1397,2035-06-24 15:00:00,1.0,1.0,1.0
1398,2035-06-24 18:00:00,1.0,1.0,1.0
1399,2035-06-24 21:00:00,1.0,1.0,1.0
1400,2035-06-25 00:00:00,1.0,1.0,1.0
1401,2035-06-25 03:00:00,1.0,1.0,1.0
1402,2035-06-25 06:00:00,1.0,1.0,1.0
1403,2035-06-25 09:00:00,1.0,1.0,1.0
1404,2035-06-25 12:00:00,1.0,1.0,1.0
1405,2035-06-25 15:00:00,1.0,1.0,1.0
1406,2035-06-25 18:00:00,1.0,1.0,1.0
1407,2035-06-25 21:00:00,1.0,1.0,1.0
1408,2035-06-26 00:00:00,1.0,1.0,1.0
1409,2035-06-26 03:00:00,1.0,1.0,1.0
1410,2035-06-26 06:00:00,1.0,1.0,1.0
1411,2035-06-26 09:00:00,1.0,1.0,1.0
1412,2035-06-26 12:00:00,1.0,1.0,1.0
1413,2035-06-26 15:00:00,1.0,1.0,1.0
1414,2035-06-26 18:00:00,1.0,1.0,1.0
1415,2035-06-26 21:00:00,1.0,1.0,1.0
1416,2035-06-27 00:00:00,1.0,1.0,1.0
1417,2035-06-27 03:00:00,1.0,1.0,1.0
1418,2035-06-27 06:00:00,1.0,1.0,1.0
1419,2035-06-27 09:00:00,1.0,1.0,1.0
1420,2035-06-27 12:00:00,1.0,1.0,1.0
1421,2035-06-27 15:00:00,1.0,1.0,1.0
1422,2035-06-27 18:00:00,1.0,1.0,1.0
1423,2035-06-27 21:00:00,1.0,1.0,1.0
1424,2035-06-28 00:00:00,1.0,1.0,1.0
1425,2035-06-28 03:00:00,1.0,1.0,1.0
1426,2035-06-28 06:00:00,1.0,1.0,1.0
1427,2035-06-28 09:00:00,1.0,1.0,1.0
1428,2035-06-28 12:00:00,1.0,1.0,1.0
1429,2035-06-28 15:00:00,1.0,1.0,1.0
1430,2035-06-28 18:00:00,1.0,1.0,1.0
1431,2035-06-28 21:00:00,1.0,1.0,1.0
1432,2035-06-29 00:00:00,1.0,1.0,1.0
1433,2035-06-29 03:00:00,1.0,1.0,1.0
1434,2035-06-29 06:00:00,1.0,1.0,1.0
1435,2035-06-29 09:00:00,1.0,1.0,1.0
1436,2035-06-29 12:00:00,1.0,1.0,1.0
1437,2035-06-29 15:00:00,1.0,1.0,1.0
1438,2035-06-29 18:00:00,1.0,1.0,1.0
1439,2035-06-29 21:00:00,1.0,1.0,1.0
1440,2035-06-30 00:00:00,1.0,1.0,1.0
1441,2035-06-30 03:00:00,1.0,1.0,1.0
1442,2035-06-30 06:00:00,1.0,1.0,1.0
1443,2035-06-30 09:00:00,1.0,1.0,1.0
1444,2035-06-30 12:00:00,1.0,1.0,1.0
1445,2035-06-30 15:00:00,1.0,1.0,1.0
1446,2035-06-30 18:00:00,1.0,1.0,1.0
1447,2035-06-30 21:00:00,1.0,1.0,1.0
1448,2035-07-01 00:00:00,1.0,1.0,1.0
1449,2035-07-01 03:00:00,1.0,1.0,1.0
1450,2035-07-01 06:00:00,1.0,1.0,1.0
1451,2035-07-01 09:00:00,1.0,1.0,1.0
1452,2035-07-01 12:00:00,1.0,1.0,1.0
1453,2035-07-01 15:00:00,1.0,1.0,1.0
1454,2035-07-01 18:00:00,1.0,1.0,1.0
1455,2035-07-01 21:00:00,1.0,1.0,1.0
1456,2035-07-02 00:00:00,1.0,1.0,1.0
1457,2035-07-02 03:00:00,1.0,1.0,1.0
1458,2035-07-02 06:00:00,1.0,1.0,1.0
1459,2035-07-02 09:00:00,1.0,1.0,1.0
1460,2035-07-02 12:00:00,1.0,1.0,1.0
1461,2035-07-02 15:00:00,1.0,1.0,1.0
1462,2035-07-02 18:00:00,1.0,1.0,1.0
1463,2035-07-02 21:00:00,1.0,1.0,1.0
1464,2035-07-03 00:00:00,1.0,1.0,1.0
1465,2035-07-03 03:00:00,1.0,1.0,1.0
1466,2035-07-03 06:00:00,1.0,1.0,1.0
1467,2035-07-03 09:00:00,1.0,1.0,1.0
1468,2035-07-03 12:00:00,1.0,1.0,1.0
1469,2035-07-03 15:00:00,1.0,1.0,1.0
1470,2035-07-03 18:00:00,1.0,1.0,1.0
1471,2035-07-03 21:00:00,1.0,1.0,1.0
1472,2035-07-04 00:00:00,1.0,1.0,1.0
1473,2035-07-04 03:00:00,1.0,1.0,1.0
1474,2035-07-04 06:00:00,1.0,1.0,1.0
1475,2035-07-04 09:00:00,1.0,1.0,1.0
1476,2035-07-04 12:00:00,1.0,1.0,1.0
1477,2035-07-04 15:00:00,1.0,1.0,1.0
1478,2035-07-04 18:00:00,1.0,1.0,1.0
1479,2035-07-04 21:00:00,1.0,1.0,1.0
1480,2035-07-05 00:00:00,1.0,1.0,1.0
1481,2035-07-05 03:00:00,1.0,1.0,1.0
1482,2035-07-05 06:00:00,1.0,1.0,1.0
1483,2035-07-05 09:00:00,1.0,1.0,1.0
1484,2035-07-05 12:00:00,1.0,1.0,1.0
1485,2035-07-05 15:00:00,1.0,1.0,1.0
1486,2035-07-05 18:00:00,1.0,1.0,1.0
1487,2035-07-05 21:00:00,1.0,1.0,1.0
1488,2035-07-06 00:00:00,1.0,1.0,1.0
1489,2035-07-06 03:00:00,1.0,1.0,1.0
1490,2035-07-06 06:00:00,1.0,1.0,1.0
1491,2035-07-06 09:00:00,1.0,1.0,1.0
1492,2035-07-06 12:00:00,1.0,1.0,1.0
1493,2035-07-06 15:00:00,1.0,1.0,1.0
1494,2035-07-06 18:00:00,1.0,1.0,1.0
1495,2035-07-06 21:00:00,1.0,1.0,1.0
1496,2035-07-07 00:00:00,1.0,1.0,1.0
1497,2035-07-07 03:00:00,1.0,1.0,1.0
1498,2035-07-07 06:00:00,1.0,1.0,1.0
1499,2035-07-07 09:00:00,1.0,1.0,1.0
1500,2035-07-07 12:00:00,1.0,1.0,1.0
1501,2035-07-07 15:00:00,1.0,1.0,1.0
1502,2035-07-07 18:00:00,1.0,1.0,1.0
1503,2035-07-07 21:00:00,1.0,1.0,1.0
1504,2035-07-08 00:00:00,1.0,1.0,1.0
1505,2035-07-08 03:00:00,1.0,1.0,1.0
1506,2035-07-08 06:00:00,1.0,1.0,1.0
1507,2035-07-08 09:00:00,1.0,1.0,1.0
1508,2035-07-08 12:00:00,1.0,1.0,1.0
1509,2035-07-08 15:00:00,1.0,1.0,1.0
1510,2035-07-08 18:00:00,1.0,1.0,1.0
1511,2035-07-08 21:00:00,1.0,1.0,1.0
1512,2035-07-09 00:00:00,1.0,1.0,1.0
1513,2035-07-09 03:00:00,1.0,1.0,1.0
1514,2035-07-09 06:00:00,1.0,1.0,1.0
1515,2035-07-09 09:00:00,1.0,1.0,1.0
1516,2035-07-09 12:00:00,1.0,1.0,1.0
1517,2035-07-09 15:00:00,1.0,1.0,1.0
1518,2035-07-09 18:00:00,1.0,1.0,1.0
1519,2035-07-09 21:00:00,1.0,1.0,1.0
1520,2035-07-10 00:00:00,1.0,1.0,1.0
1521,2035-07-10 03:00:00,1.0,1.0,1.0
1522,2035-07-10 06:00:00,1.0,1.0,1.0
1523,2035-07-10 09:00:00,1.0,1.0,1.0
1524,2035-07-10 12:00:00,1.0,1.0,1.0
1525,2035-07-10 15:00:00,1.0,1.0,1.0
1526,2035-07-10 18:00:00,1.0,1.0,1.0
1527,2035-07-10 21:00:00,1.0,1.0,1.0
1528,2035-07-11 00:00:00,1.0,1.0,1.0
1529,2035-07-11 03:00:00,1.0,1.0,1.0
1530,2035-07-11 06:00:00,1.0,1.0,1.0
1531,2035-07-11 09:00:00,1.0,1.0,1.0
1532,2035-07-11 12:00:00,1.0,1.0,1.0
1533,2035-07-11 15:00:00,1.0,1.0,1.0
1534,2035-07-11 18:00:00,1.0,1.0,1.0
1535,2035-07-11 21:00:00,1.0,1.0,1.0
1536,2035-07-12 00:00:00,1.0,1.0,1.0
1537,2035-07-12 03:00:00,1.0,1.0,1.0
1538,2035-07-12 06:00:00,1.0,1.0,1.0
1539,2035-07-12 09:00:00,1.0,1.0,1.0
1540,2035-07-12 12:00:00,1.0,1.0,1.0
1541,2035-07-12 15:00:00,1.0,1.0,1.0
1542,2035-07-12 18:00:00,1.0,1.0,1.0
1543,2035-07-12 21:00:00,1.0,1.0,1.0
1544,2035-07-13 00:00:00,1.0,1.0,1.0
1545,2035-07-13 03:00:00,1.0,1.0,1.0
1546,2035-07-13 06:00:00,1.0,1.0,1.0
1547,2035-07-13 09:00:00,1.0,1.0,1.0
1548,2035-07-13 12:00:00,1.0,1.0,1.0
1549,2035-07-13 15:00:00,1.0,1.0,1.0
1550,2035-07-13 18:00:00,1.0,1.0,1.0
1551,2035-07-13 21:00:00,1.0,1.0,1.0
1552,2035-07-14 00:00:00,1.0,1.0,1.0
1553,2035-07-14 03:00:00,1.0,1.0,1.0
1554,2035-07-14 06:00:00,1.0,1.0,1.0
1555,2035-07-14 09:00:00,1.0,1.0,1.0
1556,2035-07-14 12:00:00,1.0,1.0,1.0
1557,2035-07-14 15:00:00,1.0,1.0,1.0
1558,2035-07-14 18:00:00,1.0,1.0,1.0
1559,2035-07-14 21:00:00,1.0,1.0,1.0
1560,2035-07-15 00:00:00,1.0,1.0,1.0
1561,2035-07-15 03:00:00,1.0,1.0,1.0
1562,2035-07-15 06:00:00,1.0,1.0,1.0
1563,2035-07-15 09:00:00,1.0,1.0,1.0
1564,2035-07-15 12:00:00,1.0,1.0,1.0
1565,2035-07-15 15:00:00,1.0,1.0,1.0
1566,2035-07-15 18:00:00,1.0,1.0,1.0
1567,2035-07-15 21:00:00,1.0,1.0,1.0
1568,2035-07-16 00:00:00,1.0,1.0,1.0
1569,2035-07-16 03:00:00,1.0,1.0,1.0
1570,2035-07-16 06:00:00,1.0,1.0,1.0
1571,2035-07-16 09:00:00,1.0,1.0,1.0
1572,2035-07-16 12:00:00,1.0,1.0,1.0
1573,2035-07-16 15:00:00,1.0,1.0,1.0
1574,2035-07-16 18:00:00,1.0,1.0,1.0
1575,2035-07-16 21:00:00,1.0,1.0,1.0
1576,2035-07-17 00:00:00,1.0,1.0,1.0
1577,2035-07-17 03:00:00,1.0,1.0,1.0
1578,2035-07-17 06:00:00,1.0,1.0,1.0
1579,2035-07-17 09:00:00,1.0,1.0,1.0
1580,2035-07-17 12:00:00,1.0,1.0,1.0
1581,2035-07-17 15:00:00,1.0,1.0,1.0
1582,2035-07-17 18:00:00,1.0,1.0,1.0
1583,2035-07-17 21:00:00,1.0,1.0,1.0
1584,2035-07-18 00:00:00,1.0,1.0,1.0
1585,2035-07-18 03:00:00,1.0,1.0,1.0
1586,2035-07-18 06:00:00,1.0,1.0,1.0
1587,2035-07-18 09:00:00,1.0,1.0,1.0
1588,2035-07-18 12:00:00,1.0,1.0,1.0
1589,2035-07-18 15:00:00,1.0,1.0,1.0
1590,2035-07-18 18:00:00,1.0,1.0,1.0
1591,2035-07-18 21:00:00,1.0,1.0,1.0
1592,2035-07-19 00:00:00,1.0,1.0,1.0
1593,2035-07-19 03:00:00,1.0,1.0,1.0
1594,2035-07-19 06:00:00,1.0,1.0,1.0
1595,2035-07-19 09:00:00,1.0,1.0,1.0
1596,2035-07-19 12:00:00,1.0,1.0,1.0
1597,2035-07-19 15:00:00,1.0,1.0,1.0
1598,2035-07-19 18:00:00,1.0,1.0,1.0
1599,2035-07-19 21:00:00,1.0,1.0,1.0
1600,2035-07-20 00:00:00,1.0,1.0,1.0
1601,2035-07-20 03:00:00,1.0,1.0,1.0
1602,2035-07-20 06:00:00,1.0,1.0,1.0
1603,2035-07-20 09:00:00,1.0,1.0,1.0
1604,2035-07-20 12:00:00,1.0,1.0,1.0
1605,2035-07-20 15:00:00,1.0,1.0,1.0
1606,2035-07-20 18:00:00,1.0,1.0,1.0
1607,2035-07-20 21:00:00,1.0,1.0,1.0
1608,2035-07-21 00:00:00,1.0,1.0,1.0
1609,2035-07-21 03:00:00,1.0,1.0,1.0
1610,2035-07-21 06:00:00,1.0,1.0,1.0
1611,2035-07-21 09:00:00,1.0,1.0,1.0
1612,2035-07-21 12:00:00,1.0,1.0,1.0
1613,2035-07-21 15:00:00,1.0,1.0,1.0
1614,2035-07-21 18:00:00,1.0,1.0,1.0
1615,2035-07-21 21:00:00,1.0,1.0,1.0
1616,2035-07-22 00:00:00,1.0,1.0,1.0
1617,2035-07-22 03:00:00,1.0,1.0,1.0
1618,2035-07-22 06:00:00,1.0,1.0,1.0
1619,2035-07-22 09:00:00,1.0,1.0,1.0
1620,2035-07-22 12:00:00,1.0,1.0,1.0
1621,2035-07-22 15:00:00,1.0,1.0,1.0
1622,2035-07-22 18:00:00,1.0,1.0,1.0
1623,2035-07-22 21:00:00,1.0,1.0,1.0
1624,2035-07-23 00:00:00,1.0,1.0,1.0
1625,2035-07-23 03:00:00,1.0,1.0,1.0
1626,2035-07-23 06:00:00,1.0,1.0,1.0
1627,2035-07-23 09:00:00,1.0,1.0,1.0
1628,2035-07-23 12:00:00,1.0,1.0,1.0
1629,2035-07-23 15:00:00,1.0,1.0,1.0
1630,2035-07-23 18:00:00,1.0,1.0,1.0
1631,2035-07-23 21:00:00,1.0,1.0,1.0
1632,2035-07-24 00:00:00,1.0,1.0,1.0
1633,2035-07-24 03:00:00,1.0,1.0,1.0
1634,2035-07-24 06:00:00,1.0,1.0,1.0
1635,2035-07-24 09:00:00,1.0,1.0,1.0
1636,2035-07-24 12:00:00,1.0,1.0,1.0
1637,2035-07-24 15:00:00,1.0,1.0,1.0
1638,2035-07-24 18:00:00,1.0,1.0,1.0
1639,2035-07-24 21:00:00,1.0,1.0,1.0
1640,2035-07-25 00:00:00,1.0,1.0,1.0
1641,2035-07-25 03:00:00,1.0,1.0,1.0
1642,2035-07-25 06:00:00,1.0,1.0,1.0
1643,2035-07-25 09:00:00,1.0,1.0,1.0
1644,2035-07-25 12:00:00,1.0,1.0,1.0
1645,2035-07-25 15:00:00,1.0,1.0,1.0
1646,2035-07-25 18:00:00,1.0,1.0,1.0
1647,2035-07-25 21:00:00,1.0,1.0,1.0
1648,2035-07-26 00:00:00,1.0,1.0,1.0
1649,2035-07-26 03:00:00,1.0,1.0,1.0
1650,2035-07-26 06:00:00,1.0,1.0,1.0
1651,2035-07-26 09:00:00,1.0,1.0,1.0
1652,2035-07-26 12:00:00,1.0,1.0,1.0
1653,2035-07-26 15:00:00,1.0,1.0,1.0
1654,2035-07-26 18:00:00,1.0,1.0,1.0
1655,2035-07-26 21:00:00,1.0,1.0,1.0
1656,2035-07-27 00:00:00,1.0,1.0,1.0
1657,2035-07-27 03:00:00,1.0,1.0,1.0
1658,2035-07-27 06:00:00,1.0,1.0,1.0
1659,2035-07-27 09:00:00,1.0,1.0,1.0
1660,2035-07-27 12:00:00,1.0,1.0,1.0
1661,2035-07-27 15:00:00,1.0,1.0,1.0
1662,2035-07-27 18:00:00,1.0,1.0,1.0
1663,2035-07-27 21:00:00,1.0,1.0,1.0
1664,2035-07-28 00:00:00,1.0,1.0,1.0
1665,2035-07-28 03:00:00,1.0,1.0,1.0
1666,2035-07-28 06:00:00,1.0,1.0,1.0
1667,2035-07-28 09:00:00,1.0,1.0,1.0
1668,2035-07-28 12:00:00,1.0,1.0,1.0
1669,2035-07-28 15:00:00,1.0,1.0,1.0
1670,2035-07-28 18:00:00,1.0,1.0,1.0
1671,2035-07-28 21:00:00,1.0,1.0,1.0
1672,2035-07-29 00:00:00,1.0,1.0,1.0
1673,2035-07-29 03:00:00,1.0,1.0,1.0
1674,2035-07-29 06:00:00,1.0,1.0,1.0
1675,2035-07-29 09:00:00,1.0,1.0,1.0
1676,2035-07-29 12:00:00,1.0,1.0,1.0
1677,2035-07-29 15:00:00,1.0,1.0,1.0
1678,2035-07-29 18:00:00,1.0,1.0,1.0
1679,2035-07-29 21:00:00,1.0,1.0,1.0
1680,2035-07-30 00:00:00,1.0,1.0,1.0
1681,2035-07-30 03:00:00,1.0,1.0,1.0
1682,2035-07-30 06:00:00,1.0,1.0,1.0
1683,2035-07-30 09:00:00,1.0,1.0,1.0
1684,2035-07-30 12:00:00,1.0,1.0,1.0
1685,2035-07-30 15:00:00,1.0,1.0,1.0
1686,2035-07-30 18:00:00,1.0,1.0,1.0
1687,2035-07-30 21:00:00,1.0,1.0,1.0
1688,2035-07-31 00:00:00,1.0,1.0,1.0
1689,2035-07-31 03:00:00,1.0,1.0,1.0
1690,2035-07-31 06:00:00,1.0,1.0,1.0
1691,2035-07-31 09:00:00,1.0,1.0,1.0
1692,2035-07-31 12:00:00,1.0,1.0,1.0
1693,2035-07-31 15:00:00,1.0,1.0,1.0
1694,2035-07-31 18:00:00,1.0,1.0,1.0
1695,2035-07-31 21:00:00,1.0,1.0,1.0
1696,2035-08-01 00:00:00,1.0,1.0,1.0
1697,2035-08-01 03:00:00,1.0,1.0,1.0
1698,2035-08-01 06:00:00,1.0,1.0,1.0
1699,2035-08-01 09:00:00,1.0,1.0,1.0
1700,2035-08-01 12:00:00,1.0,1.0,1.0
1701,2035-08-01 15:00:00,1.0,1.0,1.0
1702,2035-08-01 18:00:00,1.0,1.0,1.0
1703,2035-08-01 21:00:00,1.0,1.0,1.0
1704,2035-08-02 00:00:00,1.0,1.0,1.0
1705,2035-08-02 03:00:00,1.0,1.0,1.0
1706,2035-08-02 06:00:00,1.0,1.0,1.0
1707,2035-08-02 09:00:00,1.0,1.0,1.0
1708,2035-08-02 12:00:00,1.0,1.0,1.0
1709,2035-08-02 15:00:00,1.0,1.0,1.0
1710,2035-08-02 18:00:00,1.0,1.0,1.0
1711,2035-08-02 21:00:00,1.0,1.0,1.0
1712,2035-08-03 00:00:00,1.0,1.0,1.0
1713,2035-08-03 03:00:00,1.0,1.0,1.0
1714,2035-08-03 06:00:00,1.0,1.0,1.0
1715,2035-08-03 09:00:00,1.0,1.0,1.0
1716,2035-08-03 12:00:00,1.0,1.0,1.0
1717,2035-08-03 15:00:00,1.0,1.0,1.0
1718,2035-08-03 18:00:00,1.0,1.0,1.0
1719,2035-08-03 21:00:00,1.0,1.0,1.0
1720,2035-08-04 00:00:00,1.0,1.0,1.0
1721,2035-08-04 03:00:00,1.0,1.0,1.0
1722,2035-08-04 06:00:00,1.0,1.0,1.0
1723,2035-08-04 09:00:00,1.0,1.0,1.0
1724,2035-08-04 12:00:00,1.0,1.0,1.0
1725,2035-08-04 15:00:00,1.0,1.0,1.0
1726,2035-08-04 18:00:00,1.0,1.0,1.0
1727,2035-08-04 21:00:00,1.0,1.0,1.0
1728,2035-08-05 00:00:00,1.0,1.0,1.0
1729,2035-08-05 03:00:00,1.0,1.0,1.0
1730,2035-08-05 06:00:00,1.0,1.0,1.0
1731,2035-08-05 09:00:00,1.0,1.0,1.0
1732,2035-08-05 12:00:00,1.0,1.0,1.0
1733,2035-08-05 15:00:00,1.0,1.0,1.0
1734,2035-08-05 18:00:00,1.0,1.0,1.0
1735,2035-08-05 21:00:00,1.0,1.0,1.0
1736,2035-08-06 00:00:00,1.0,1.0,1.0
1737,2035-08-06 03:00:00,1.0,1.0,1.0
1738,2035-08-06 06:00:00,1.0,1.0,1.0
1739,2035-08-06 09:00:00,1.0,1.0,1.0
1740,2035-08-06 12:00:00,1.0,1.0,1.0
1741,2035-08-06 15:00:00,1.0,1.0,1.0
1742,2035-08-06 18:00:00,1.0,1.0,1.0
1743,2035-08-06 21:00:00,1.0,1.0,1.0
1744,2035-08-07 00:00:00,1.0,1.0,1.0
1745,2035-08-07 03:00:00,1.0,1.0,1.0
1746,2035-08-07 06:00:00,1.0,1.0,1.0
1747,2035-08-07 09:00:00,1.0,1.0,1.0
1748,2035-08-07 12:00:00,1.0,1.0,1.0
1749,2035-08-07 15:00:00,1.0,1.0,1.0
1750,2035-08-07 18:00:00,1.0,1.0,1.0
1751,2035-08-07 21:00:00,1.0,1.0,1.0
1752,2035-08-08 00:00:00,1.0,1.0,1.0
1753,2035-08-08 03:00:00,1.0,1.0,1.0
1754,2035-08-08 06:00:00,1.0,1.0,1.0
1755,2035-08-08 09:00:00,1.0,1.0,1.0
1756,2035-08-08 12:00:00,1.0,1.0,1.0
1757,2035-08-08 15:00:00,1.0,1.0,1.0
1758,2035-08-08 18:00:00,1.0,1.0,1.0
1759,2035-08-08 21:00:00,1.0,1.0,1.0
1760,2035-08-09 00:00:00,1.0,1.0,1.0
1761,2035-08-09 03:00:00,1.0,1.0,1.0
1762,2035-08-09 06:00:00,1.0,1.0,1.0
1763,2035-08-09 09:00:00,1.0,1.0,1.0
1764,2035-08-09 12:00:00,1.0,1.0,1.0
1765,2035-08-09 15:00:00,1.0,1.0,1.0
1766,2035-08-09 18:00:00,1.0,1.0,1.0
1767,2035-08-09 21:00:00,1.0,1.0,1.0
1768,2035-08-10 00:00:00,1.0,1.0,1.0
1769,2035-08-10 03:00:00,1.0,1.0,1.0
1770,2035-08-10 06:00:00,1.0,1.0,1.0
1771,2035-08-10 09:00:00,1.0,1.0,1.0
1772,2035-08-10 12:00:00,1.0,1.0,1.0
1773,2035-08-10 15:00:00,1.0,1.0,1.0
1774,2035-08-10 18:00:00,1.0,1.0,1.0
1775,2035-08-10 21:00:00,1.0,1.0,1.0
1776,2035-08-11 00:00:00,1.0,1.0,1.0
1777,2035-08-11 03:00:00,1.0,1.0,1.0
1778,2035-08-11 06:00:00,1.0,1.0,1.0
1779,2035-08-11 09:00:00,1.0,1.0,1.0
1780,2035-08-11 12:00:00,1.0,1.0,1.0
1781,2035-08-11 15:00:00,1.0,1.0,1.0
1782,2035-08-11 18:00:00,1.0,1.0,1.0
1783,2035-08-11 21:00:00,1.0,1.0,1.0
1784,2035-08-12 00:00:00,1.0,1.0,1.0
1785,2035-08-12 03:00:00,1.0,1.0,1.0
1786,2035-08-12 06:00:00,1.0,1.0,1.0
1787,2035-08-12 09:00:00,1.0,1.0,1.0
1788,2035-08-12 12:00:00,1.0,1.0,1.0
1789,2035-08-12 15:00:00,1.0,1.0,1.0
1790,2035-08-12 18:00:00,1.0,1.0,1.0
1791,2035-08-12 21:00:00,1.0,1.0,1.0
1792,2035-08-13 00:00:00,1.0,1.0,1.0
1793,2035-08-13 03:00:00,1.0,1.0,1.0
1794,2035-08-13 06:00:00,1.0,1.0,1.0
1795,2035-08-13 09:00:00,1.0,1.0,1.0
1796,2035-08-13 12:00:00,1.0,1.0,1.0
1797,2035-08-13 15:00:00,1.0,1.0,1.0
1798,2035-08-13 18:00:00,1.0,1.0,1.0
1799,2035-08-13 21:00:00,1.0,1.0,1.0
1800,2035-08-14 00:00:00,1.0,1.0,1.0
1801,2035-08-14 03:00:00,1.0,1.0,1.0
1802,2035-08-14 06:00:00,1.0,1.0,1.0
1803,2035-08-14 09:00:00,1.0,1.0,1.0
1804,2035-08-14 12:00:00,1.0,1.0,1.0
1805,2035-08-14 15:00:00,1.0,1.0,1.0
1806,2035-08-14 18:00:00,1.0,1.0,1.0
1807,2035-08-14 21:00:00,1.0,1.0,1.0
1808,2035-08-15 00:00:00,1.0,1.0,1.0
1809,2035-08-15 03:00:00,1.0,1.0,1.0
1810,2035-08-15 06:00:00,1.0,1.0,1.0
1811,2035-08-15 09:00:00,1.0,1.0,1.0
1812,2035-08-15 12:00:00,1.0,1.0,1.0
1813,2035-08-15 15:00:00,1.0,1.0,1.0
1814,2035-08-15 18:00:00,1.0,1.0,1.0
1815,2035-08-15 21:00:00,1.0,1.0,1.0
1816,2035-08-16 00:00:00,1.0,1.0,1.0
1817,2035-08-16 03:00:00,1.0,1.0,1.0
1818,2035-08-16 06:00:00,1.0,1.0,1.0
1819,2035-08-16 09:00:00,1.0,1.0,1.0
1820,2035-08-16 12:00:00,1.0,1.0,1.0
1821,2035-08-16 15:00:00,1.0,1.0,1.0
1822,2035-08-16 18:00:00,1.0,1.0,1.0
1823,2035-08-16 21:00:00,1.0,1.0,1.0
1824,2035-08-17 00:00:00,1.0,1.0,1.0
1825,2035-08-17 03:00:00,1.0,1.0,1.0
1826,2035-08-17 06:00:00,1.0,1.0,1.0
1827,2035-08-17 09:00:00,1.0,1.0,1.0
1828,2035-08-17 12:00:00,1.0,1.0,1.0
1829,2035-08-17 15:00:00,1.0,1.0,1.0
1830,2035-08-17 18:00:00,1.0,1.0,1.0
1831,2035-08-17 21:00:00,1.0,1.0,1.0
1832,2035-08-18 00:00:00,1.0,1.0,1.0
1833,2035-08-18 03:00:00,1.0,1.0,1.0
1834,2035-08-18 06:00:00,1.0,1.0,1.0
1835,2035-08-18 09:00:00,1.0,1.0,1.0
1836,2035-08-18 12:00:00,1.0,1.0,1.0
1837,2035-08-18 15:00:00,1.0,1.0,1.0
1838,2035-08-18 18:00:00,1.0,1.0,1.0
1839,2035-08-18 21:00:00,1.0,1.0,1.0
1840,2035-08-19 00:00:00,1.0,1.0,1.0
1841,2035-08-19 03:00:00,1.0,1.0,1.0
1842,2035-08-19 06:00:00,1.0,1.0,1.0
1843,2035-08-19 09:00:00,1.0,1.0,1.0
1844,2035-08-19 12:00:00,1.0,1.0,1.0
1845,2035-08-19 15:00:00,1.0,1.0,1.0
1846,2035-08-19 18:00:00,1.0,1.0,1.0
1847,2035-08-19 21:00:00,1.0,1.0,1.0
1848,2035-08-20 00:00:00,1.0,1.0,1.0
1849,2035-08-20 03:00:00,1.0,1.0,1.0
1850,2035-08-20 06:00:00,1.0,1.0,1.0
1851,2035-08-20 09:00:00,1.0,1.0,1.0
1852,2035-08-20 12:00:00,1.0,1.0,1.0
1853,2035-08-20 15:00:00,1.0,1.0,1.0
1854,2035-08-20 18:00:00,1.0,1.0,1.0
1855,2035-08-20 21:00:00,1.0,1.0,1.0
1856,2035-08-21 00:00:00,1.0,1.0,1.0
1857,2035-08-21 03:00:00,1.0,1.0,1.0
1858,2035-08-21 06:00:00,1.0,1.0,1.0
1859,2035-08-21 09:00:00,1.0,1.0,1.0
1860,2035-08-21 12:00:00,1.0,1.0,1.0
1861,2035-08-21 15:00:00,1.0,1.0,1.0
1862,2035-08-21 18:00:00,1.0,1.0,1.0
1863,2035-08-21 21:00:00,1.0,1.0,1.0
1864,2035-08-22 00:00:00,1.0,1.0,1.0
1865,2035-08-22 03:00:00,1.0,1.0,1.0
1866,2035-08-22 06:00:00,1.0,1.0,1.0
1867,2035-08-22 09:00:00,1.0,1.0,1.0
1868,2035-08-22 12:00:00,1.0,1.0,1.0
1869,2035-08-22 15:00:00,1.0,1.0,1.0
1870,2035-08-22 18:00:00,1.0,1.0,1.0
1871,2035-08-22 21:00:00,1.0,1.0,1.0
1872,2035-08-23 00:00:00,1.0,1.0,1.0
1873,2035-08-23 03:00:00,1.0,1.0,1.0
1874,2035-08-23 06:00:00,1.0,1.0,1.0
1875,2035-08-23 09:00:00,1.0,1.0,1.0
1876,2035-08-23 12:00:00,1.0,1.0,1.0
1877,2035-08-23 15:00:00,1.0,1.0,1.0
1878,2035-08-23 18:00:00,1.0,1.0,1.0
1879,2035-08-23 21:00:00,1.0,1.0,1.0
1880,2035-08-24 00:00:00,1.0,1.0,1.0
1881,2035-08-24 03:00:00,1.0,1.0,1.0
1882,2035-08-24 06:00:00,1.0,1.0,1.0
1883,2035-08-24 09:00:00,1.0,1.0,1.0
1884,2035-08-24 12:00:00,1.0,1.0,1.0
1885,2035-08-24 15:00:00,1.0,1.0,1.0
1886,2035-08-24 18:00:00,1.0,1.0,1.0
1887,2035-08-24 21:00:00,1.0,1.0,1.0
1888,2035-08-25 00:00:00,1.0,1.0,1.0
1889,2035-08-25 03:00:00,1.0,1.0,1.0
1890,2035-08-25 06:00:00,1.0,1.0,1.0
1891,2035-08-25 09:00:00,1.0,1.0,1.0
1892,2035-08-25 12:00:00,1.0,1.0,1.0
1893,2035-08-25 15:00:00,1.0,1.0,1.0
1894,2035-08-25 18:00:00,1.0,1.0,1.0
1895,2035-08-25 21:00:00,1.0,1.0,1.0
1896,2035-08-26 00:00:00,1.0,1.0,1.0
1897,2035-08-26 03:00:00,1.0,1.0,1.0
1898,2035-08-26 06:00:00,1.0,1.0,1.0
1899,2035-08-26 09:00:00,1.0,1.0,1.0
1900,2035-08-26 12:00:00,1.0,1.0,1.0
1901,2035-08-26 15:00:00,1.0,1.0,1.0
1902,2035-08-26 18:00:00,1.0,1.0,1.0
1903,2035-08-26 21:00:00,1.0,1.0,1.0
1904,2035-08-27 00:00:00,1.0,1.0,1.0
1905,2035-08-27 03:00:00,1.0,1.0,1.0
1906,2035-08-27 06:00:00,1.0,1.0,1.0
1907,2035-08-27 09:00:00,1.0,1.0,1.0
1908,2035-08-27 12:00:00,1.0,1.0,1.0
1909,2035-08-27 15:00:00,1.0,1.0,1.0
1910,2035-08-27 18:00:00,1.0,1.0,1.0
1911,2035-08-27 21:00:00,1.0,1.0,1.0
1912,2035-08-28 00:00:00,1.0,1.0,1.0
1913,2035-08-28 03:00:00,1.0,1.0,1.0
1914,2035-08-28 06:00:00,1.0,1.0,1.0
1915,2035-08-28 09:00:00,1.0,1.0,1.0
1916,2035-08-28 12:00:00,1.0,1.0,1.0
1917,2035-08-28 15:00:00,1.0,1.0,1.0
1918,2035-08-28 18:00:00,1.0,1.0,1.0
1919,2035-08-28 21:00:00,1.0,1.0,1.0
1920,2035-08-29 00:00:00,1.0,1.0,1.0
1921,2035-08-29 03:00:00,1.0,1.0,1.0
1922,2035-08-29 06:00:00,1.0,1.0,1.0
1923,2035-08-29 09:00:00,1.0,1.0,1.0
1924,2035-08-29 12:00:00,1.0,1.0,1.0
1925,2035-08-29 15:00:00,1.0,1.0,1.0
1926,2035-08-29 18:00:00,1.0,1.0,1.0
1927,2035-08-29 21:00:00,1.0,1.0,1.0
1928,2035-08-30 00:00:00,1.0,1.0,1.0
1929,2035-08-30 03:00:00,1.0,1.0,1.0
1930,2035-08-30 06:00:00,1.0,1.0,1.0
1931,2035-08-30 09:00:00,1.0,1.0,1.0
1932,2035-08-30 12:00:00,1.0,1.0,1.0
1933,2035-08-30 15:00:00,1.0,1.0,1.0
1934,2035-08-30 18:00:00,1.0,1.0,1.0
1935,2035-08-30 21:00:00,1.0,1.0,1.0
1936,2035-08-31 00:00:00,1.0,1.0,1.0
1937,2035-08-31 03:00:00,1.0,1.0,1.0
1938,2035-08-31 06:00:00,1.0,1.0,1.0
1939,2035-08-31 09:00:00,1.0,1.0,1.0
1940,2035-08-31 12:00:00,1.0,1.0,1.0
1941,2035-08-31 15:00:00,1.0,1.0,1.0
1942,2035-08-31 18:00:00,1.0,1.0,1.0
1943,2035-08-31 21:00:00,1.0,1.0,1.0
1944,2035-09-01 00:00:00,1.0,1.0,1.0
1945,2035-09-01 03:00:00,1.0,1.0,1.0
1946,2035-09-01 06:00:00,1.0,1.0,1.0
1947,2035-09-01 09:00:00,1.0,1.0,1.0
1948,2035-09-01 12:00:00,1.0,1.0,1.0
1949,2035-09-01 15:00:00,1.0,1.0,1.0
1950,2035-09-01 18:00:00,1.0,1.0,1.0
1951,2035-09-01 21:00:00,1.0,1.0,1.0
1952,2035-09-02 00:00:00,1.0,1.0,1.0
1953,2035-09-02 03:00:00,1.0,1.0,1.0
1954,2035-09-02 06:00:00,1.0,1.0,1.0
1955,2035-09-02 09:00:00,1.0,1.0,1.0
1956,2035-09-02 12:00:00,1.0,1.0,1.0
1957,2035-09-02 15:00:00,1.0,1.0,1.0
1958,2035-09-02 18:00:00,1.0,1.0,1.0
1959,2035-09-02 21:00:00,1.0,1.0,1.0
1960,2035-09-03 00:00:00,1.0,1.0,1.0
1961,2035-09-03 03:00:00,1.0,1.0,1.0
1962,2035-09-03 06:00:00,1.0,1.0,1.0
1963,2035-09-03 09:00:00,1.0,1.0,1.0
1964,2035-09-03 12:00:00,1.0,1.0,1.0
1965,2035-09-03 15:00:00,1.0,1.0,1.0
1966,2035-09-03 18:00:00,1.0,1.0,1.0
1967,2035-09-03 21:00:00,1.0,1.0,1.0
1968,2035-09-04 00:00:00,1.0,1.0,1.0
1969,2035-09-04 03:00:00,1.0,1.0,1.0
1970,2035-09-04 06:00:00,1.0,1.0,1.0
1971,2035-09-04 09:00:00,1.0,1.0,1.0
1972,2035-09-04 12:00:00,1.0,1.0,1.0
1973,2035-09-04 15:00:00,1.0,1.0,1.0
1974,2035-09-04 18:00:00,1.0,1.0,1.0
1975,2035-09-04 21:00:00,1.0,1.0,1.0
1976,2035-09-05 00:00:00,1.0,1.0,1.0
1977,2035-09-05 03:00:00,1.0,1.0,1.0
1978,2035-09-05 06:00:00,1.0,1.0,1.0
1979,2035-09-05 09:00:00,1.0,1.0,1.0
1980,2035-09-05 12:00:00,1.0,1.0,1.0
1981,2035-09-05 15:00:00,1.0,1.0,1.0
1982,2035-09-05 18:00:00,1.0,1.0,1.0
1983,2035-09-05 21:00:00,1.0,1.0,1.0
1984,2035-09-06 00:00:00,1.0,1.0,1.0
1985,2035-09-06 03:00:00,1.0,1.0,1.0
1986,2035-09-06 06:00:00,1.0,1.0,1.0
1987,2035-09-06 09:00:00,1.0,1.0,1.0
1988,2035-09-06 12:00:00,1.0,1.0,1.0
1989,2035-09-06 15:00:00,1.0,1.0,1.0
1990,2035-09-06 18:00:00,1.0,1.0,1.0
1991,2035-09-06 21:00:00,1.0,1.0,1.0
1992,2035-09-07 00:00:00,1.0,1.0,1.0
1993,2035-09-07 03:00:00,1.0,1.0,1.0
1994,2035-09-07 06:00:00,1.0,1.0,1.0
1995,2035-09-07 09:00:00,1.0,1.0,1.0
1996,2035-09-07 12:00:00,1.0,1.0,1.0
1997,2035-09-07 15:00:00,1.0,1.0,1.0
1998,2035-09-07 18:00:00,1.0,1.0,1.0
1999,2035-09-07 21:00:00,1.0,1.0,1.0
2000,2035-09-08 00:00:00,1.0,1.0,1.0
2001,2035-09-08 03:00:00,1.0,1.0,1.0
2002,2035-09-08 06:00:00,1.0,1.0,1.0
2003,2035-09-08 09:00:00,1.0,1.0,1.0
2004,2035-09-08 12:00:00,1.0,1.0,1.0
2005,2035-09-08 15:00:00,1.0,1.0,1.0
2006,2035-09-08 18:00:00,1.0,1.0,1.0
2007,2035-09-08 21:00:00,1.0,1.0,1.0
2008,2035-09-09 00:00:00,1.0,1.0,1.0
2009,2035-09-09 03:00:00,1.0,1.0,1.0
2010,2035-09-09 06:00:00,1.0,1.0,1.0
2011,2035-09-09 09:00:00,1.0,1.0,1.0
2012,2035-09-09 12:00:00,1.0,1.0,1.0
2013,2035-09-09 15:00:00,1.0,1.0,1.0
2014,2035-09-09 18:00:00,1.0,1.0,1.0
2015,2035-09-09 21:00:00,1.0,1.0,1.0
2016,2035-09-10 00:00:00,1.0,1.0,1.0
2017,2035-09-10 03:00:00,1.0,1.0,1.0
2018,2035-09-10 06:00:00,1.0,1.0,1.0
2019,2035-09-10 09:00:00,1.0,1.0,1.0
2020,2035-09-10 12:00:00,1.0,1.0,1.0
2021,2035-09-10 15:00:00,1.0,1.0,1.0
2022,2035-09-10 18:00:00,1.0,1.0,1.0
2023,2035-09-10 21:00:00,1.0,1.0,1.0
2024,2035-09-11 00:00:00,1.0,1.0,1.0
2025,2035-09-11 03:00:00,1.0,1.0,1.0
2026,2035-09-11 06:00:00,1.0,1.0,1.0
2027,2035-09-11 09:00:00,1.0,1.0,1.0
2028,2035-09-11 12:00:00,1.0,1.0,1.0
2029,2035-09-11 15:00:00,1.0,1.0,1.0
2030,2035-09-11 18:00:00,1.0,1.0,1.0
2031,2035-09-11 21:00:00,1.0,1.0,1.0
2032,2035-09-12 00:00:00,1.0,1.0,1.0
2033,2035-09-12 03:00:00,1.0,1.0,1.0
2034,2035-09-12 06:00:00,1.0,1.0,1.0
2035,2035-09-12 09:00:00,1.0,1.0,1.0
2036,2035-09-12 12:00:00,1.0,1.0,1.0
2037,2035-09-12 15:00:00,1.0,1.0,1.0
2038,2035-09-12 18:00:00,1.0,1.0,1.0
2039,2035-09-12 21:00:00,1.0,1.0,1.0
2040,2035-09-13 00:00:00,1.0,1.0,1.0
2041,2035-09-13 03:00:00,1.0,1.0,1.0
2042,2035-09-13 06:00:00,1.0,1.0,1.0
2043,2035-09-13 09:00:00,1.0,1.0,1.0
2044,2035-09-13 12:00:00,1.0,1.0,1.0
2045,2035-09-13 15:00:00,1.0,1.0,1.0
2046,2035-09-13 18:00:00,1.0,1.0,1.0
2047,2035-09-13 21:00:00,1.0,1.0,1.0
2048,2035-09-14 00:00:00,1.0,1.0,1.0
2049,2035-09-14 03:00:00,1.0,1.0,1.0
2050,2035-09-14 06:00:00,1.0,1.0,1.0
2051,2035-09-14 09:00:00,1.0,1.0,1.0
2052,2035-09-14 12:00:00,1.0,1.0,1.0
2053,2035-09-14 15:00:00,1.0,1.0,1.0
2054,2035-09-14 18:00:00,1.0,1.0,1.0
2055,2035-09-14 21:00:00,1.0,1.0,1.0
2056,2035-09-15 00:00:00,1.0,1.0,1.0
2057,2035-09-15 03:00:00,1.0,1.0,1.0
2058,2035-09-15 06:00:00,1.0,1.0,1.0
2059,2035-09-15 09:00:00,1.0,1.0,1.0
2060,2035-09-15 12:00:00,1.0,1.0,1.0
2061,2035-09-15 15:00:00,1.0,1.0,1.0
2062,2035-09-15 18:00:00,1.0,1.0,1.0
2063,2035-09-15 21:00:00,1.0,1.0,1.0
2064,2035-09-16 00:00:00,1.0,1.0,1.0
2065,2035-09-16 03:00:00,1.0,1.0,1.0
2066,2035-09-16 06:00:00,1.0,1.0,1.0
2067,2035-09-16 09:00:00,1.0,1.0,1.0
2068,2035-09-16 12:00:00,1.0,1.0,1.0
2069,2035-09-16 15:00:00,1.0,1.0,1.0
2070,2035-09-16 18:00:00,1.0,1.0,1.0
2071,2035-09-16 21:00:00,1.0,1.0,1.0
2072,2035-09-17 00:00:00,1.0,1.0,1.0
2073,2035-09-17 03:00:00,1.0,1.0,1.0
2074,2035-09-17 06:00:00,1.0,1.0,1.0
2075,2035-09-17 09:00:00,1.0,1.0,1.0
2076,2035-09-17 12:00:00,1.0,1.0,1.0
2077,2035-09-17 15:00:00,1.0,1.0,1.0
2078,2035-09-17 18:00:00,1.0,1.0,1.0
2079,2035-09-17 21:00:00,1.0,1.0,1.0
2080,2035-09-18 00:00:00,1.0,1.0,1.0
2081,2035-09-18 03:00:00,1.0,1.0,1.0
2082,2035-09-18 06:00:00,1.0,1.0,1.0
2083,2035-09-18 09:00:00,1.0,1.0,1.0
2084,2035-09-18 12:00:00,1.0,1.0,1.0
2085,2035-09-18 15:00:00,1.0,1.0,1.0
2086,2035-09-18 18:00:00,1.0,1.0,1.0
2087,2035-09-18 21:00:00,1.0,1.0,1.0
2088,2035-09-19 00:00:00,1.0,1.0,1.0
2089,2035-09-19 03:00:00,1.0,1.0,1.0
2090,2035-09-19 06:00:00,1.0,1.0,1.0
2091,2035-09-19 09:00:00,1.0,1.0,1.0
2092,2035-09-19 12:00:00,1.0,1.0,1.0
2093,2035-09-19 15:00:00,1.0,1.0,1.0
2094,2035-09-19 18:00:00,1.0,1.0,1.0
2095,2035-09-19 21:00:00,1.0,1.0,1.0
2096,2035-09-20 00:00:00,1.0,1.0,1.0
2097,2035-09-20 03:00:00,1.0,1.0,1.0
2098,2035-09-20 06:00:00,1.0,1.0,1.0
2099,2035-09-20 09:00:00,1.0,1.0,1.0
2100,2035-09-20 12:00:00,1.0,1.0,1.0
2101,2035-09-20 15:00:00,1.0,1.0,1.0
2102,2035-09-20 18:00:00,1.0,1.0,1.0
2103,2035-09-20 21:00:00,1.0,1.0,1.0
2104,2035-09-21 00:00:00,1.0,1.0,1.0
2105,2035-09-21 03:00:00,1.0,1.0,1.0
2106,2035-09-21 06:00:00,1.0,1.0,1.0
2107,2035-09-21 09:00:00,1.0,1.0,1.0
2108,2035-09-21 12:00:00,1.0,1.0,1.0
2109,2035-09-21 15:00:00,1.0,1.0,1.0
2110,2035-09-21 18:00:00,1.0,1.0,1.0
2111,2035-09-21 21:00:00,1.0,1.0,1.0
2112,2035-09-22 00:00:00,1.0,1.0,1.0
2113,2035-09-22 03:00:00,1.0,1.0,1.0
2114,2035-09-22 06:00:00,1.0,1.0,1.0
2115,2035-09-22 09:00:00,1.0,1.0,1.0
2116,2035-09-22 12:00:00,1.0,1.0,1.0
2117,2035-09-22 15:00:00,1.0,1.0,1.0
2118,2035-09-22 18:00:00,1.0,1.0,1.0
2119,2035-09-22 21:00:00,1.0,1.0,1.0
2120,2035-09-23 00:00:00,1.0,1.0,1.0
2121,2035-09-23 03:00:00,1.0,1.0,1.0
2122,2035-09-23 06:00:00,1.0,1.0,1.0
2123,2035-09-23 09:00:00,1.0,1.0,1.0
2124,2035-09-23 12:00:00,1.0,1.0,1.0
2125,2035-09-23 15:00:00,1.0,1.0,1.0
2126,2035-09-23 18:00:00,1.0,1.0,1.0
2127,2035-09-23 21:00:00,1.0,1.0,1.0
2128,2035-09-24 00:00:00,1.0,1.0,1.0
2129,2035-09-24 03:00:00,1.0,1.0,1.0
2130,2035-09-24 06:00:00,1.0,1.0,1.0
2131,2035-09-24 09:00:00,1.0,1.0,1.0
2132,2035-09-24 12:00:00,1.0,1.0,1.0
2133,2035-09-24 15:00:00,1.0,1.0,1.0
2134,2035-09-24 18:00:00,1.0,1.0,1.0
2135,2035-09-24 21:00:00,1.0,1.0,1.0
2136,2035-09-25 00:00:00,1.0,1.0,1.0
2137,2035-09-25 03:00:00,1.0,1.0,1.0
2138,2035-09-25 06:00:00,1.0,1.0,1.0
2139,2035-09-25 09:00:00,1.0,1.0,1.0
2140,2035-09-25 12:00:00,1.0,1.0,1.0
2141,2035-09-25 15:00:00,1.0,1.0,1.0
2142,2035-09-25 18:00:00,1.0,1.0,1.0
2143,2035-09-25 21:00:00,1.0,1.0,1.0
2144,2035-09-26 00:00:00,1.0,1.0,1.0
2145,2035-09-26 03:00:00,1.0,1.0,1.0
2146,2035-09-26 06:00:00,1.0,1.0,1.0
2147,2035-09-26 09:00:00,1.0,1.0,1.0
2148,2035-09-26 12:00:00,1.0,1.0,1.0
2149,2035-09-26 15:00:00,1.0,1.0,1.0
2150,2035-09-26 18:00:00,1.0,1.0,1.0
2151,2035-09-26 21:00:00,1.0,1.0,1.0
2152,2035-09-27 00:00:00,1.0,1.0,1.0
2153,2035-09-27 03:00:00,1.0,1.0,1.0
2154,2035-09-27 06:00:00,1.0,1.0,1.0
2155,2035-09-27 09:00:00,1.0,1.0,1.0
2156,2035-09-27 12:00:00,1.0,1.0,1.0
2157,2035-09-27 15:00:00,1.0,1.0,1.0
2158,2035-09-27 18:00:00,1.0,1.0,1.0
2159,2035-09-27 21:00:00,1.0,1.0,1.0
2160,2035-09-28 00:00:00,1.0,1.0,1.0
2161,2035-09-28 03:00:00,1.0,1.0,1.0
2162,2035-09-28 06:00:00,1.0,1.0,1.0
2163,2035-09-28 09:00:00,1.0,1.0,1.0
2164,2035-09-28 12:00:00,1.0,1.0,1.0
2165,2035-09-28 15:00:00,1.0,1.0,1.0
2166,2035-09-28 18:00:00,1.0,1.0,1.0
2167,2035-09-28 21:00:00,1.0,1.0,1.0
2168,2035-09-29 00:00:00,1.0,1.0,1.0
2169,2035-09-29 03:00:00,1.0,1.0,1.0
2170,2035-09-29 06:00:00,1.0,1.0,1.0
2171,2035-09-29 09:00:00,1.0,1.0,1.0
2172,2035-09-29 12:00:00,1.0,1.0,1.0
2173,2035-09-29 15:00:00,1.0,1.0,1.0
2174,2035-09-29 18:00:00,1.0,1.0,1.0
2175,2035-09-29 21:00:00,1.0,1.0,1.0
2176,2035-09-30 00:00:00,1.0,1.0,1.0
2177,2035-09-30 03:00:00,1.0,1.0,1.0
2178,2035-09-30 06:00:00,1.0,1.0,1.0
2179,2035-09-30 09:00:00,1.0,1.0,1.0
2180,2035-09-30 12:00:00,1.0,1.0,1.0
2181,2035-09-30 15:00:00,1.0,1.0,1.0
2182,2035-09-30 18:00:00,1.0,1.0,1.0
2183,2035-09-30 21:00:00,1.0,1.0,1.0
2184,2035-10-01 00:00:00,1.0,1.0,1.0
2185,2035-10-01 03:00:00,1.0,1.0,1.0
2186,2035-10-01 06:00:00,1.0,1.0,1.0
2187,2035-10-01 09:00:00,1.0,1.0,1.0
2188,2035-10-01 12:00:00,1.0,1.0,1.0
2189,2035-10-01 15:00:00,1.0,1.0,1.0
2190,2035-10-01 18:00:00,1.0,1.0,1.0
2191,2035-10-01 21:00:00,1.0,1.0,1.0
2192,2035-10-02 00:00:00,1.0,1.0,1.0
2193,2035-10-02 03:00:00,1.0,1.0,1.0
2194,2035-10-02 06:00:00,1.0,1.0,1.0
2195,2035-10-02 09:00:00,1.0,1.0,1.0
2196,2035-10-02 12:00:00,1.0,1.0,1.0
2197,2035-10-02 15:00:00,1.0,1.0,1.0
2198,2035-10-02 18:00:00,1.0,1.0,1.0
2199,2035-10-02 21:00:00,1.0,1.0,1.0
2200,2035-10-03 00:00:00,1.0,1.0,1.0
2201,2035-10-03 03:00:00,1.0,1.0,1.0
2202,2035-10-03 06:00:00,1.0,1.0,1.0
2203,2035-10-03 09:00:00,1.0,1.0,1.0
2204,2035-10-03 12:00:00,1.0,1.0,1.0
2205,2035-10-03 15:00:00,1.0,1.0,1.0
2206,2035-10-03 18:00:00,1.0,1.0,1.0
2207,2035-10-03 21:00:00,1.0,1.0,1.0
2208,2035-10-04 00:00:00,1.0,1.0,1.0
2209,2035-10-04 03:00:00,1.0,1.0,1.0
2210,2035-10-04 06:00:00,1.0,1.0,1.0
2211,2035-10-04 09:00:00,1.0,1.0,1.0
2212,2035-10-04 12:00:00,1.0,1.0,1.0
2213,2035-10-04 15:00:00,1.0,1.0,1.0
2214,2035-10-04 18:00:00,1.0,1.0,1.0
2215,2035-10-04 21:00:00,1.0,1.0,1.0
2216,2035-10-05 00:00:00,1.0,1.0,1.0
2217,2035-10-05 03:00:00,1.0,1.0,1.0
2218,2035-10-05 06:00:00,1.0,1.0,1.0
2219,2035-10-05 09:00:00,1.0,1.0,1.0
2220,2035-10-05 12:00:00,1.0,1.0,1.0
2221,2035-10-05 15:00:00,1.0,1.0,1.0
2222,2035-10-05 18:00:00,1.0,1.0,1.0
2223,2035-10-05 21:00:00,1.0,1.0,1.0
2224,2035-10-06 00:00:00,1.0,1.0,1.0
2225,2035-10-06 03:00:00,1.0,1.0,1.0
2226,2035-10-06 06:00:00,1.0,1.0,1.0
2227,2035-10-06 09:00:00,1.0,1.0,1.0
2228,2035-10-06 12:00:00,1.0,1.0,1.0
2229,2035-10-06 15:00:00,1.0,1.0,1.0
2230,2035-10-06 18:00:00,1.0,1.0,1.0
2231,2035-10-06 21:00:00,1.0,1.0,1.0
2232,2035-10-07 00:00:00,1.0,1.0,1.0
2233,2035-10-07 03:00:00,1.0,1.0,1.0
2234,2035-10-07 06:00:00,1.0,1.0,1.0
2235,2035-10-07 09:00:00,1.0,1.0,1.0
2236,2035-10-07 12:00:00,1.0,1.0,1.0
2237,2035-10-07 15:00:00,1.0,1.0,1.0
2238,2035-10-07 18:00:00,1.0,1.0,1.0
2239,2035-10-07 21:00:00,1.0,1.0,1.0
2240,2035-10-08 00:00:00,1.0,1.0,1.0
2241,2035-10-08 03:00:00,1.0,1.0,1.0
2242,2035-10-08 06:00:00,1.0,1.0,1.0
2243,2035-10-08 09:00:00,1.0,1.0,1.0
2244,2035-10-08 12:00:00,1.0,1.0,1.0
2245,2035-10-08 15:00:00,1.0,1.0,1.0
2246,2035-10-08 18:00:00,1.0,1.0,1.0
2247,2035-10-08 21:00:00,1.0,1.0,1.0
2248,2035-10-09 00:00:00,1.0,1.0,1.0
2249,2035-10-09 03:00:00,1.0,1.0,1.0
2250,2035-10-09 06:00:00,1.0,1.0,1.0
2251,2035-10-09 09:00:00,1.0,1.0,1.0
2252,2035-10-09 12:00:00,1.0,1.0,1.0
2253,2035-10-09 15:00:00,1.0,1.0,1.0
2254,2035-10-09 18:00:00,1.0,1.0,1.0
2255,2035-10-09 21:00:00,1.0,1.0,1.0
2256,2035-10-10 00:00:00,1.0,1.0,1.0
2257,2035-10-10 03:00:00,1.0,1.0,1.0
2258,2035-10-10 06:00:00,1.0,1.0,1.0
2259,2035-10-10 09:00:00,1.0,1.0,1.0
2260,2035-10-10 12:00:00,1.0,1.0,1.0
2261,2035-10-10 15:00:00,1.0,1.0,1.0
2262,2035-10-10 18:00:00,1.0,1.0,1.0
2263,2035-10-10 21:00:00,1.0,1.0,1.0
2264,2035-10-11 00:00:00,1.0,1.0,1.0
2265,2035-10-11 03:00:00,1.0,1.0,1.0
2266,2035-10-11 06:00:00,1.0,1.0,1.0
2267,2035-10-11 09:00:00,1.0,1.0,1.0
2268,2035-10-11 12:00:00,1.0,1.0,1.0
2269,2035-10-11 15:00:00,1.0,1.0,1.0
2270,2035-10-11 18:00:00,1.0,1.0,1.0
2271,2035-10-11 21:00:00,1.0,1.0,1.0
2272,2035-10-12 00:00:00,1.0,1.0,1.0
2273,2035-10-12 03:00:00,1.0,1.0,1.0
2274,2035-10-12 06:00:00,1.0,1.0,1.0
2275,2035-10-12 09:00:00,1.0,1.0,1.0
2276,2035-10-12 12:00:00,1.0,1.0,1.0
2277,2035-10-12 15:00:00,1.0,1.0,1.0
2278,2035-10-12 18:00:00,1.0,1.0,1.0
2279,2035-10-12 21:00:00,1.0,1.0,1.0
2280,2035-10-13 00:00:00,1.0,1.0,1.0
2281,2035-10-13 03:00:00,1.0,1.0,1.0
2282,2035-10-13 06:00:00,1.0,1.0,1.0
2283,2035-10-13 09:00:00,1.0,1.0,1.0
2284,2035-10-13 12:00:00,1.0,1.0,1.0
2285,2035-10-13 15:00:00,1.0,1.0,1.0
2286,2035-10-13 18:00:00,1.0,1.0,1.0
2287,2035-10-13 21:00:00,1.0,1.0,1.0
2288,2035-10-14 00:00:00,1.0,1.0,1.0
2289,2035-10-14 03:00:00,1.0,1.0,1.0
2290,2035-10-14 06:00:00,1.0,1.0,1.0
2291,2035-10-14 09:00:00,1.0,1.0,1.0
2292,2035-10-14 12:00:00,1.0,1.0,1.0
2293,2035-10-14 15:00:00,1.0,1.0,1.0
2294,2035-10-14 18:00:00,1.0,1.0,1.0
2295,2035-10-14 21:00:00,1.0,1.0,1.0
2296,2035-10-15 00:00:00,1.0,1.0,1.0
2297,2035-10-15 03:00:00,1.0,1.0,1.0
2298,2035-10-15 06:00:00,1.0,1.0,1.0
2299,2035-10-15 09:00:00,1.0,1.0,1.0
2300,2035-10-15 12:00:00,1.0,1.0,1.0
2301,2035-10-15 15:00:00,1.0,1.0,1.0
2302,2035-10-15 18:00:00,1.0,1.0,1.0
2303,2035-10-15 21:00:00,1.0,1.0,1.0
2304,2035-10-16 00:00:00,1.0,1.0,1.0
2305,2035-10-16 03:00:00,1.0,1.0,1.0
2306,2035-10-16 06:00:00,1.0,1.0,1.0
2307,2035-10-16 09:00:00,1.0,1.0,1.0
2308,2035-10-16 12:00:00,1.0,1.0,1.0
2309,2035-10-16 15:00:00,1.0,1.0,1.0
2310,2035-10-16 18:00:00,1.0,1.0,1.0
2311,2035-10-16 21:00:00,1.0,1.0,1.0
2312,2035-10-17 00:00:00,1.0,1.0,1.0
2313,2035-10-17 03:00:00,1.0,1.0,1.0
2314,2035-10-17 06:00:00,1.0,1.0,1.0
2315,2035-10-17 09:00:00,1.0,1.0,1.0
2316,2035-10-17 12:00:00,1.0,1.0,1.0
2317,2035-10-17 15:00:00,1.0,1.0,1.0
2318,2035-10-17 18:00:00,1.0,1.0,1.0
2319,2035-10-17 21:00:00,1.0,1.0,1.0
2320,2035-10-18 00:00:00,1.0,1.0,1.0
2321,2035-10-18 03:00:00,1.0,1.0,1.0
2322,2035-10-18 06:00:00,1.0,1.0,1.0
2323,2035-10-18 09:00:00,1.0,1.0,1.0
2324,2035-10-18 12:00:00,1.0,1.0,1.0
2325,2035-10-18 15:00:00,1.0,1.0,1.0
2326,2035-10-18 18:00:00,1.0,1.0,1.0
2327,2035-10-18 21:00:00,1.0,1.0,1.0
2328,2035-10-19 00:00:00,1.0,1.0,1.0
2329,2035-10-19 03:00:00,1.0,1.0,1.0
2330,2035-10-19 06:00:00,1.0,1.0,1.0
2331,2035-10-19 09:00:00,1.0,1.0,1.0
2332,2035-10-19 12:00:00,1.0,1.0,1.0
2333,2035-10-19 15:00:00,1.0,1.0,1.0
2334,2035-10-19 18:00:00,1.0,1.0,1.0
2335,2035-10-19 21:00:00,1.0,1.0,1.0
2336,2035-10-20 00:00:00,1.0,1.0,1.0
2337,2035-10-20 03:00:00,1.0,1.0,1.0
2338,2035-10-20 06:00:00,1.0,1.0,1.0
2339,2035-10-20 09:00:00,1.0,1.0,1.0
2340,2035-10-20 12:00:00,1.0,1.0,1.0
2341,2035-10-20 15:00:00,1.0,1.0,1.0
2342,2035-10-20 18:00:00,1.0,1.0,1.0
2343,2035-10-20 21:00:00,1.0,1.0,1.0
2344,2035-10-21 00:00:00,1.0,1.0,1.0
2345,2035-10-21 03:00:00,1.0,1.0,1.0
2346,2035-10-21 06:00:00,1.0,1.0,1.0
2347,2035-10-21 09:00:00,1.0,1.0,1.0
2348,2035-10-21 12:00:00,1.0,1.0,1.0
2349,2035-10-21 15:00:00,1.0,1.0,1.0
2350,2035-10-21 18:00:00,1.0,1.0,1.0
2351,2035-10-21 21:00:00,1.0,1.0,1.0
2352,2035-10-22 00:00:00,1.0,1.0,1.0
2353,2035-10-22 03:00:00,1.0,1.0,1.0
2354,2035-10-22 06:00:00,1.0,1.0,1.0
2355,2035-10-22 09:00:00,1.0,1.0,1.0
2356,2035-10-22 12:00:00,1.0,1.0,1.0
2357,2035-10-22 15:00:00,1.0,1.0,1.0
2358,2035-10-22 18:00:00,1.0,1.0,1.0
2359,2035-10-22 21:00:00,1.0,1.0,1.0
2360,2035-10-23 00:00:00,1.0,1.0,1.0
2361,2035-10-23 03:00:00,1.0,1.0,1.0
2362,2035-10-23 06:00:00,1.0,1.0,1.0
2363,2035-10-23 09:00:00,1.0,1.0,1.0
2364,2035-10-23 12:00:00,1.0,1.0,1.0
2365,2035-10-23 15:00:00,1.0,1.0,1.0
2366,2035-10-23 18:00:00,1.0,1.0,1.0
2367,2035-10-23 21:00:00,1.0,1.0,1.0
2368,2035-10-24 00:00:00,1.0,1.0,1.0
2369,2035-10-24 03:00:00,1.0,1.0,1.0
2370,2035-10-24 06:00:00,1.0,1.0,1.0
2371,2035-10-24 09:00:00,1.0,1.0,1.0
2372,2035-10-24 12:00:00,1.0,1.0,1.0
2373,2035-10-24 15:00:00,1.0,1.0,1.0
2374,2035-10-24 18:00:00,1.0,1.0,1.0
2375,2035-10-24 21:00:00,1.0,1.0,1.0
2376,2035-10-25 00:00:00,1.0,1.0,1.0
2377,2035-10-25 03:00:00,1.0,1.0,1.0
2378,2035-10-25 06:00:00,1.0,1.0,1.0
2379,2035-10-25 09:00:00,1.0,1.0,1.0
2380,2035-10-25 12:00:00,1.0,1.0,1.0
2381,2035-10-25 15:00:00,1.0,1.0,1.0
2382,2035-10-25 18:00:00,1.0,1.0,1.0
2383,2035-10-25 21:00:00,1.0,1.0,1.0
2384,2035-10-26 00:00:00,1.0,1.0,1.0
2385,2035-10-26 03:00:00,1.0,1.0,1.0
2386,2035-10-26 06:00:00,1.0,1.0,1.0
2387,2035-10-26 09:00:00,1.0,1.0,1.0
2388,2035-10-26 12:00:00,1.0,1.0,1.0
2389,2035-10-26 15:00:00,1.0,1.0,1.0
2390,2035-10-26 18:00:00,1.0,1.0,1.0
2391,2035-10-26 21:00:00,1.0,1.0,1.0
2392,2035-10-27 00:00:00,1.0,1.0,1.0
2393,2035-10-27 03:00:00,1.0,1.0,1.0
2394,2035-10-27 06:00:00,1.0,1.0,1.0
2395,2035-10-27 09:00:00,1.0,1.0,1.0
2396,2035-10-27 12:00:00,1.0,1.0,1.0
2397,2035-10-27 15:00:00,1.0,1.0,1.0
2398,2035-10-27 18:00:00,1.0,1.0,1.0
2399,2035-10-27 21:00:00,1.0,1.0,1.0
2400,2035-10-28 00:00:00,1.0,1.0,1.0
2401,2035-10-28 03:00:00,1.0,1.0,1.0
2402,2035-10-28 06:00:00,1.0,1.0,1.0
2403,2035-10-28 09:00:00,1.0,1.0,1.0
2404,2035-10-28 12:00:00,1.0,1.0,1.0
2405,2035-10-28 15:00:00,1.0,1.0,1.0
2406,2035-10-28 18:00:00,1.0,1.0,1.0
2407,2035-10-28 21:00:00,1.0,1.0,1.0
2408,2035-10-29 00:00:00,1.0,1.0,1.0
2409,2035-10-29 03:00:00,1.0,1.0,1.0
2410,2035-10-29 06:00:00,1.0,1.0,1.0
2411,2035-10-29 09:00:00,1.0,1.0,1.0
2412,2035-10-29 12:00:00,1.0,1.0,1.0
2413,2035-10-29 15:00:00,1.0,1.0,1.0
2414,2035-10-29 18:00:00,1.0,1.0,1.0
2415,2035-10-29 21:00:00,1.0,1.0,1.0
2416,2035-10-30 00:00:00,1.0,1.0,1.0
2417,2035-10-30 03:00:00,1.0,1.0,1.0
2418,2035-10-30 06:00:00,1.0,1.0,1.0
2419,2035-10-30 09:00:00,1.0,1.0,1.0
2420,2035-10-30 12:00:00,1.0,1.0,1.0
2421,2035-10-30 15:00:00,1.0,1.0,1.0
2422,2035-10-30 18:00:00,1.0,1.0,1.0
2423,2035-10-30 21:00:00,1.0,1.0,1.0
2424,2035-10-31 00:00:00,1.0,1.0,1.0
2425,2035-10-31 03:00:00,1.0,1.0,1.0
2426,2035-10-31 06:00:00,1.0,1.0,1.0
2427,2035-10-31 09:00:00,1.0,1.0,1.0
2428,2035-10-31 12:00:00,1.0,1.0,1.0
2429,2035-10-31 15:00:00,1.0,1.0,1.0
2430,2035-10-31 18:00:00,1.0,1.0,1.0
2431,2035-10-31 21:00:00,1.0,1.0,1.0
2432,2035-11-01 00:00:00,1.0,1.0,1.0
2433,2035-11-01 03:00:00,1.0,1.0,1.0
2434,2035-11-01 06:00:00,1.0,1.0,1.0
2435,2035-11-01 09:00:00,1.0,1.0,1.0
2436,2035-11-01 12:00:00,1.0,1.0,1.0
2437,2035-11-01 15:00:00,1.0,1.0,1.0
2438,2035-11-01 18:00:00,1.0,1.0,1.0
2439,2035-11-01 21:00:00,1.0,1.0,1.0
2440,2035-11-02 00:00:00,1.0,1.0,1.0
2441,2035-11-02 03:00:00,1.0,1.0,1.0
2442,2035-11-02 06:00:00,1.0,1.0,1.0
2443,2035-11-02 09:00:00,1.0,1.0,1.0
2444,2035-11-02 12:00:00,1.0,1.0,1.0
2445,2035-11-02 15:00:00,1.0,1.0,1.0
2446,2035-11-02 18:00:00,1.0,1.0,1.0
2447,2035-11-02 21:00:00,1.0,1.0,1.0
2448,2035-11-03 00:00:00,1.0,1.0,1.0
2449,2035-11-03 03:00:00,1.0,1.0,1.0
2450,2035-11-03 06:00:00,1.0,1.0,1.0
2451,2035-11-03 09:00:00,1.0,1.0,1.0
2452,2035-11-03 12:00:00,1.0,1.0,1.0
2453,2035-11-03 15:00:00,1.0,1.0,1.0
2454,2035-11-03 18:00:00,1.0,1.0,1.0
2455,2035-11-03 21:00:00,1.0,1.0,1.0
2456,2035-11-04 00:00:00,1.0,1.0,1.0
2457,2035-11-04 03:00:00,1.0,1.0,1.0
2458,2035-11-04 06:00:00,1.0,1.0,1.0
2459,2035-11-04 09:00:00,1.0,1.0,1.0
2460,2035-11-04 12:00:00,1.0,1.0,1.0
2461,2035-11-04 15:00:00,1.0,1.0,1.0
2462,2035-11-04 18:00:00,1.0,1.0,1.0
2463,2035-11-04 21:00:00,1.0,1.0,1.0
2464,2035-11-05 00:00:00,1.0,1.0,1.0
2465,2035-11-05 03:00:00,1.0,1.0,1.0
2466,2035-11-05 06:00:00,1.0,1.0,1.0
2467,2035-11-05 09:00:00,1.0,1.0,1.0
2468,2035-11-05 12:00:00,1.0,1.0,1.0
2469,2035-11-05 15:00:00,1.0,1.0,1.0
2470,2035-11-05 18:00:00,1.0,1.0,1.0
2471,2035-11-05 21:00:00,1.0,1.0,1.0
2472,2035-11-06 00:00:00,1.0,1.0,1.0
2473,2035-11-06 03:00:00,1.0,1.0,1.0
2474,2035-11-06 06:00:00,1.0,1.0,1.0
2475,2035-11-06 09:00:00,1.0,1.0,1.0
2476,2035-11-06 12:00:00,1.0,1.0,1.0
2477,2035-11-06 15:00:00,1.0,1.0,1.0
2478,2035-11-06 18:00:00,1.0,1.0,1.0
2479,2035-11-06 21:00:00,1.0,1.0,1.0
2480,2035-11-07 00:00:00,1.0,1.0,1.0
2481,2035-11-07 03:00:00,1.0,1.0,1.0
2482,2035-11-07 06:00:00,1.0,1.0,1.0
2483,2035-11-07 09:00:00,1.0,1.0,1.0
2484,2035-11-07 12:00:00,1.0,1.0,1.0
2485,2035-11-07 15:00:00,1.0,1.0,1.0
2486,2035-11-07 18:00:00,1.0,1.0,1.0
2487,2035-11-07 21:00:00,1.0,1.0,1.0
2488,2035-11-08 00:00:00,1.0,1.0,1.0
2489,2035-11-08 03:00:00,1.0,1.0,1.0
2490,2035-11-08 06:00:00,1.0,1.0,1.0
2491,2035-11-08 09:00:00,1.0,1.0,1.0
2492,2035-11-08 12:00:00,1.0,1.0,1.0
2493,2035-11-08 15:00:00,1.0,1.0,1.0
2494,2035-11-08 18:00:00,1.0,1.0,1.0
2495,2035-11-08 21:00:00,1.0,1.0,1.0
2496,2035-11-09 00:00:00,1.0,1.0,1.0
2497,2035-11-09 03:00:00,1.0,1.0,1.0
2498,2035-11-09 06:00:00,1.0,1.0,1.0
2499,2035-11-09 09:00:00,1.0,1.0,1.0
2500,2035-11-09 12:00:00,1.0,1.0,1.0
2501,2035-11-09 15:00:00,1.0,1.0,1.0
2502,2035-11-09 18:00:00,1.0,1.0,1.0
2503,2035-11-09 21:00:00,1.0,1.0,1.0
2504,2035-11-10 00:00:00,1.0,1.0,1.0
2505,2035-11-10 03:00:00,1.0,1.0,1.0
2506,2035-11-10 06:00:00,1.0,1.0,1.0
2507,2035-11-10 09:00:00,1.0,1.0,1.0
2508,2035-11-10 12:00:00,1.0,1.0,1.0
2509,2035-11-10 15:00:00,1.0,1.0,1.0
2510,2035-11-10 18:00:00,1.0,1.0,1.0
2511,2035-11-10 21:00:00,1.0,1.0,1.0
2512,2035-11-11 00:00:00,1.0,1.0,1.0
2513,2035-11-11 03:00:00,1.0,1.0,1.0
2514,2035-11-11 06:00:00,1.0,1.0,1.0
2515,2035-11-11 09:00:00,1.0,1.0,1.0
2516,2035-11-11 12:00:00,1.0,1.0,1.0
2517,2035-11-11 15:00:00,1.0,1.0,1.0
2518,2035-11-11 18:00:00,1.0,1.0,1.0
2519,2035-11-11 21:00:00,1.0,1.0,1.0
2520,2035-11-12 00:00:00,1.0,1.0,1.0
2521,2035-11-12 03:00:00,1.0,1.0,1.0
2522,2035-11-12 06:00:00,1.0,1.0,1.0
2523,2035-11-12 09:00:00,1.0,1.0,1.0
2524,2035-11-12 12:00:00,1.0,1.0,1.0
2525,2035-11-12 15:00:00,1.0,1.0,1.0
2526,2035-11-12 18:00:00,1.0,1.0,1.0
2527,2035-11-12 21:00:00,1.0,1.0,1.0
2528,2035-11-13 00:00:00,1.0,1.0,1.0
2529,2035-11-13 03:00:00,1.0,1.0,1.0
2530,2035-11-13 06:00:00,1.0,1.0,1.0
2531,2035-11-13 09:00:00,1.0,1.0,1.0
2532,2035-11-13 12:00:00,1.0,1.0,1.0
2533,2035-11-13 15:00:00,1.0,1.0,1.0
2534,2035-11-13 18:00:00,1.0,1.0,1.0
2535,2035-11-13 21:00:00,1.0,1.0,1.0
2536,2035-11-14 00:00:00,1.0,1.0,1.0
2537,2035-11-14 03:00:00,1.0,1.0,1.0
2538,2035-11-14 06:00:00,1.0,1.0,1.0
2539,2035-11-14 09:00:00,1.0,1.0,1.0
2540,2035-11-14 12:00:00,1.0,1.0,1.0
2541,2035-11-14 15:00:00,1.0,1.0,1.0
2542,2035-11-14 18:00:00,1.0,1.0,1.0
2543,2035-11-14 21:00:00,1.0,1.0,1.0
2544,2035-11-15 00:00:00,1.0,1.0,1.0
2545,2035-11-15 03:00:00,1.0,1.0,1.0
2546,2035-11-15 06:00:00,1.0,1.0,1.0
2547,2035-11-15 09:00:00,1.0,1.0,1.0
2548,2035-11-15 12:00:00,1.0,1.0,1.0
2549,2035-11-15 15:00:00,1.0,1.0,1.0
2550,2035-11-15 18:00:00,1.0,1.0,1.0
2551,2035-11-15 21:00:00,1.0,1.0,1.0
2552,2035-11-16 00:00:00,1.0,1.0,1.0
2553,2035-11-16 03:00:00,1.0,1.0,1.0
2554,2035-11-16 06:00:00,1.0,1.0,1.0
2555,2035-11-16 09:00:00,1.0,1.0,1.0
2556,2035-11-16 12:00:00,1.0,1.0,1.0
2557,2035-11-16 15:00:00,1.0,1.0,1.0
2558,2035-11-16 18:00:00,1.0,1.0,1.0
2559,2035-11-16 21:00:00,1.0,1.0,1.0
2560,2035-11-17 00:00:00,1.0,1.0,1.0
2561,2035-11-17 03:00:00,1.0,1.0,1.0
2562,2035-11-17 06:00:00,1.0,1.0,1.0
2563,2035-11-17 09:00:00,1.0,1.0,1.0
2564,2035-11-17 12:00:00,1.0,1.0,1.0
2565,2035-11-17 15:00:00,1.0,1.0,1.0
2566,2035-11-17 18:00:00,1.0,1.0,1.0
2567,2035-11-17 21:00:00,1.0,1.0,1.0
2568,2035-11-18 00:00:00,1.0,1.0,1.0
2569,2035-11-18 03:00:00,1.0,1.0,1.0
2570,2035-11-18 06:00:00,1.0,1.0,1.0
2571,2035-11-18 09:00:00,1.0,1.0,1.0
2572,2035-11-18 12:00:00,1.0,1.0,1.0
2573,2035-11-18 15:00:00,1.0,1.0,1.0
2574,2035-11-18 18:00:00,1.0,1.0,1.0
2575,2035-11-18 21:00:00,1.0,1.0,1.0
2576,2035-11-19 00:00:00,1.0,1.0,1.0
2577,2035-11-19 03:00:00,1.0,1.0,1.0
2578,2035-11-19 06:00:00,1.0,1.0,1.0
2579,2035-11-19 09:00:00,1.0,1.0,1.0
2580,2035-11-19 12:00:00,1.0,1.0,1.0
2581,2035-11-19 15:00:00,1.0,1.0,1.0
2582,2035-11-19 18:00:00,1.0,1.0,1.0
2583,2035-11-19 21:00:00,1.0,1.0,1.0
2584,2035-11-20 00:00:00,1.0,1.0,1.0
2585,2035-11-20 03:00:00,1.0,1.0,1.0
2586,2035-11-20 06:00:00,1.0,1.0,1.0
2587,2035-11-20 09:00:00,1.0,1.0,1.0
2588,2035-11-20 12:00:00,1.0,1.0,1.0
2589,2035-11-20 15:00:00,1.0,1.0,1.0
2590,2035-11-20 18:00:00,1.0,1.0,1.0
2591,2035-11-20 21:00:00,1.0,1.0,1.0
2592,2035-11-21 00:00:00,1.0,1.0,1.0
2593,2035-11-21 03:00:00,1.0,1.0,1.0
2594,2035-11-21 06:00:00,1.0,1.0,1.0
2595,2035-11-21 09:00:00,1.0,1.0,1.0
2596,2035-11-21 12:00:00,1.0,1.0,1.0
2597,2035-11-21 15:00:00,1.0,1.0,1.0
2598,2035-11-21 18:00:00,1.0,1.0,1.0
2599,2035-11-21 21:00:00,1.0,1.0,1.0
2600,2035-11-22 00:00:00,1.0,1.0,1.0
2601,2035-11-22 03:00:00,1.0,1.0,1.0
2602,2035-11-22 06:00:00,1.0,1.0,1.0
2603,2035-11-22 09:00:00,1.0,1.0,1.0
2604,2035-11-22 12:00:00,1.0,1.0,1.0
2605,2035-11-22 15:00:00,1.0,1.0,1.0
2606,2035-11-22 18:00:00,1.0,1.0,1.0
2607,2035-11-22 21:00:00,1.0,1.0,1.0
2608,2035-11-23 00:00:00,1.0,1.0,1.0
2609,2035-11-23 03:00:00,1.0,1.0,1.0
2610,2035-11-23 06:00:00,1.0,1.0,1.0
2611,2035-11-23 09:00:00,1.0,1.0,1.0
2612,2035-11-23 12:00:00,1.0,1.0,1.0
2613,2035-11-23 15:00:00,1.0,1.0,1.0
2614,2035-11-23 18:00:00,1.0,1.0,1.0
2615,2035-11-23 21:00:00,1.0,1.0,1.0
2616,2035-11-24 00:00:00,1.0,1.0,1.0
2617,2035-11-24 03:00:00,1.0,1.0,1.0
2618,2035-11-24 06:00:00,1.0,1.0,1.0
2619,2035-11-24 09:00:00,1.0,1.0,1.0
2620,2035-11-24 12:00:00,1.0,1.0,1.0
2621,2035-11-24 15:00:00,1.0,1.0,1.0
2622,2035-11-24 18:00:00,1.0,1.0,1.0
2623,2035-11-24 21:00:00,1.0,1.0,1.0
2624,2035-11-25 00:00:00,1.0,1.0,1.0
2625,2035-11-25 03:00:00,1.0,1.0,1.0
2626,2035-11-25 06:00:00,1.0,1.0,1.0
2627,2035-11-25 09:00:00,1.0,1.0,1.0
2628,2035-11-25 12:00:00,1.0,1.0,1.0
2629,2035-11-25 15:00:00,1.0,1.0,1.0
2630,2035-11-25 18:00:00,1.0,1.0,1.0
2631,2035-11-25 21:00:00,1.0,1.0,1.0
2632,2035-11-26 00:00:00,1.0,1.0,1.0
2633,2035-11-26 03:00:00,1.0,1.0,1.0
2634,2035-11-26 06:00:00,1.0,1.0,1.0
2635,2035-11-26 09:00:00,1.0,1.0,1.0
2636,2035-11-26 12:00:00,1.0,1.0,1.0
2637,2035-11-26 15:00:00,1.0,1.0,1.0
2638,2035-11-26 18:00:00,1.0,1.0,1.0
2639,2035-11-26 21:00:00,1.0,1.0,1.0
2640,2035-11-27 00:00:00,1.0,1.0,1.0
2641,2035-11-27 03:00:00,1.0,1.0,1.0
2642,2035-11-27 06:00:00,1.0,1.0,1.0
2643,2035-11-27 09:00:00,1.0,1.0,1.0
2644,2035-11-27 12:00:00,1.0,1.0,1.0
2645,2035-11-27 15:00:00,1.0,1.0,1.0
2646,2035-11-27 18:00:00,1.0,1.0,1.0
2647,2035-11-27 21:00:00,1.0,1.0,1.0
2648,2035-11-28 00:00:00,1.0,1.0,1.0
2649,2035-11-28 03:00:00,1.0,1.0,1.0
2650,2035-11-28 06:00:00,1.0,1.0,1.0
2651,2035-11-28 09:00:00,1.0,1.0,1.0
2652,2035-11-28 12:00:00,1.0,1.0,1.0
2653,2035-11-28 15:00:00,1.0,1.0,1.0
2654,2035-11-28 18:00:00,1.0,1.0,1.0
2655,2035-11-28 21:00:00,1.0,1.0,1.0
2656,2035-11-29 00:00:00,1.0,1.0,1.0
2657,2035-11-29 03:00:00,1.0,1.0,1.0
2658,2035-11-29 06:00:00,1.0,1.0,1.0
2659,2035-11-29 09:00:00,1.0,1.0,1.0
2660,2035-11-29 12:00:00,1.0,1.0,1.0
2661,2035-11-29 15:00:00,1.0,1.0,1.0
2662,2035-11-29 18:00:00,1.0,1.0,1.0
2663,2035-11-29 21:00:00,1.0,1.0,1.0
2664,2035-11-30 00:00:00,1.0,1.0,1.0
2665,2035-11-30 03:00:00,1.0,1.0,1.0
2666,2035-11-30 06:00:00,1.0,1.0,1.0
2667,2035-11-30 09:00:00,1.0,1.0,1.0
2668,2035-11-30 12:00:00,1.0,1.0,1.0
2669,2035-11-30 15:00:00,1.0,1.0,1.0
2670,2035-11-30 18:00:00,1.0,1.0,1.0
2671,2035-11-30 21:00:00,1.0,1.0,1.0
2672,2035-12-01 00:00:00,1.0,1.0,1.0
2673,2035-12-01 03:00:00,1.0,1.0,1.0
2674,2035-12-01 06:00:00,1.0,1.0,1.0
2675,2035-12-01 09:00:00,1.0,1.0,1.0
2676,2035-12-01 12:00:00,1.0,1.0,1.0
2677,2035-12-01 15:00:00,1.0,1.0,1.0
2678,2035-12-01 18:00:00,1.0,1.0,1.0
2679,2035-12-01 21:00:00,1.0,1.0,1.0
2680,2035-12-02 00:00:00,1.0,1.0,1.0
2681,2035-12-02 03:00:00,1.0,1.0,1.0
2682,2035-12-02 06:00:00,1.0,1.0,1.0
2683,2035-12-02 09:00:00,1.0,1.0,1.0
2684,2035-12-02 12:00:00,1.0,1.0,1.0
2685,2035-12-02 15:00:00,1.0,1.0,1.0
2686,2035-12-02 18:00:00,1.0,1.0,1.0
2687,2035-12-02 21:00:00,1.0,1.0,1.0
2688,2035-12-03 00:00:00,1.0,1.0,1.0
2689,2035-12-03 03:00:00,1.0,1.0,1.0
2690,2035-12-03 06:00:00,1.0,1.0,1.0
2691,2035-12-03 09:00:00,1.0,1.0,1.0
2692,2035-12-03 12:00:00,1.0,1.0,1.0
2693,2035-12-03 15:00:00,1.0,1.0,1.0
2694,2035-12-03 18:00:00,1.0,1.0,1.0
2695,2035-12-03 21:00:00,1.0,1.0,1.0
2696,2035-12-04 00:00:00,1.0,1.0,1.0
2697,2035-12-04 03:00:00,1.0,1.0,1.0
2698,2035-12-04 06:00:00,1.0,1.0,1.0
2699,2035-12-04 09:00:00,1.0,1.0,1.0
2700,2035-12-04 12:00:00,1.0,1.0,1.0
2701,2035-12-04 15:00:00,1.0,1.0,1.0
2702,2035-12-04 18:00:00,1.0,1.0,1.0
2703,2035-12-04 21:00:00,1.0,1.0,1.0
2704,2035-12-05 00:00:00,1.0,1.0,1.0
2705,2035-12-05 03:00:00,1.0,1.0,1.0
2706,2035-12-05 06:00:00,1.0,1.0,1.0
2707,2035-12-05 09:00:00,1.0,1.0,1.0
2708,2035-12-05 12:00:00,1.0,1.0,1.0
2709,2035-12-05 15:00:00,1.0,1.0,1.0
2710,2035-12-05 18:00:00,1.0,1.0,1.0
2711,2035-12-05 21:00:00,1.0,1.0,1.0
2712,2035-12-06 00:00:00,1.0,1.0,1.0
2713,2035-12-06 03:00:00,1.0,1.0,1.0
2714,2035-12-06 06:00:00,1.0,1.0,1.0
2715,2035-12-06 09:00:00,1.0,1.0,1.0
2716,2035-12-06 12:00:00,1.0,1.0,1.0
2717,2035-12-06 15:00:00,1.0,1.0,1.0
2718,2035-12-06 18:00:00,1.0,1.0,1.0
2719,2035-12-06 21:00:00,1.0,1.0,1.0
2720,2035-12-07 00:00:00,1.0,1.0,1.0
2721,2035-12-07 03:00:00,1.0,1.0,1.0
2722,2035-12-07 06:00:00,1.0,1.0,1.0
2723,2035-12-07 09:00:00,1.0,1.0,1.0
2724,2035-12-07 12:00:00,1.0,1.0,1.0
2725,2035-12-07 15:00:00,1.0,1.0,1.0
2726,2035-12-07 18:00:00,1.0,1.0,1.0
2727,2035-12-07 21:00:00,1.0,1.0,1.0
2728,2035-12-08 00:00:00,1.0,1.0,1.0
2729,2035-12-08 03:00:00,1.0,1.0,1.0
2730,2035-12-08 06:00:00,1.0,1.0,1.0
2731,2035-12-08 09:00:00,1.0,1.0,1.0
2732,2035-12-08 12:00:00,1.0,1.0,1.0
2733,2035-12-08 15:00:00,1.0,1.0,1.0
2734,2035-12-08 18:00:00,1.0,1.0,1.0
2735,2035-12-08 21:00:00,1.0,1.0,1.0
2736,2035-12-09 00:00:00,1.0,1.0,1.0
2737,2035-12-09 03:00:00,1.0,1.0,1.0
2738,2035-12-09 06:00:00,1.0,1.0,1.0
2739,2035-12-09 09:00:00,1.0,1.0,1.0
2740,2035-12-09 12:00:00,1.0,1.0,1.0
2741,2035-12-09 15:00:00,1.0,1.0,1.0
2742,2035-12-09 18:00:00,1.0,1.0,1.0
2743,2035-12-09 21:00:00,1.0,1.0,1.0
2744,2035-12-10 00:00:00,1.0,1.0,1.0
2745,2035-12-10 03:00:00,1.0,1.0,1.0
2746,2035-12-10 06:00:00,1.0,1.0,1.0
2747,2035-12-10 09:00:00,1.0,1.0,1.0
2748,2035-12-10 12:00:00,1.0,1.0,1.0
2749,2035-12-10 15:00:00,1.0,1.0,1.0
2750,2035-12-10 18:00:00,1.0,1.0,1.0
2751,2035-12-10 21:00:00,1.0,1.0,1.0
2752,2035-12-11 00:00:00,1.0,1.0,1.0
2753,2035-12-11 03:00:00,1.0,1.0,1.0
2754,2035-12-11 06:00:00,1.0,1.0,1.0
2755,2035-12-11 09:00:00,1.0,1.0,1.0
2756,2035-12-11 12:00:00,1.0,1.0,1.0
2757,2035-12-11 15:00:00,1.0,1.0,1.0
2758,2035-12-11 18:00:00,1.0,1.0,1.0
2759,2035-12-11 21:00:00,1.0,1.0,1.0
2760,2035-12-12 00:00:00,1.0,1.0,1.0
2761,2035-12-12 03:00:00,1.0,1.0,1.0
2762,2035-12-12 06:00:00,1.0,1.0,1.0
2763,2035-12-12 09:00:00,1.0,1.0,1.0
2764,2035-12-12 12:00:00,1.0,1.0,1.0
2765,2035-12-12 15:00:00,1.0,1.0,1.0
2766,2035-12-12 18:00:00,1.0,1.0,1.0
2767,2035-12-12 21:00:00,1.0,1.0,1.0
2768,2035-12-13 00:00:00,1.0,1.0,1.0
2769,2035-12-13 03:00:00,1.0,1.0,1.0
2770,2035-12-13 06:00:00,1.0,1.0,1.0
2771,2035-12-13 09:00:00,1.0,1.0,1.0
2772,2035-12-13 12:00:00,1.0,1.0,1.0
2773,2035-12-13 15:00:00,1.0,1.0,1.0
2774,2035-12-13 18:00:00,1.0,1.0,1.0
2775,2035-12-13 21:00:00,1.0,1.0,1.0
2776,2035-12-14 00:00:00,1.0,1.0,1.0
2777,2035-12-14 03:00:00,1.0,1.0,1.0
2778,2035-12-14 06:00:00,1.0,1.0,1.0
2779,2035-12-14 09:00:00,1.0,1.0,1.0
2780,2035-12-14 12:00:00,1.0,1.0,1.0
2781,2035-12-14 15:00:00,1.0,1.0,1.0
2782,2035-12-14 18:00:00,1.0,1.0,1.0
2783,2035-12-14 21:00:00,1.0,1.0,1.0
2784,2035-12-15 00:00:00,1.0,1.0,1.0
2785,2035-12-15 03:00:00,1.0,1.0,1.0
2786,2035-12-15 06:00:00,1.0,1.0,1.0
2787,2035-12-15 09:00:00,1.0,1.0,1.0
2788,2035-12-15 12:00:00,1.0,1.0,1.0
2789,2035-12-15 15:00:00,1.0,1.0,1.0
2790,2035-12-15 18:00:00,1.0,1.0,1.0
2791,2035-12-15 21:00:00,1.0,1.0,1.0
2792,2035-12-16 00:00:00,1.0,1.0,1.0
2793,2035-12-16 03:00:00,1.0,1.0,1.0
2794,2035-12-16 06:00:00,1.0,1.0,1.0
2795,2035-12-16 09:00:00,1.0,1.0,1.0
2796,2035-12-16 12:00:00,1.0,1.0,1.0
2797,2035-12-16 15:00:00,1.0,1.0,1.0
2798,2035-12-16 18:00:00,1.0,1.0,1.0
2799,2035-12-16 21:00:00,1.0,1.0,1.0
2800,2035-12-17 00:00:00,1.0,1.0,1.0
2801,2035-12-17 03:00:00,1.0,1.0,1.0
2802,2035-12-17 06:00:00,1.0,1.0,1.0
2803,2035-12-17 09:00:00,1.0,1.0,1.0
2804,2035-12-17 12:00:00,1.0,1.0,1.0
2805,2035-12-17 15:00:00,1.0,1.0,1.0
2806,2035-12-17 18:00:00,1.0,1.0,1.0
2807,2035-12-17 21:00:00,1.0,1.0,1.0
2808,2035-12-18 00:00:00,1.0,1.0,1.0
2809,2035-12-18 03:00:00,1.0,1.0,1.0
2810,2035-12-18 06:00:00,1.0,1.0,1.0
2811,2035-12-18 09:00:00,1.0,1.0,1.0
2812,2035-12-18 12:00:00,1.0,1.0,1.0
2813,2035-12-18 15:00:00,1.0,1.0,1.0
2814,2035-12-18 18:00:00,1.0,1.0,1.0
2815,2035-12-18 21:00:00,1.0,1.0,1.0
2816,2035-12-19 00:00:00,1.0,1.0,1.0
2817,2035-12-19 03:00:00,1.0,1.0,1.0
2818,2035-12-19 06:00:00,1.0,1.0,1.0
2819,2035-12-19 09:00:00,1.0,1.0,1.0
2820,2035-12-19 12:00:00,1.0,1.0,1.0
2821,2035-12-19 15:00:00,1.0,1.0,1.0
2822,2035-12-19 18:00:00,1.0,1.0,1.0
2823,2035-12-19 21:00:00,1.0,1.0,1.0
2824,2035-12-20 00:00:00,1.0,1.0,1.0
2825,2035-12-20 03:00:00,1.0,1.0,1.0
2826,2035-12-20 06:00:00,1.0,1.0,1.0
2827,2035-12-20 09:00:00,1.0,1.0,1.0
2828,2035-12-20 12:00:00,1.0,1.0,1.0
2829,2035-12-20 15:00:00,1.0,1.0,1.0
2830,2035-12-20 18:00:00,1.0,1.0,1.0
2831,2035-12-20 21:00:00,1.0,1.0,1.0
2832,2035-12-21 00:00:00,1.0,1.0,1.0
2833,2035-12-21 03:00:00,1.0,1.0,1.0
2834,2035-12-21 06:00:00,1.0,1.0,1.0
2835,2035-12-21 09:00:00,1.0,1.0,1.0
2836,2035-12-21 12:00:00,1.0,1.0,1.0
2837,2035-12-21 15:00:00,1.0,1.0,1.0
2838,2035-12-21 18:00:00,1.0,1.0,1.0
2839,2035-12-21 21:00:00,1.0,1.0,1.0
2840,2035-12-22 00:00:00,1.0,1.0,1.0
2841,2035-12-22 03:00:00,1.0,1.0,1.0
2842,2035-12-22 06:00:00,1.0,1.0,1.0
2843,2035-12-22 09:00:00,1.0,1.0,1.0
2844,2035-12-22 12:00:00,1.0,1.0,1.0
2845,2035-12-22 15:00:00,1.0,1.0,1.0
2846,2035-12-22 18:00:00,1.0,1.0,1.0
2847,2035-12-22 21:00:00,1.0,1.0,1.0
2848,2035-12-23 00:00:00,1.0,1.0,1.0
2849,2035-12-23 03:00:00,1.0,1.0,1.0
2850,2035-12-23 06:00:00,1.0,1.0,1.0
2851,2035-12-23 09:00:00,1.0,1.0,1.0
2852,2035-12-23 12:00:00,1.0,1.0,1.0
2853,2035-12-23 15:00:00,1.0,1.0,1.0
2854,2035-12-23 18:00:00,1.0,1.0,1.0
2855,2035-12-23 21:00:00,1.0,1.0,1.0
2856,2035-12-24 00:00:00,1.0,1.0,1.0
2857,2035-12-24 03:00:00,1.0,1.0,1.0
2858,2035-12-24 06:00:00,1.0,1.0,1.0
2859,2035-12-24 09:00:00,1.0,1.0,1.0
2860,2035-12-24 12:00:00,1.0,1.0,1.0
2861,2035-12-24 15:00:00,1.0,1.0,1.0
2862,2035-12-24 18:00:00,1.0,1.0,1.0
2863,2035-12-24 21:00:00,1.0,1.0,1.0
2864,2035-12-25 00:00:00,1.0,1.0,1.0
2865,2035-12-25 03:00:00,1.0,1.0,1.0
2866,2035-12-25 06:00:00,1.0,1.0,1.0
2867,2035-12-25 09:00:00,1.0,1.0,1.0
2868,2035-12-25 12:00:00,1.0,1.0,1.0
2869,2035-12-25 15:00:00,1.0,1.0,1.0
2870,2035-12-25 18:00:00,1.0,1.0,1.0
2871,2035-12-25 21:00:00,1.0,1.0,1.0
2872,2035-12-26 00:00:00,1.0,1.0,1.0
2873,2035-12-26 03:00:00,1.0,1.0,1.0
2874,2035-12-26 06:00:00,1.0,1.0,1.0
2875,2035-12-26 09:00:00,1.0,1.0,1.0
2876,2035-12-26 12:00:00,1.0,1.0,1.0
2877,2035-12-26 15:00:00,1.0,1.0,1.0
2878,2035-12-26 18:00:00,1.0,1.0,1.0
2879,2035-12-26 21:00:00,1.0,1.0,1.0
2880,2035-12-27 00:00:00,1.0,1.0,1.0
2881,2035-12-27 03:00:00,1.0,1.0,1.0
2882,2035-12-27 06:00:00,1.0,1.0,1.0
2883,2035-12-27 09:00:00,1.0,1.0,1.0
2884,2035-12-27 12:00:00,1.0,1.0,1.0
2885,2035-12-27 15:00:00,1.0,1.0,1.0
2886,2035-12-27 18:00:00,1.0,1.0,1.0
2887,2035-12-27 21:00:00,1.0,1.0,1.0
2888,2035-12-28 00:00:00,1.0,1.0,1.0
2889,2035-12-28 03:00:00,1.0,1.0,1.0
2890,2035-12-28 06:00:00,1.0,1.0,1.0
2891,2035-12-28 09:00:00,1.0,1.0,1.0
2892,2035-12-28 12:00:00,1.0,1.0,1.0
2893,2035-12-28 15:00:00,1.0,1.0,1.0
2894,2035-12-28 18:00:00,1.0,1.0,1.0
2895,2035-12-28 21:00:00,1.0,1.0,1.0
2896,2035-12-29 00:00:00,1.0,1.0,1.0
2897,2035-12-29 03:00:00,1.0,1.0,1.0
2898,2035-12-29 06:00:00,1.0,1.0,1.0
2899,2035-12-29 09:00:00,1.0,1.0,1.0
2900,2035-12-29 12:00:00,1.0,1.0,1.0
2901,2035-12-29 15:00:00,1.0,1.0,1.0
2902,2035-12-29 18:00:00,1.0,1.0,1.0
2903,2035-12-29 21:00:00,1.0,1.0,1.0
2904,2035-12-30 00:00:00,1.0,1.0,1.0
2905,2035-12-30 03:00:00,1.0,1.0,1.0
2906,2035-12-30 06:00:00,1.0,1.0,1.0
2907,2035-12-30 09:00:00,1.0,1.0,1.0
2908,2035-12-30 12:00:00,1.0,1.0,1.0
2909,2035-12-30 15:00:00,1.0,1.0,1.0
2910,2035-12-30 18:00:00,1.0,1.0,1.0
2911,2035-12-30 21:00:00,1.0,1.0,1.0
2912,2035-12-31 00:00:00,1.0,1.0,1.0
2913,2035-12-31 03:00:00,1.0,1.0,1.0
2914,2035-12-31 06:00:00,1.0,1.0,1.0
2915,2035-12-31 09:00:00,1.0,1.0,1.0
2916,2035-12-31 12:00:00,1.0,1.0,1.0
2917,2035-12-31 15:00:00,1.0,1.0,1.0
2918,2035-12-31 18:00:00,1.0,1.0,1.0
2919,2035-12-31 21:00:00,1.0,1.0,1.0
